match_id,date,tourney,category,round,surface,best_of,winner_id,winner_name,loser_id,loser_name,winner_rank,loser_rank,p_serve_winner,p_serve_loser,p_winner,correct,log_loss,brier,higher_rank_won,retired
2025-0336#386,2024-12-30,Hong Kong,250,F,Hard,3,124186,Alexandre Muller,105453,Kei Nishikori,67,106,0.5961,0.5676,0.6451,1.0,0.4383,0.1259,1.0,False
2025-0336#385,2024-12-30,Hong Kong,250,SF,Hard,3,105453,Kei Nishikori,209992,Juncheng Shang,106,50,0.5784,0.5755,0.5153,1.0,0.663,0.2349,0.0,True
2025-0336#384,2024-12-30,Hong Kong,250,SF,Hard,3,124186,Alexandre Muller,144719,Jaume Munar,67,62,0.5459,0.5772,0.3391,0.0,1.0814,0.4368,0.0,False
2025-0336#383,2024-12-30,Hong Kong,250,QF,Hard,3,209992,Juncheng Shang,206681,Fabian Marozsan,50,58,0.6128,0.6002,0.5645,1.0,0.5719,0.1897,1.0,False
2025-0336#382,2024-12-30,Hong Kong,250,QF,Hard,3,105453,Kei Nishikori,111815,Cameron Norrie,106,49,0.6041,0.6493,0.2836,0.0,1.2603,0.5133,0.0,False
2025-0336#381,2024-12-30,Hong Kong,250,QF,Hard,3,124186,Alexandre Muller,209950,Arthur Fils,67,20,0.5877,0.6122,0.3757,0.0,0.9789,0.3897,0.0,False
2025-0336#380,2024-12-30,Hong Kong,250,QF,Hard,3,144719,Jaume Munar,207518,Lorenzo Musetti,62,17,0.5617,0.5639,0.4884,0.0,0.7165,0.2617,0.0,False
2025-0336#379,2024-12-30,Hong Kong,250,R16,Hard,3,206681,Fabian Marozsan,126094,Andrey Rublev,58,8,0.6172,0.6731,0.2442,0.0,1.4097,0.5712,0.0,False
2025-0336#378,2024-12-30,Hong Kong,250,R16,Hard,3,209992,Juncheng Shang,124079,Pedro Martinez,50,43,0.5577,0.5569,0.5041,1.0,0.6849,0.2459,0.0,False
2025-0336#377,2024-12-30,Hong Kong,250,R16,Hard,3,105453,Kei Nishikori,111575,Karen Khachanov,106,19,0.5957,0.6692,0.1781,0.0,1.7253,0.6755,0.0,False
2025-0336#376,2024-12-30,Hong Kong,250,R16,Hard,3,111815,Cameron Norrie,132283,Lorenzo Sonego,49,53,0.6845,0.6316,0.7413,1.0,0.2993,0.0669,1.0,False
2025-0336#375,2024-12-30,Hong Kong,250,R16,Hard,3,124186,Alexandre Muller,200175,Miomir Kecmanovic,67,54,0.5884,0.57,0.5958,1.0,0.5178,0.1634,0.0,False
2025-0336#374,2024-12-30,Hong Kong,250,R16,Hard,3,209950,Arthur Fils,200267,Zizou Bergs,20,71,0.625,0.619,0.5308,1.0,0.6334,0.2202,1.0,False
2025-0336#373,2024-12-30,Hong Kong,250,R16,Hard,3,144719,Jaume Munar,132686,Nuno Borges,62,36,0.5839,0.5748,0.5476,1.0,0.6023,0.2047,0.0,False
2025-0336#372,2024-12-30,Hong Kong,250,R16,Hard,3,207518,Lorenzo Musetti,209113,Gabriel Diallo,17,87,0.5875,0.6027,0.4219,0.0,0.8629,0.3342,1.0,False
2025-0336#371,2024-12-30,Hong Kong,250,R32,Hard,3,206681,Fabian Marozsan,126128,Roman Safiullin,58,60,0.6056,0.6299,0.3785,0.0,0.9715,0.3862,1.0,False
2025-0336#370,2024-12-30,Hong Kong,250,R32,Hard,3,209992,Juncheng Shang,209409,Coleman Wong,50,170,0.633,0.632,0.505,1.0,0.6832,0.245,1.0,False
2025-0336#369,2024-12-30,Hong Kong,250,R32,Hard,3,124079,Pedro Martinez,208859,Francesco Passaro,43,108,0.6008,0.5902,0.5542,1.0,0.5902,0.1987,1.0,False
2025-0336#368,2024-12-30,Hong Kong,250,R32,Hard,3,105453,Kei Nishikori,133430,Denis Shapovalov,106,56,0.5947,0.6462,0.2565,0.0,1.3608,0.5529,0.0,False
2025-0336#367,2024-12-30,Hong Kong,250,R32,Hard,3,111815,Cameron Norrie,210530,Learner Tien,49,122,0.6032,0.5839,0.5993,1.0,0.512,0.1605,1.0,False
2025-0336#366,2024-12-30,Hong Kong,250,R32,Hard,3,132283,Lorenzo Sonego,206909,Brandon Nakashima,53,38,0.686,0.7304,0.3041,0.0,1.1904,0.4843,0.0,False
2025-0336#365,2024-12-30,Hong Kong,250,R32,Hard,3,200175,Miomir Kecmanovic,209260,Luciano Darderi,54,44,0.6176,0.5982,0.5982,1.0,0.5138,0.1614,0.0,False
2025-0336#364,2024-12-30,Hong Kong,250,R32,Hard,3,124186,Alexandre Muller,144817,Marc Andrea Huesler,67,159,0.663,0.6249,0.6822,1.0,0.3825,0.101,1.0,False
2025-0336#363,2024-12-30,Hong Kong,250,R32,Hard,3,200267,Zizou Bergs,208279,Alejandro Moro Canas,71,169,0.6661,0.5889,0.8347,1.0,0.1807,0.0273,1.0,False
2025-0336#362,2024-12-30,Hong Kong,250,R32,Hard,3,132686,Nuno Borges,207352,Bu Yunchaokete,36,65,0.6164,0.6317,0.4232,0.0,0.8599,0.3327,1.0,False
2025-0336#361,2024-12-30,Hong Kong,250,R32,Hard,3,144719,Jaume Munar,200221,Alejandro Davidovich Fokina,62,61,0.5789,0.5824,0.482,0.0,0.7298,0.2683,0.0,False
2025-0336#360,2024-12-30,Hong Kong,250,R32,Hard,3,209113,Gabriel Diallo,106148,Roberto Carballes Baena,87,57,0.5952,0.5716,0.6212,1.0,0.4762,0.1435,0.0,False
2025-0339#378,2024-12-30,Brisbane,250,F,Hard,3,208103,Jiri Lehecka,124187,Reilly Opelka,28,293,0.7285,0.6891,0.6752,1.0,0.3927,0.1055,1.0,True
2025-0339#377,2024-12-30,Brisbane,250,SF,Hard,3,124187,Reilly Opelka,208659,Giovanni Mpetshi Perricard,293,31,0.7195,0.7215,0.4912,0.0,0.7108,0.2588,0.0,False
2025-0339#376,2024-12-30,Brisbane,250,SF,Hard,3,208103,Jiri Lehecka,105777,Grigor Dimitrov,28,10,0.6164,0.6708,0.2496,0.0,1.388,0.5632,0.0,True
2025-0339#375,2024-12-30,Brisbane,250,QF,Hard,3,124187,Reilly Opelka,104925,Novak Djokovic,293,7,0.5352,0.7686,0.0022,0.0,6.1085,0.9956,0.0,False
2025-0339#374,2024-12-30,Brisbane,250,QF,Hard,3,208659,Giovanni Mpetshi Perricard,210150,Jakub Mensik,31,48,0.7295,0.7207,0.5396,1.0,0.617,0.212,1.0,False
2025-0339#373,2024-12-30,Brisbane,250,QF,Hard,3,208103,Jiri Lehecka,111797,Nicolas Jarry,28,35,0.6888,0.653,0.6672,1.0,0.4047,0.1108,1.0,False
2025-0339#372,2024-12-30,Brisbane,250,QF,Hard,3,105777,Grigor Dimitrov,111442,Jordan Thompson,10,26,0.6728,0.6274,0.7122,1.0,0.3393,0.0828,1.0,True
2025-0339#371,2024-12-30,Brisbane,250,R16,Hard,3,104925,Novak Djokovic,104792,Gael Monfils,7,55,0.7114,0.5683,0.9621,1.0,0.0386,0.0014,1.0,False
2025-0339#370,2024-12-30,Brisbane,250,R16,Hard,3,124187,Reilly Opelka,208286,Matteo Arnaldi,293,37,0.6914,0.7102,0.4132,0.0,0.8837,0.3443,0.0,False
2025-0339#369,2024-12-30,Brisbane,250,R16,Hard,3,208659,Giovanni Mpetshi Perricard,126207,Frances Tiafoe,31,18,0.6841,0.7388,0.2651,0.0,1.3277,0.5401,0.0,False
2025-0339#368,2024-12-30,Brisbane,250,R16,Hard,3,210150,Jakub Mensik,105583,Dusan Lajovic,48,81,0.6021,0.5963,0.5297,1.0,0.6355,0.2212,1.0,False
2025-0339#367,2024-12-30,Brisbane,250,R16,Hard,3,111797,Nicolas Jarry,126127,Benjamin Bonzi,35,75,0.6357,0.6843,0.2765,0.0,1.2857,0.5235,1.0,False
2025-0339#366,2024-12-30,Brisbane,250,R16,Hard,3,208103,Jiri Lehecka,106415,Yoshihito Nishioka,28,69,0.6542,0.6421,0.5594,1.0,0.5809,0.1941,1.0,False
2025-0339#365,2024-12-30,Brisbane,250,R16,Hard,3,111442,Jordan Thompson,210506,Alex Michelsen,26,41,0.6135,0.6395,0.371,0.0,0.9915,0.3956,1.0,False
2025-0339#364,2024-12-30,Brisbane,250,R16,Hard,3,105777,Grigor Dimitrov,126846,Aleksandar Vukic,10,68,0.7133,0.6194,0.8722,1.0,0.1367,0.0163,1.0,False
2025-0339#363,2024-12-30,Brisbane,250,R32,Hard,3,104925,Novak Djokovic,208014,Rinky Hijikata,7,73,0.6774,0.5237,0.9757,1.0,0.0246,0.0006,1.0,False
2025-0339#362,2024-12-30,Brisbane,250,R32,Hard,3,104792,Gael Monfils,210460,Nishesh Basavareddy,55,138,0.6452,0.6418,0.5169,1.0,0.6599,0.2334,1.0,False
2025-0339#361,2024-12-30,Brisbane,250,R32,Hard,3,124187,Reilly Opelka,144870,Federico Agustin Gomez,293,137,0.7097,0.6463,0.776,1.0,0.2537,0.0502,0.0,False
2025-0339#360,2024-12-30,Brisbane,250,R32,Hard,3,208286,Matteo Arnaldi,200615,Alexei Popyrin,37,24,0.6382,0.6478,0.4521,0.0,0.7939,0.3002,0.0,False
2025-0339#359,2024-12-30,Brisbane,250,R32,Hard,3,126207,Frances Tiafoe,200443,Adam Walton,18,93,0.6827,0.6261,0.7566,1.0,0.2789,0.0592,1.0,False
2025-0339#358,2024-12-30,Brisbane,250,R32,Hard,3,208659,Giovanni Mpetshi Perricard,106401,Nick Kyrgios,31,,0.6778,0.7078,0.3621,0.0,1.016,0.407,1.0,False
2025-0339#357,2024-12-30,Brisbane,250,R32,Hard,3,210150,Jakub Mensik,105062,Mikhail Kukushkin,48,113,0.6246,0.5847,0.6965,1.0,0.3617,0.0921,1.0,False
2025-0339#356,2024-12-30,Brisbane,250,R32,Hard,3,105583,Dusan Lajovic,209070,Arthur Cazaux,81,63,0.6217,0.6212,0.5023,1.0,0.6885,0.2477,0.0,False
2025-0339#355,2024-12-30,Brisbane,250,R32,Hard,3,126127,Benjamin Bonzi,126214,Alejandro Tabilo,75,23,0.6464,0.6528,0.4684,0.0,0.7584,0.2826,0.0,False
2025-0339#354,2024-12-30,Brisbane,250,R32,Hard,3,111797,Nicolas Jarry,208363,Mariano Navone,35,47,0.5977,0.6363,0.3112,0.0,1.1673,0.4744,1.0,False
2025-0339#353,2024-12-30,Brisbane,250,R32,Hard,3,106415,Yoshihito Nishioka,126239,Arthur Rinderknech,69,59,0.6829,0.667,0.5755,1.0,0.5524,0.1802,0.0,False
2025-0339#352,2024-12-30,Brisbane,250,R32,Hard,3,208103,Jiri Lehecka,208029,Holger Rune,28,13,0.641,0.6623,0.3965,0.0,0.9251,0.3642,0.0,False
2025-0339#351,2024-12-30,Brisbane,250,R32,Hard,3,111442,Jordan Thompson,126610,Matteo Berrettini,26,34,0.6545,0.7081,0.2616,0.0,1.3408,0.5452,1.0,False
2025-0339#350,2024-12-30,Brisbane,250,R32,Hard,3,210506,Alex Michelsen,106331,Christopher Oconnell,41,64,0.6557,0.6141,0.6991,1.0,0.3579,0.0905,1.0,False
2025-0339#349,2024-12-30,Brisbane,250,R32,Hard,3,126846,Aleksandar Vukic,105676,David Goffin,68,52,0.6096,0.6355,0.371,0.0,0.9916,0.3957,0.0,False
2025-0339#348,2024-12-30,Brisbane,250,R32,Hard,3,105777,Grigor Dimitrov,105870,Yannick Hanfmann,10,96,0.7292,0.6059,0.9318,1.0,0.0707,0.0047,1.0,False
2025-0301#386,2025-01-06,Auckland,250,F,Hard,3,104792,Gael Monfils,200267,Zizou Bergs,52,66,0.6435,0.6513,0.4615,0.0,0.7732,0.29,1.0,False
2025-0301#385,2025-01-06,Auckland,250,SF,Hard,3,200267,Zizou Bergs,132686,Nuno Borges,66,36,0.6228,0.6144,0.5424,1.0,0.6118,0.2094,0.0,False
2025-0301#384,2025-01-06,Auckland,250,SF,Hard,3,104792,Gael Monfils,210460,Nishesh Basavareddy,52,133,0.6608,0.633,0.6346,1.0,0.4547,0.1335,1.0,False
2025-0301#383,2025-01-06,Auckland,250,QF,Hard,3,132686,Nuno Borges,210150,Jakub Mensik,36,49,0.627,0.6247,0.5114,1.0,0.6706,0.2388,1.0,False
2025-0301#382,2025-01-06,Auckland,250,QF,Hard,3,200267,Zizou Bergs,106148,Roberto Carballes Baena,66,59,0.6138,0.5953,0.5943,1.0,0.5204,0.1646,0.0,False
2025-0301#381,2025-01-06,Auckland,250,QF,Hard,3,104792,Gael Monfils,207680,Facundo Diaz Acosta,52,78,0.6383,0.6287,0.548,1.0,0.6014,0.2043,1.0,False
2025-0301#380,2025-01-06,Auckland,250,QF,Hard,3,210460,Nishesh Basavareddy,210506,Alex Michelsen,133,41,0.5778,0.6188,0.2976,0.0,1.2121,0.4934,0.0,False
2025-0301#379,2025-01-06,Auckland,250,R16,Hard,3,210150,Jakub Mensik,210097,Ben Shelton,49,21,0.6432,0.6847,0.3069,0.0,1.1813,0.4804,0.0,False
2025-0301#378,2025-01-06,Auckland,250,R16,Hard,3,132686,Nuno Borges,208363,Mariano Navone,36,46,0.5716,0.5687,0.5151,1.0,0.6634,0.2351,1.0,False
2025-0301#377,2025-01-06,Auckland,250,R16,Hard,3,106148,Roberto Carballes Baena,202103,Francisco Cerundolo,59,31,0.5712,0.5955,0.3754,0.0,0.9798,0.3901,0.0,False
2025-0301#376,2025-01-06,Auckland,250,R16,Hard,3,200267,Zizou Bergs,208134,Luca Nardi,66,90,0.6619,0.5398,0.9419,1.0,0.0599,0.0034,1.0,False
2025-0301#375,2025-01-06,Auckland,250,R16,Hard,3,104792,Gael Monfils,105526,Jan Lennard Struff,52,42,0.606,0.6423,0.3226,0.0,1.1313,0.4588,0.0,False
2025-0301#374,2025-01-06,Auckland,250,R16,Hard,3,207680,Facundo Diaz Acosta,202104,Sebastian Baez,78,28,0.5542,0.544,0.5541,1.0,0.5905,0.1989,0.0,False
2025-0301#373,2025-01-06,Auckland,250,R16,Hard,3,210506,Alex Michelsen,132283,Lorenzo Sonego,41,54,0.6635,0.6204,0.7042,1.0,0.3508,0.0875,1.0,False
2025-0301#372,2025-01-06,Auckland,250,R16,Hard,3,210460,Nishesh Basavareddy,126214,Alejandro Tabilo,133,23,0.6333,0.6664,0.3415,0.0,1.0745,0.4337,0.0,False
2025-0301#371,2025-01-06,Auckland,250,R32,Hard,3,210150,Jakub Mensik,105807,Pablo Carreno Busta,49,184,0.6166,0.6342,0.4116,0.0,0.8876,0.3462,1.0,False
2025-0301#370,2025-01-06,Auckland,250,R32,Hard,3,208363,Mariano Navone,105173,Adrian Mannarino,46,73,0.6016,0.5691,0.6646,1.0,0.4086,0.1125,1.0,False
2025-0301#369,2025-01-06,Auckland,250,R32,Hard,3,132686,Nuno Borges,209260,Luciano Darderi,36,44,0.6146,0.6017,0.566,1.0,0.5691,0.1883,1.0,False
2025-0301#368,2025-01-06,Auckland,250,R32,Hard,3,106148,Roberto Carballes Baena,127157,Daniel Altmaier,59,93,0.6092,0.5855,0.6205,1.0,0.4772,0.144,1.0,False
2025-0301#367,2025-01-06,Auckland,250,R32,Hard,3,200267,Zizou Bergs,208653,Isaac Becroft,66,980,0.6386,0.6188,0.5985,1.0,0.5133,0.1612,1.0,False
2025-0301#366,2025-01-06,Auckland,250,R32,Hard,3,208134,Luca Nardi,207925,Flavio Cobolli,90,32,0.5542,0.6367,0.1425,0.0,1.9481,0.7352,0.0,True
2025-0301#365,2025-01-06,Auckland,250,R32,Hard,3,105526,Jan Lennard Struff,207352,Bu Yunchaokete,42,65,0.6445,0.6733,0.3623,0.0,1.0152,0.4066,1.0,False
2025-0301#364,2025-01-06,Auckland,250,R32,Hard,3,104792,Gael Monfils,124079,Pedro Martinez,52,43,0.6661,0.595,0.8142,1.0,0.2055,0.0345,0.0,False
2025-0301#363,2025-01-06,Auckland,250,R32,Hard,3,207680,Facundo Diaz Acosta,111815,Cameron Norrie,78,48,0.5929,0.5976,0.4755,0.0,0.7433,0.2751,0.0,False
2025-0301#362,2025-01-06,Auckland,250,R32,Hard,3,210506,Alex Michelsen,111576,Sumit Nagal,41,96,0.6182,0.5382,0.8528,1.0,0.1592,0.0217,1.0,False
2025-0301#361,2025-01-06,Auckland,250,R32,Hard,3,132283,Lorenzo Sonego,209113,Gabriel Diallo,54,87,0.6163,0.6562,0.3091,0.0,1.1741,0.4773,1.0,False
2025-0301#360,2025-01-06,Auckland,250,R32,Hard,3,210460,Nishesh Basavareddy,207681,Francisco Comesana,133,85,0.6212,0.6216,0.4981,0.0,0.6969,0.2519,0.0,False
2025-8998#377,2025-01-06,Adelaide,250,F,Hard,3,200000,Felix Auger Aliassime,200624,Sebastian Korda,29,22,0.6567,0.6283,0.6379,1.0,0.4495,0.1311,0.0,False
2025-8998#376,2025-01-06,Adelaide,250,SF,Hard,3,200000,Felix Auger Aliassime,126205,Tommy Paul,29,12,0.6024,0.6272,0.376,0.0,0.9781,0.3893,0.0,False
2025-8998#375,2025-01-06,Adelaide,250,SF,Hard,3,200624,Sebastian Korda,200175,Miomir Kecmanovic,22,55,0.6455,0.6126,0.661,1.0,0.4141,0.1149,1.0,False
2025-8998#374,2025-01-06,Adelaide,250,QF,Hard,3,126205,Tommy Paul,208014,Rinky Hijikata,12,79,0.6584,0.5292,0.9525,1.0,0.0486,0.0023,1.0,False
2025-8998#373,2025-01-06,Adelaide,250,QF,Hard,3,200000,Felix Auger Aliassime,106218,Marcos Giron,29,45,0.6571,0.6039,0.7484,1.0,0.2899,0.0633,1.0,False
2025-8998#372,2025-01-06,Adelaide,250,QF,Hard,3,200175,Miomir Kecmanovic,126127,Benjamin Bonzi,55,70,0.629,0.6402,0.4443,0.0,0.8113,0.3088,1.0,False
2025-8998#370,2025-01-06,Adelaide,250,R16,Hard,3,126205,Tommy Paul,131905,Manuel Guinard,12,261,0.6823,0.5618,0.9361,1.0,0.066,0.0041,1.0,False
2025-8998#369,2025-01-06,Adelaide,250,R16,Hard,3,208014,Rinky Hijikata,206909,Brandon Nakashima,79,37,0.6101,0.7074,0.1173,0.0,2.143,0.7792,0.0,False
2025-8998#368,2025-01-06,Adelaide,250,R16,Hard,3,200000,Felix Auger Aliassime,209070,Arthur Cazaux,29,80,0.6784,0.6136,0.7891,1.0,0.2369,0.0445,1.0,False
2025-8998#367,2025-01-06,Adelaide,250,R16,Hard,3,106218,Marcos Giron,133430,Denis Shapovalov,45,58,0.6195,0.6349,0.4233,0.0,0.8597,0.3326,1.0,False
2025-8998#366,2025-01-06,Adelaide,250,R16,Hard,3,200175,Miomir Kecmanovic,106331,Christopher Oconnell,55,64,0.6516,0.6321,0.5962,1.0,0.5172,0.1631,1.0,False
2025-8998#365,2025-01-06,Adelaide,250,R16,Hard,3,126127,Benjamin Bonzi,111454,Li Tu,70,179,0.6894,0.5496,0.9615,1.0,0.0392,0.0015,1.0,False
2025-8998#364,2025-01-06,Adelaide,250,R16,Hard,3,106423,Thanasi Kokkinakis,144869,Tomas Martin Etcheverry,77,39,0.6363,0.68,0.2965,0.0,1.2156,0.4949,0.0,False
2025-8998#363,2025-01-06,Adelaide,250,R16,Hard,3,200624,Sebastian Korda,200221,Alejandro Davidovich Fokina,22,68,0.6422,0.6068,0.673,1.0,0.3961,0.1069,1.0,False
2025-8998#362,2025-01-06,Adelaide,250,R32,Hard,3,131905,Manuel Guinard,126128,Roman Safiullin,261,62,0.6121,0.6449,0.3397,0.0,1.0796,0.436,0.0,False
2025-8998#361,2025-01-06,Adelaide,250,R32,Hard,3,208014,Rinky Hijikata,105676,David Goffin,79,53,0.5596,0.6003,0.2972,0.0,1.2135,0.494,0.0,False
2025-8998#360,2025-01-06,Adelaide,250,R32,Hard,3,206909,Brandon Nakashima,105870,Yannick Hanfmann,37,98,0.6681,0.6557,0.5602,1.0,0.5794,0.1934,1.0,False
2025-8998#359,2025-01-06,Adelaide,250,R32,Hard,3,209070,Arthur Cazaux,200443,Adam Walton,80,91,0.6627,0.6585,0.5205,1.0,0.653,0.2299,1.0,False
2025-8998#358,2025-01-06,Adelaide,250,R32,Hard,3,106218,Marcos Giron,126846,Aleksandar Vukic,45,67,0.6794,0.6426,0.6735,1.0,0.3952,0.1066,1.0,False
2025-8998#357,2025-01-06,Adelaide,250,R32,Hard,3,133430,Denis Shapovalov,111190,Zhizhen Zhang,58,47,0.668,0.6357,0.6548,1.0,0.4234,0.1192,0.0,False
2025-8998#356,2025-01-06,Adelaide,250,R32,Hard,3,200175,Miomir Kecmanovic,122330,Alexander Bublik,55,33,0.6403,0.6507,0.4489,0.0,0.8009,0.3037,0.0,False
2025-8998#355,2025-01-06,Adelaide,250,R32,Hard,3,106331,Christopher Oconnell,126239,Arthur Rinderknech,64,60,0.67,0.6797,0.4533,0.0,0.7912,0.2989,0.0,False
2025-8998#354,2025-01-06,Adelaide,250,R32,Hard,3,111454,Li Tu,105902,James Duckworth,179,94,0.6223,0.7062,0.154,0.0,1.8705,0.7156,0.0,False
2025-8998#353,2025-01-06,Adelaide,250,R32,Hard,3,144869,Tomas Martin Etcheverry,209262,Tristan Schoolkate,39,173,0.6512,0.6233,0.6362,1.0,0.4522,0.1323,1.0,False
2025-8998#352,2025-01-06,Adelaide,250,R32,Hard,3,106423,Thanasi Kokkinakis,106415,Yoshihito Nishioka,77,63,0.6659,0.6635,0.5118,1.0,0.6698,0.2383,0.0,False
2025-8998#351,2025-01-06,Adelaide,250,R32,Hard,3,200221,Alejandro Davidovich Fokina,105138,Roberto Bautista Agut,68,51,0.5958,0.599,0.4835,0.0,0.7267,0.2668,0.0,False
2025-580#100,2025-01-13,Australian Open,G,R128,Hard,5,206173,Jannik Sinner,111797,Nicolas Jarry,1,36,0.7671,0.5336,0.9998,1.0,0.0002,0.0,1.0,False
2025-580#101,2025-01-13,Australian Open,G,R128,Hard,5,209262,Tristan Schoolkate,106121,Taro Daniel,173,113,0.6667,0.5903,0.8863,1.0,0.1207,0.0129,0.0,False
2025-580#102,2025-01-13,Australian Open,G,R128,Hard,5,106218,Marcos Giron,105870,Yannick Hanfmann,46,95,0.6461,0.6074,0.7301,1.0,0.3145,0.0728,1.0,False
2025-580#103,2025-01-13,Australian Open,G,R128,Hard,5,144869,Tomas Martin Etcheverry,207925,Flavio Cobolli,38,32,0.6373,0.6111,0.6612,1.0,0.4137,0.1148,0.0,False
2025-580#104,2025-01-13,Australian Open,G,R128,Hard,5,128034,Hubert Hurkacz,134868,Tallon Griekspoor,17,40,0.7229,0.6554,0.8419,1.0,0.1721,0.025,1.0,False
2025-580#105,2025-01-13,Australian Open,G,R128,Hard,5,200175,Miomir Kecmanovic,105583,Dusan Lajovic,51,80,0.6037,0.5967,0.545,1.0,0.6071,0.2071,1.0,False
2025-580#106,2025-01-13,Australian Open,G,R128,Hard,5,126610,Matteo Berrettini,111815,Cameron Norrie,34,52,0.678,0.6494,0.6692,1.0,0.4017,0.1094,1.0,False
2025-580#107,2025-01-13,Australian Open,G,R128,Hard,5,208029,Holger Rune,111190,Zhizhen Zhang,13,49,0.6744,0.6479,0.6577,1.0,0.419,0.1172,1.0,False
2025-580#108,2025-01-13,Australian Open,G,R128,Hard,5,210506,Alex Michelsen,126774,Stefanos Tsitsipas,42,12,0.6273,0.6353,0.4496,0.0,0.7995,0.303,0.0,False
2025-580#109,2025-01-13,Australian Open,G,R128,Hard,5,210317,James Mccabe,212021,Martin Landaluce,258,142,0.6205,0.5979,0.642,1.0,0.4432,0.1282,0.0,False
2025-580#110,2025-01-13,Australian Open,G,R128,Hard,5,209113,Gabriel Diallo,208134,Luca Nardi,86,83,0.6484,0.5296,0.9731,1.0,0.0272,0.0007,0.0,False
2025-580#111,2025-01-13,Australian Open,G,R128,Hard,5,111575,Karen Khachanov,105173,Adrian Mannarino,19,75,0.688,0.5911,0.935,1.0,0.0672,0.0042,1.0,False
2025-580#112,2025-01-13,Australian Open,G,R128,Hard,5,202103,Francisco Cerundolo,122330,Alexander Bublik,31,37,0.6484,0.6352,0.5818,1.0,0.5416,0.1749,1.0,False
2025-580#113,2025-01-13,Australian Open,G,R128,Hard,5,207680,Facundo Diaz Acosta,200267,Zizou Bergs,73,60,0.5916,0.5931,0.4901,0.0,0.7131,0.26,0.0,False
2025-580#114,2025-01-13,Australian Open,G,R128,Hard,5,207729,Tristan Boyer,105948,Federico Coria,136,96,0.6015,0.5681,0.7078,1.0,0.3457,0.0854,0.0,False
2025-580#115,2025-01-13,Australian Open,G,R128,Hard,5,200282,Alex De Minaur,122298,Botic Van De Zandschulp,8,84,0.6504,0.551,0.9458,1.0,0.0558,0.0029,1.0,False
2025-580#116,2025-01-13,Australian Open,G,R128,Hard,5,126203,Taylor Fritz,202385,Jenson Brooksby,4,,0.6974,0.6386,0.8141,1.0,0.2056,0.0345,1.0,False
2025-580#117,2025-01-13,Australian Open,G,R128,Hard,5,106426,Cristian Garin,106432,Borna Coric,150,87,0.6174,0.6141,0.5206,1.0,0.6527,0.2298,0.0,False
2025-580#118,2025-01-13,Australian Open,G,R128,Hard,5,127157,Daniel Altmaier,207681,Francisco Comesana,101,85,0.6305,0.6088,0.6354,1.0,0.4535,0.1329,0.0,False
2025-580#119,2025-01-13,Australian Open,G,R128,Hard,5,104792,Gael Monfils,208659,Giovanni Mpetshi Perricard,41,30,0.7113,0.6525,0.8108,1.0,0.2097,0.0358,0.0,False
2025-580#120,2025-01-13,Australian Open,G,R128,Hard,5,210097,Ben Shelton,206909,Brandon Nakashima,20,35,0.6802,0.6855,0.4684,0.0,0.7585,0.2826,1.0,False
2025-580#121,2025-01-13,Australian Open,G,R128,Hard,5,105807,Pablo Carreno Busta,111794,Kamil Majchrzak,182,122,0.5854,0.6272,0.2503,0.0,1.3849,0.562,0.0,False
2025-580#122,2025-01-13,Australian Open,G,R128,Hard,5,133430,Denis Shapovalov,105138,Roberto Bautista Agut,56,53,0.6398,0.6243,0.5966,1.0,0.5165,0.1627,0.0,False
2025-580#123,2025-01-13,Australian Open,G,R128,Hard,5,207518,Lorenzo Musetti,208286,Matteo Arnaldi,15,39,0.5719,0.5877,0.3972,0.0,0.9234,0.3634,1.0,False
2025-580#124,2025-01-13,Australian Open,G,R128,Hard,5,211663,Joao Fonseca,126094,Andrey Rublev,112,9,0.6231,0.6519,0.3255,0.0,1.1223,0.4549,0.0,False
2025-580#125,2025-01-13,Australian Open,G,R128,Hard,5,132283,Lorenzo Sonego,104527,Stan Wawrinka,55,156,0.6834,0.6932,0.442,0.0,0.8165,0.3114,1.0,False
2025-580#126,2025-01-13,Australian Open,G,R128,Hard,5,206681,Fabian Marozsan,205734,Thiago Seyboth Wild,59,79,0.6102,0.6061,0.5263,1.0,0.6419,0.2244,1.0,False
2025-580#127,2025-01-13,Australian Open,G,R128,Hard,5,126207,Frances Tiafoe,126239,Arthur Rinderknech,16,61,0.6916,0.6527,0.7223,1.0,0.3253,0.0771,1.0,False
2025-580#128,2025-01-13,Australian Open,G,R128,Hard,5,144895,Corentin Moutet,200615,Alexei Popyrin,69,24,0.6352,0.636,0.4946,0.0,0.704,0.2554,0.0,False
2025-580#129,2025-01-13,Australian Open,G,R128,Hard,5,106283,Mitchell Krueger,208014,Rinky Hijikata,146,72,0.6399,0.5756,0.8496,1.0,0.1629,0.0226,0.0,False
2025-580#130,2025-01-13,Australian Open,G,R128,Hard,5,210530,Learner Tien,200116,Camilo Ugo Carabelli,121,94,0.5763,0.5311,0.7742,1.0,0.2559,0.051,0.0,False
2025-580#131,2025-01-13,Australian Open,G,R128,Hard,5,106421,Daniil Medvedev,208937,Kasidit Samrej,5,418,0.6406,0.5772,0.8458,1.0,0.1675,0.0238,1.0,False
2025-580#132,2025-01-13,Australian Open,G,R128,Hard,5,104925,Novak Djokovic,210460,Nishesh Basavareddy,7,107,0.679,0.562,0.9683,1.0,0.0323,0.001,1.0,False
2025-580#133,2025-01-13,Australian Open,G,R128,Hard,5,210262,Jaime Faria,200303,Pavel Kotov,125,97,0.6262,0.6198,0.5408,1.0,0.6146,0.2108,0.0,False
2025-580#134,2025-01-13,Australian Open,G,R128,Hard,5,124187,Reilly Opelka,206904,Gauthier Onclin,170,239,0.707,0.7251,0.3966,0.0,0.9248,0.3641,1.0,False
2025-580#135,2025-01-13,Australian Open,G,R128,Hard,5,207830,Tomas Machac,111576,Sumit Nagal,25,91,0.6067,0.5215,0.9205,1.0,0.0829,0.0063,1.0,False
2025-580#136,2025-01-13,Australian Open,G,R128,Hard,5,208103,Jiri Lehecka,111454,Li Tu,29,168,0.7014,0.5736,0.9769,1.0,0.0234,0.0005,1.0,False
2025-580#137,2025-01-13,Australian Open,G,R128,Hard,5,200384,Hugo Gaston,117357,Omar Jasika,81,179,0.5954,0.5915,0.5258,1.0,0.6428,0.2249,1.0,False
2025-580#138,2025-01-13,Australian Open,G,R128,Hard,5,126127,Benjamin Bonzi,105676,David Goffin,64,54,0.6258,0.5983,0.6705,1.0,0.3997,0.1085,0.0,False
2025-580#139,2025-01-13,Australian Open,G,R128,Hard,5,208859,Francesco Passaro,105777,Grigor Dimitrov,104,10,0.5989,0.7061,0.0492,0.0,3.0113,0.904,0.0,True
2025-580#140,2025-01-13,Australian Open,G,R128,Hard,5,207733,Jack Draper,208363,Mariano Navone,18,47,0.623,0.5909,0.6978,1.0,0.3598,0.0913,1.0,False
2025-580#141,2025-01-13,Australian Open,G,R128,Hard,5,106423,Thanasi Kokkinakis,126128,Roman Safiullin,71,63,0.6425,0.6664,0.3561,0.0,1.0324,0.4145,0.0,False
2025-580#142,2025-01-13,Australian Open,G,R128,Hard,5,126846,Aleksandar Vukic,106000,Damir Dzumhur,68,82,0.6302,0.6287,0.5095,1.0,0.6744,0.2406,1.0,False
2025-580#143,2025-01-13,Australian Open,G,R128,Hard,5,200624,Sebastian Korda,127760,Lukas Klein,22,144,0.6731,0.6375,0.7085,1.0,0.3446,0.085,1.0,False
2025-580#144,2025-01-13,Australian Open,G,R128,Hard,5,111442,Jordan Thompson,136440,Dominik Koepfer,27,124,0.6639,0.6049,0.8232,1.0,0.1945,0.0313,1.0,False
2025-580#145,2025-01-13,Australian Open,G,R128,Hard,5,132686,Nuno Borges,124186,Alexandre Muller,33,58,0.5967,0.5838,0.5833,1.0,0.5391,0.1736,1.0,False
2025-580#146,2025-01-13,Australian Open,G,R128,Hard,5,106415,Yoshihito Nishioka,144826,Aziz Dougaz,65,231,0.5665,0.592,0.3377,0.0,1.0857,0.4387,1.0,False
2025-580#147,2025-01-13,Australian Open,G,R128,Hard,5,207989,Carlos Alcaraz,207686,Alexander Shevchenko,3,77,0.6664,0.5373,0.981,1.0,0.0191,0.0004,1.0,False
2025-580#148,2025-01-13,Australian Open,G,R128,Hard,5,134770,Casper Ruud,144719,Jaume Munar,6,62,0.5978,0.5825,0.5987,1.0,0.513,0.1611,1.0,False
2025-580#149,2025-01-13,Australian Open,G,R128,Hard,5,210150,Jakub Mensik,105932,Nikoloz Basilashvili,48,206,0.6271,0.6406,0.4162,0.0,0.8766,0.3408,1.0,False
2025-580#150,2025-01-13,Australian Open,G,R128,Hard,5,200221,Alejandro Davidovich Fokina,209992,Juncheng Shang,66,50,0.6042,0.6049,0.4959,0.0,0.7014,0.2541,0.0,True
2025-580#151,2025-01-13,Australian Open,G,R128,Hard,5,200000,Felix Auger Aliassime,105526,Jan Lennard Struff,23,43,0.6328,0.6142,0.6162,1.0,0.4842,0.1473,1.0,False
2025-580#152,2025-01-13,Australian Open,G,R128,Hard,5,106148,Roberto Carballes Baena,126214,Alejandro Tabilo,57,26,0.6324,0.6323,0.5004,1.0,0.6923,0.2496,0.0,False
2025-580#153,2025-01-13,Australian Open,G,R128,Hard,5,105902,James Duckworth,208502,Dominic Stricker,89,304,0.6466,0.6824,0.2922,0.0,1.2303,0.501,1.0,False
2025-580#154,2025-01-13,Australian Open,G,R128,Hard,5,105453,Kei Nishikori,106329,Thiago Monteiro,76,105,0.6742,0.6495,0.6473,1.0,0.4349,0.1244,1.0,False
2025-580#155,2025-01-13,Australian Open,G,R128,Hard,5,126205,Tommy Paul,106331,Christopher Oconnell,11,70,0.7155,0.556,0.9935,1.0,0.0065,0.0,1.0,False
2025-580#156,2025-01-13,Australian Open,G,R128,Hard,5,200005,Ugo Humbert,209263,Matteo Gigante,14,145,0.6436,0.552,0.931,1.0,0.0715,0.0048,1.0,False
2025-580#157,2025-01-13,Australian Open,G,R128,Hard,5,200273,Hady Habib,207352,Bu Yunchaokete,219,67,0.6192,0.6715,0.2082,0.0,1.569,0.6269,0.0,False
2025-580#158,2025-01-13,Australian Open,G,R128,Hard,5,111460,Quentin Halys,200443,Adam Walton,74,90,0.7054,0.6874,0.6047,1.0,0.503,0.1562,1.0,False
2025-580#159,2025-01-13,Australian Open,G,R128,Hard,5,209950,Arthur Fils,202261,Otto Virtanen,21,93,0.6715,0.6306,0.7371,1.0,0.305,0.0691,1.0,False
2025-580#160,2025-01-13,Australian Open,G,R128,Hard,5,209070,Arthur Cazaux,202104,Sebastian Baez,78,28,0.609,0.6177,0.4446,0.0,0.8105,0.3084,0.0,False
2025-580#161,2025-01-13,Australian Open,G,R128,Hard,5,207985,Jacob Fearnley,106401,Nick Kyrgios,92,,0.6604,0.7008,0.2723,0.0,1.3008,0.5295,1.0,False
2025-580#162,2025-01-13,Australian Open,G,R128,Hard,5,124079,Pedro Martinez,209260,Luciano Darderi,44,45,0.575,0.5783,0.4783,0.0,0.7376,0.2722,1.0,True
2025-580#163,2025-01-13,Australian Open,G,R128,Hard,5,100644,Alexander Zverev,106298,Lucas Pouille,2,103,0.6865,0.5934,0.9269,1.0,0.0759,0.0053,1.0,False
2025-580#164,2025-01-13,Australian Open,G,R64,Hard,5,206173,Jannik Sinner,209262,Tristan Schoolkate,1,173,0.7462,0.5578,0.998,1.0,0.002,0.0,1.0,False
2025-580#165,2025-01-13,Australian Open,G,R64,Hard,5,106218,Marcos Giron,144869,Tomas Martin Etcheverry,46,38,0.6334,0.6435,0.4374,0.0,0.8269,0.3165,0.0,False
2025-580#166,2025-01-13,Australian Open,G,R64,Hard,5,200175,Miomir Kecmanovic,128034,Hubert Hurkacz,51,17,0.6996,0.7026,0.4824,0.0,0.7289,0.2679,0.0,False
2025-580#167,2025-01-13,Australian Open,G,R64,Hard,5,208029,Holger Rune,126610,Matteo Berrettini,13,34,0.663,0.6852,0.3685,0.0,0.9983,0.3988,1.0,False
2025-580#168,2025-01-13,Australian Open,G,R64,Hard,5,210506,Alex Michelsen,210317,James Mccabe,42,258,0.6506,0.5763,0.8828,1.0,0.1246,0.0137,1.0,False
2025-580#169,2025-01-13,Australian Open,G,R64,Hard,5,111575,Karen Khachanov,209113,Gabriel Diallo,19,86,0.6617,0.6155,0.7653,1.0,0.2675,0.0551,1.0,False
2025-580#170,2025-01-13,Australian Open,G,R64,Hard,5,202103,Francisco Cerundolo,207680,Facundo Diaz Acosta,31,73,0.5653,0.565,0.5017,1.0,0.6898,0.2483,1.0,True
2025-580#171,2025-01-13,Australian Open,G,R64,Hard,5,200282,Alex De Minaur,207729,Tristan Boyer,8,136,0.6435,0.5415,0.9511,1.0,0.0501,0.0024,1.0,False
2025-580#172,2025-01-13,Australian Open,G,R64,Hard,5,126203,Taylor Fritz,106426,Cristian Garin,4,150,0.6869,0.6129,0.8741,1.0,0.1346,0.0159,1.0,False
2025-580#173,2025-01-13,Australian Open,G,R64,Hard,5,104792,Gael Monfils,127157,Daniel Altmaier,41,101,0.678,0.6204,0.814,1.0,0.2058,0.0346,1.0,False
2025-580#174,2025-01-13,Australian Open,G,R64,Hard,5,210097,Ben Shelton,105807,Pablo Carreno Busta,20,182,0.66,0.658,0.5123,1.0,0.6689,0.2379,1.0,False
2025-580#175,2025-01-13,Australian Open,G,R64,Hard,5,207518,Lorenzo Musetti,133430,Denis Shapovalov,15,56,0.6016,0.6191,0.3896,0.0,0.9425,0.3725,1.0,False
2025-580#176,2025-01-13,Australian Open,G,R64,Hard,5,132283,Lorenzo Sonego,211663,Joao Fonseca,55,112,0.6221,0.6645,0.2541,0.0,1.3701,0.5564,1.0,False
2025-580#177,2025-01-13,Australian Open,G,R64,Hard,5,206681,Fabian Marozsan,126207,Frances Tiafoe,59,16,0.6207,0.6382,0.3908,0.0,0.9396,0.3711,0.0,False
2025-580#178,2025-01-13,Australian Open,G,R64,Hard,5,144895,Corentin Moutet,106283,Mitchell Krueger,69,146,0.5962,0.6056,0.4391,0.0,0.8231,0.3146,1.0,False
2025-580#179,2025-01-13,Australian Open,G,R64,Hard,5,210530,Learner Tien,106421,Daniil Medvedev,121,5,0.5582,0.6257,0.1359,0.0,1.9956,0.7466,0.0,False
2025-580#180,2025-01-13,Australian Open,G,R64,Hard,5,104925,Novak Djokovic,210262,Jaime Faria,7,125,0.6991,0.529,0.9965,1.0,0.0035,0.0,1.0,False
2025-580#181,2025-01-13,Australian Open,G,R64,Hard,5,207830,Tomas Machac,124187,Reilly Opelka,25,170,0.7465,0.6832,0.8194,1.0,0.1992,0.0326,1.0,False
2025-580#182,2025-01-13,Australian Open,G,R64,Hard,5,208103,Jiri Lehecka,200384,Hugo Gaston,29,81,0.666,0.6155,0.7851,1.0,0.2419,0.0462,1.0,True
2025-580#183,2025-01-13,Australian Open,G,R64,Hard,5,126127,Benjamin Bonzi,208859,Francesco Passaro,64,104,0.6874,0.6212,0.8462,1.0,0.167,0.0236,1.0,False
2025-580#184,2025-01-13,Australian Open,G,R64,Hard,5,207733,Jack Draper,106423,Thanasi Kokkinakis,18,71,0.7152,0.6178,0.9307,1.0,0.0718,0.0048,1.0,False
2025-580#185,2025-01-13,Australian Open,G,R64,Hard,5,126846,Aleksandar Vukic,200624,Sebastian Korda,68,22,0.6282,0.6967,0.1475,0.0,1.9139,0.7267,0.0,False
2025-580#186,2025-01-13,Australian Open,G,R64,Hard,5,132686,Nuno Borges,111442,Jordan Thompson,33,27,0.633,0.6253,0.5482,1.0,0.601,0.2041,0.0,False
2025-580#187,2025-01-13,Australian Open,G,R64,Hard,5,207989,Carlos Alcaraz,106415,Yoshihito Nishioka,3,65,0.6548,0.5122,0.9898,1.0,0.0102,0.0001,1.0,False
2025-580#188,2025-01-13,Australian Open,G,R64,Hard,5,210150,Jakub Mensik,134770,Casper Ruud,48,6,0.6068,0.6577,0.2112,0.0,1.5552,0.6223,0.0,False
2025-580#189,2025-01-13,Australian Open,G,R64,Hard,5,200221,Alejandro Davidovich Fokina,200000,Felix Auger Aliassime,66,23,0.5999,0.6551,0.1914,0.0,1.6533,0.6538,0.0,False
2025-580#190,2025-01-13,Australian Open,G,R64,Hard,5,106148,Roberto Carballes Baena,105902,James Duckworth,57,89,0.6782,0.6151,0.8364,1.0,0.1787,0.0268,1.0,False
2025-580#191,2025-01-13,Australian Open,G,R64,Hard,5,126205,Tommy Paul,105453,Kei Nishikori,11,76,0.6801,0.5501,0.9807,1.0,0.0195,0.0004,1.0,False
2025-580#192,2025-01-13,Australian Open,G,R64,Hard,5,200005,Ugo Humbert,200273,Hady Habib,14,219,0.6837,0.5858,0.9378,1.0,0.0643,0.0039,1.0,False
2025-580#193,2025-01-13,Australian Open,G,R64,Hard,5,209950,Arthur Fils,111460,Quentin Halys,21,74,0.6951,0.6687,0.6536,1.0,0.4253,0.12,1.0,False
2025-580#194,2025-01-13,Australian Open,G,R64,Hard,5,207985,Jacob Fearnley,209070,Arthur Cazaux,92,78,0.6468,0.653,0.4613,0.0,0.7738,0.2902,0.0,False
2025-580#195,2025-01-13,Australian Open,G,R64,Hard,5,100644,Alexander Zverev,124079,Pedro Martinez,2,44,0.682,0.5812,0.9436,1.0,0.0581,0.0032,1.0,False
2025-580#196,2025-01-13,Australian Open,G,R32,Hard,5,206173,Jannik Sinner,106218,Marcos Giron,1,46,0.7289,0.5629,0.9948,1.0,0.0053,0.0,1.0,False
2025-580#197,2025-01-13,Australian Open,G,R32,Hard,5,208029,Holger Rune,200175,Miomir Kecmanovic,13,51,0.6332,0.6224,0.5679,1.0,0.5658,0.1867,1.0,False
2025-580#198,2025-01-13,Australian Open,G,R32,Hard,5,210506,Alex Michelsen,111575,Karen Khachanov,42,19,0.6184,0.6283,0.4371,0.0,0.8275,0.3168,0.0,False
2025-580#199,2025-01-13,Australian Open,G,R32,Hard,5,200282,Alex De Minaur,202103,Francisco Cerundolo,8,31,0.5925,0.5492,0.7626,1.0,0.2711,0.0564,1.0,False
2025-580#200,2025-01-13,Australian Open,G,R32,Hard,5,104792,Gael Monfils,126203,Taylor Fritz,41,4,0.5977,0.6948,0.066,0.0,2.7176,0.8723,0.0,False
2025-580#201,2025-01-13,Australian Open,G,R32,Hard,5,210097,Ben Shelton,207518,Lorenzo Musetti,20,15,0.6552,0.6739,0.3873,0.0,0.9485,0.3754,0.0,False
2025-580#202,2025-01-13,Australian Open,G,R32,Hard,5,132283,Lorenzo Sonego,206681,Fabian Marozsan,55,59,0.628,0.6527,0.3493,0.0,1.0519,0.4234,1.0,False
2025-580#203,2025-01-13,Australian Open,G,R32,Hard,5,210530,Learner Tien,144895,Corentin Moutet,121,69,0.5521,0.5367,0.6013,1.0,0.5087,0.159,0.0,False
2025-580#204,2025-01-13,Australian Open,G,R32,Hard,5,104925,Novak Djokovic,207830,Tomas Machac,7,25,0.6743,0.5887,0.9111,1.0,0.0931,0.0079,1.0,False
2025-580#205,2025-01-13,Australian Open,G,R32,Hard,5,208103,Jiri Lehecka,126127,Benjamin Bonzi,29,64,0.6481,0.6731,0.3508,0.0,1.0476,0.4215,1.0,False
2025-580#206,2025-01-13,Australian Open,G,R32,Hard,5,207733,Jack Draper,126846,Aleksandar Vukic,18,68,0.7044,0.6012,0.944,1.0,0.0577,0.0031,1.0,False
2025-580#207,2025-01-13,Australian Open,G,R32,Hard,5,207989,Carlos Alcaraz,132686,Nuno Borges,3,33,0.6438,0.5415,0.9516,1.0,0.0496,0.0023,1.0,False
2025-580#208,2025-01-13,Australian Open,G,R32,Hard,5,200221,Alejandro Davidovich Fokina,210150,Jakub Mensik,66,48,0.6184,0.6273,0.4433,0.0,0.8136,0.3099,0.0,False
2025-580#209,2025-01-13,Australian Open,G,R32,Hard,5,126205,Tommy Paul,106148,Roberto Carballes Baena,11,57,0.658,0.5557,0.9499,1.0,0.0514,0.0025,1.0,False
2025-580#210,2025-01-13,Australian Open,G,R32,Hard,5,200005,Ugo Humbert,209950,Arthur Fils,14,21,0.6467,0.6248,0.6348,1.0,0.4545,0.1334,1.0,True
2025-580#211,2025-01-13,Australian Open,G,R32,Hard,5,100644,Alexander Zverev,207985,Jacob Fearnley,2,92,0.7105,0.5893,0.9692,1.0,0.0313,0.0009,1.0,False
2025-580#212,2025-01-13,Australian Open,G,R16,Hard,5,206173,Jannik Sinner,208029,Holger Rune,1,13,0.7,0.5754,0.9741,1.0,0.0263,0.0007,1.0,False
2025-580#213,2025-01-13,Australian Open,G,R16,Hard,5,200282,Alex De Minaur,210506,Alex Michelsen,8,42,0.6084,0.5331,0.8929,1.0,0.1133,0.0115,1.0,False
2025-580#214,2025-01-13,Australian Open,G,R16,Hard,5,210097,Ben Shelton,104792,Gael Monfils,20,41,0.6513,0.6694,0.3908,0.0,0.9395,0.3711,1.0,True
2025-580#215,2025-01-13,Australian Open,G,R16,Hard,5,132283,Lorenzo Sonego,210530,Learner Tien,55,121,0.6131,0.6251,0.4237,0.0,0.8588,0.3322,1.0,False
2025-580#216,2025-01-13,Australian Open,G,R16,Hard,5,104925,Novak Djokovic,208103,Jiri Lehecka,7,29,0.6913,0.5533,0.9854,1.0,0.0147,0.0002,1.0,False
2025-580#217,2025-01-13,Australian Open,G,R16,Hard,5,207989,Carlos Alcaraz,207733,Jack Draper,3,18,0.6604,0.5904,0.8662,1.0,0.1436,0.0179,1.0,True
2025-580#218,2025-01-13,Australian Open,G,R16,Hard,5,126205,Tommy Paul,200221,Alejandro Davidovich Fokina,11,66,0.6457,0.5641,0.9055,1.0,0.0992,0.0089,1.0,False
2025-580#219,2025-01-13,Australian Open,G,R16,Hard,5,100644,Alexander Zverev,200005,Ugo Humbert,2,14,0.6878,0.6318,0.8047,1.0,0.2172,0.0381,1.0,False
2025-580#220,2025-01-13,Australian Open,G,QF,Hard,5,206173,Jannik Sinner,200282,Alex De Minaur,1,8,0.5952,0.605,0.4369,0.0,0.8281,0.3171,1.0,False
2025-580#221,2025-01-13,Australian Open,G,QF,Hard,5,210097,Ben Shelton,132283,Lorenzo Sonego,20,55,0.6913,0.679,0.5727,1.0,0.5573,0.1825,1.0,False
2025-580#222,2025-01-13,Australian Open,G,QF,Hard,5,104925,Novak Djokovic,207989,Carlos Alcaraz,7,3,0.6082,0.6384,0.3155,0.0,1.1536,0.4685,0.0,False
2025-580#223,2025-01-13,Australian Open,G,QF,Hard,5,100644,Alexander Zverev,126205,Tommy Paul,2,11,0.6176,0.6311,0.4154,0.0,0.8786,0.3418,1.0,False
2025-580#224,2025-01-13,Australian Open,G,SF,Hard,5,206173,Jannik Sinner,210097,Ben Shelton,1,20,0.7244,0.5489,0.9968,1.0,0.0032,0.0,1.0,False
2025-580#225,2025-01-13,Australian Open,G,SF,Hard,5,100644,Alexander Zverev,104925,Novak Djokovic,2,7,0.6159,0.6866,0.1371,0.0,1.987,0.7446,1.0,True
2025-580#226,2025-01-13,Australian Open,G,F,Hard,5,206173,Jannik Sinner,100644,Alexander Zverev,1,2,0.6783,0.5836,0.932,1.0,0.0704,0.0046,1.0,False
2025-0375#385,2025-01-27,Montpellier,250,F,Hard,3,200000,Felix Auger Aliassime,206499,Aleksandar Kovacevic,23,102,0.6881,0.5993,0.8647,1.0,0.1454,0.0183,1.0,False
2025-0375#384,2025-01-27,Montpellier,250,SF,Hard,3,206499,Aleksandar Kovacevic,126094,Andrey Rublev,102,10,0.5976,0.7061,0.0912,0.0,2.3945,0.8259,0.0,False
2025-0375#383,2025-01-27,Montpellier,250,SF,Hard,3,200000,Felix Auger Aliassime,207411,Jesper De Jong,23,131,0.6784,0.5907,0.864,1.0,0.1461,0.0185,1.0,False
2025-0375#382,2025-01-27,Montpellier,250,QF,Hard,3,126094,Andrey Rublev,105932,Nikoloz Basilashvili,10,178,0.6861,0.5831,0.9013,1.0,0.1039,0.0097,1.0,True
2025-0375#381,2025-01-27,Montpellier,250,QF,Hard,3,206499,Aleksandar Kovacevic,122330,Alexander Bublik,102,39,0.6562,0.6041,0.7439,1.0,0.2958,0.0656,0.0,False
2025-0375#380,2025-01-27,Montpellier,250,QF,Hard,3,207411,Jesper De Jong,134868,Tallon Griekspoor,131,46,0.6321,0.6823,0.2691,0.0,1.3127,0.5342,0.0,False
2025-0375#379,2025-01-27,Montpellier,250,QF,Hard,3,200000,Felix Auger Aliassime,207352,Bu Yunchaokete,23,71,0.6731,0.6213,0.7395,1.0,0.3018,0.0679,1.0,False
2025-0375#378,2025-01-27,Montpellier,250,R16,Hard,3,126094,Andrey Rublev,111153,Christopher Eubanks,10,111,0.7219,0.6109,0.9104,1.0,0.0939,0.008,1.0,False
2025-0375#377,2025-01-27,Montpellier,250,R16,Hard,3,105932,Nikoloz Basilashvili,126239,Arthur Rinderknech,178,61,0.6183,0.6816,0.2174,0.0,1.526,0.6125,0.0,False
2025-0375#376,2025-01-27,Montpellier,250,R16,Hard,3,122330,Alexander Bublik,136440,Dominik Koepfer,39,118,0.6448,0.6337,0.5551,1.0,0.5886,0.198,1.0,False
2025-0375#375,2025-01-27,Montpellier,250,R16,Hard,3,206499,Aleksandar Kovacevic,208233,Mattia Bellucci,102,98,0.6596,0.6886,0.3636,0.0,1.0118,0.405,0.0,False
2025-0375#374,2025-01-27,Montpellier,250,R16,Hard,3,134868,Tallon Griekspoor,104755,Richard Gasquet,46,132,0.6785,0.6567,0.6039,1.0,0.5044,0.1569,1.0,False
2025-0375#373,2025-01-27,Montpellier,250,R16,Hard,3,207411,Jesper De Jong,207925,Flavio Cobolli,131,34,0.6036,0.6418,0.314,0.0,1.1582,0.4705,0.0,False
2025-0375#372,2025-01-27,Montpellier,250,R16,Hard,3,207352,Bu Yunchaokete,106005,Constant Lestienne,71,177,0.6496,0.574,0.8331,1.0,0.1826,0.0279,1.0,False
2025-0375#371,2025-01-27,Montpellier,250,R16,Hard,3,200000,Felix Auger Aliassime,209070,Arthur Cazaux,23,101,0.6859,0.6113,0.8217,1.0,0.1964,0.0318,1.0,False
2025-0375#370,2025-01-27,Montpellier,250,R32,Hard,3,111153,Christopher Eubanks,208230,Alibek Kachmazov,111,199,0.6112,0.728,0.0796,0.0,2.5304,0.8471,1.0,False
2025-0375#369,2025-01-27,Montpellier,250,R32,Hard,3,105932,Nikoloz Basilashvili,105062,Mikhail Kukushkin,178,112,0.6243,0.6212,0.5153,1.0,0.663,0.2349,0.0,True
2025-0375#368,2025-01-27,Montpellier,250,R32,Hard,3,126239,Arthur Rinderknech,208004,Harold Mayot,61,130,0.6941,0.6386,0.7493,1.0,0.2886,0.0628,1.0,False
2025-0375#367,2025-01-27,Montpellier,250,R32,Hard,3,136440,Dominik Koepfer,106296,Gregoire Barrere,118,144,0.6008,0.6135,0.4353,0.0,0.8317,0.3189,1.0,False
2025-0375#366,2025-01-27,Montpellier,250,R32,Hard,3,208233,Mattia Bellucci,106298,Lucas Pouille,98,104,0.644,0.6243,0.5977,1.0,0.5147,0.1619,1.0,False
2025-0375#365,2025-01-27,Montpellier,250,R32,Hard,3,206499,Aleksandar Kovacevic,105676,David Goffin,102,56,0.6199,0.632,0.4394,0.0,0.8224,0.3143,0.0,False
2025-0375#364,2025-01-27,Montpellier,250,R32,Hard,3,134868,Tallon Griekspoor,122298,Botic Van De Zandschulp,46,84,0.6591,0.619,0.6919,1.0,0.3683,0.0949,1.0,False
2025-0375#363,2025-01-27,Montpellier,250,R32,Hard,3,104755,Richard Gasquet,105173,Adrian Mannarino,132,108,0.6517,0.6427,0.5448,1.0,0.6074,0.2072,0.0,False
2025-0375#362,2025-01-27,Montpellier,250,R32,Hard,3,207411,Jesper De Jong,111460,Quentin Halys,131,74,0.6487,0.7041,0.2534,0.0,1.373,0.5575,0.0,True
2025-0375#361,2025-01-27,Montpellier,250,R32,Hard,3,207352,Bu Yunchaokete,127157,Daniel Altmaier,71,91,0.6424,0.6487,0.4691,0.0,0.757,0.2819,1.0,False
2025-0375#360,2025-01-27,Montpellier,250,R32,Hard,3,106005,Constant Lestienne,106432,Borna Coric,177,103,0.5815,0.6364,0.2406,0.0,1.4245,0.5767,0.0,False
2025-0375#359,2025-01-27,Montpellier,250,R32,Hard,3,209070,Arthur Cazaux,104527,Stan Wawrinka,101,154,0.6454,0.6572,0.4419,0.0,0.8167,0.3115,1.0,False
2025-0407#385,2025-02-03,Rotterdam,500,F,Hard,3,207989,Carlos Alcaraz,200282,Alex De Minaur,3,8,0.5753,0.5906,0.4207,0.0,0.8658,0.3356,1.0,False
2025-0407#384,2025-02-03,Rotterdam,500,SF,Hard,3,207989,Carlos Alcaraz,128034,Hubert Hurkacz,3,21,0.7498,0.5484,0.9932,1.0,0.0068,0.0,1.0,False
2025-0407#383,2025-02-03,Rotterdam,500,SF,Hard,3,200282,Alex De Minaur,208233,Mattia Bellucci,8,92,0.6922,0.5436,0.9701,1.0,0.0303,0.0009,1.0,False
2025-0407#382,2025-02-03,Rotterdam,500,QF,Hard,3,207989,Carlos Alcaraz,124079,Pedro Martinez,3,44,0.6182,0.5381,0.8528,1.0,0.1592,0.0217,1.0,False
2025-0407#381,2025-02-03,Rotterdam,500,QF,Hard,3,128034,Hubert Hurkacz,126094,Andrey Rublev,21,10,0.6599,0.6749,0.428,0.0,0.8487,0.3272,0.0,False
2025-0407#380,2025-02-03,Rotterdam,500,QF,Hard,3,200282,Alex De Minaur,127157,Daniel Altmaier,8,93,0.6694,0.524,0.9695,1.0,0.031,0.0009,1.0,False
2025-0407#379,2025-02-03,Rotterdam,500,QF,Hard,3,208233,Mattia Bellucci,126774,Stefanos Tsitsipas,92,12,0.6299,0.6812,0.2645,0.0,1.3298,0.5409,0.0,False
2025-0407#378,2025-02-03,Rotterdam,500,R16,Hard,3,207989,Carlos Alcaraz,131934,Andrea Vavassori,3,317,0.6799,0.5306,0.972,1.0,0.0284,0.0008,1.0,False
2025-0407#377,2025-02-03,Rotterdam,500,R16,Hard,3,124079,Pedro Martinez,208029,Holger Rune,44,14,0.5831,0.6,0.4128,0.0,0.8848,0.3448,0.0,False
2025-0407#376,2025-02-03,Rotterdam,500,R16,Hard,3,126094,Andrey Rublev,206681,Fabian Marozsan,10,57,0.666,0.6222,0.7069,1.0,0.3469,0.0859,1.0,False
2025-0407#375,2025-02-03,Rotterdam,500,R16,Hard,3,128034,Hubert Hurkacz,208103,Jiri Lehecka,21,24,0.693,0.6706,0.6049,1.0,0.5026,0.1561,1.0,True
2025-0407#374,2025-02-03,Rotterdam,500,R16,Hard,3,127157,Daniel Altmaier,209950,Arthur Fils,93,19,0.5982,0.6487,0.2612,0.0,1.3426,0.5459,0.0,False
2025-0407#373,2025-02-03,Rotterdam,500,R16,Hard,3,200282,Alex De Minaur,210150,Jakub Mensik,8,47,0.6922,0.5801,0.9191,1.0,0.0843,0.0065,1.0,False
2025-0407#372,2025-02-03,Rotterdam,500,R16,Hard,3,126774,Stefanos Tsitsipas,134868,Tallon Griekspoor,12,43,0.6808,0.6401,0.6901,1.0,0.3708,0.096,1.0,False
2025-0407#371,2025-02-03,Rotterdam,500,R16,Hard,3,208233,Mattia Bellucci,106421,Daniil Medvedev,92,7,0.5689,0.6507,0.1474,0.0,1.9148,0.727,0.0,False
2025-0407#370,2025-02-03,Rotterdam,500,R32,Hard,3,207989,Carlos Alcaraz,122298,Botic Van De Zandschulp,3,84,0.6547,0.5436,0.9241,1.0,0.0789,0.0058,1.0,False
2025-0407#369,2025-02-03,Rotterdam,500,R32,Hard,3,131934,Andrea Vavassori,200000,Felix Auger Aliassime,317,23,0.6038,0.66,0.2399,0.0,1.4275,0.5777,0.0,True
2025-0407#368,2025-02-03,Rotterdam,500,R32,Hard,3,124079,Pedro Martinez,105138,Roberto Bautista Agut,44,52,0.57,0.6021,0.3375,0.0,1.0861,0.4389,1.0,False
2025-0407#367,2025-02-03,Rotterdam,500,R32,Hard,3,208029,Holger Rune,132283,Lorenzo Sonego,14,34,0.6613,0.6546,0.5325,1.0,0.6301,0.2185,1.0,False
2025-0407#366,2025-02-03,Rotterdam,500,R32,Hard,3,126094,Andrey Rublev,111190,Zhizhen Zhang,10,50,0.6888,0.6546,0.66,1.0,0.4155,0.1156,1.0,False
2025-0407#365,2025-02-03,Rotterdam,500,R32,Hard,3,206681,Fabian Marozsan,105526,Jan Lennard Struff,57,45,0.6314,0.6702,0.3164,0.0,1.1508,0.4673,0.0,False
2025-0407#364,2025-02-03,Rotterdam,500,R32,Hard,3,208103,Jiri Lehecka,200615,Alexei Popyrin,24,26,0.6767,0.6468,0.6421,1.0,0.443,0.1281,1.0,False
2025-0407#363,2025-02-03,Rotterdam,500,R32,Hard,3,128034,Hubert Hurkacz,207925,Flavio Cobolli,21,35,0.7008,0.6389,0.7725,1.0,0.2581,0.0517,1.0,False
2025-0407#362,2025-02-03,Rotterdam,500,R32,Hard,3,209950,Arthur Fils,106005,Constant Lestienne,19,169,0.6249,0.5532,0.8245,1.0,0.193,0.0308,1.0,False
2025-0407#361,2025-02-03,Rotterdam,500,R32,Hard,3,127157,Daniel Altmaier,206499,Aleksandar Kovacevic,93,75,0.6633,0.662,0.5063,1.0,0.6806,0.2437,0.0,False
2025-0407#360,2025-02-03,Rotterdam,500,R32,Hard,3,210150,Jakub Mensik,122330,Alexander Bublik,47,49,0.6849,0.6596,0.6201,1.0,0.4778,0.1443,1.0,False
2025-0407#359,2025-02-03,Rotterdam,500,R32,Hard,3,200282,Alex De Minaur,105676,David Goffin,8,56,0.6427,0.5368,0.9154,1.0,0.0884,0.0072,1.0,False
2025-0407#358,2025-02-03,Rotterdam,500,R32,Hard,3,126774,Stefanos Tsitsipas,208004,Harold Mayot,12,138,0.6808,0.616,0.7884,1.0,0.2377,0.0448,1.0,False
2025-0407#357,2025-02-03,Rotterdam,500,R32,Hard,3,134868,Tallon Griekspoor,126610,Matteo Berrettini,43,33,0.6334,0.7252,0.1367,0.0,1.9897,0.7452,0.0,False
2025-0407#356,2025-02-03,Rotterdam,500,R32,Hard,3,208233,Mattia Bellucci,212219,Mees Rottgering,92,839,0.6542,0.6848,0.3558,0.0,1.0333,0.415,1.0,False
2025-0407#355,2025-02-03,Rotterdam,500,R32,Hard,3,106421,Daniil Medvedev,104527,Stan Wawrinka,7,155,0.6726,0.5614,0.9213,1.0,0.082,0.0062,1.0,False
2025-0424#385,2025-02-03,Dallas,500,F,Hard,3,133430,Denis Shapovalov,134770,Casper Ruud,54,5,0.6057,0.6292,0.3827,0.0,0.9605,0.381,0.0,False
2025-0424#384,2025-02-03,Dallas,500,SF,Hard,3,133430,Denis Shapovalov,126205,Tommy Paul,54,9,0.5848,0.6312,0.2755,0.0,1.2893,0.525,0.0,False
2025-0424#383,2025-02-03,Dallas,500,SF,Hard,3,134770,Casper Ruud,144719,Jaume Munar,5,64,0.5934,0.5782,0.5787,1.0,0.547,0.1775,1.0,False
2025-0424#382,2025-02-03,Dallas,500,QF,Hard,3,133430,Denis Shapovalov,207830,Tomas Machac,54,25,0.6831,0.628,0.7507,1.0,0.2867,0.0621,0.0,False
2025-0424#381,2025-02-03,Dallas,500,QF,Hard,3,126205,Tommy Paul,124187,Reilly Opelka,9,145,0.767,0.5888,0.9831,1.0,0.0171,0.0003,1.0,False
2025-0424#380,2025-02-03,Dallas,500,QF,Hard,3,144719,Jaume Munar,208286,Matteo Arnaldi,64,39,0.5935,0.5828,0.5554,1.0,0.588,0.1976,0.0,False
2025-0424#379,2025-02-03,Dallas,500,QF,Hard,3,134770,Casper Ruud,106415,Yoshihito Nishioka,5,67,0.6465,0.5955,0.7416,1.0,0.2989,0.0668,1.0,True
2025-0424#378,2025-02-03,Dallas,500,R16,Hard,3,133430,Denis Shapovalov,126203,Taylor Fritz,54,4,0.5818,0.6598,0.1612,0.0,1.8253,0.7036,0.0,False
2025-0424#377,2025-02-03,Dallas,500,R16,Hard,3,207830,Tomas Machac,208014,Rinky Hijikata,25,73,0.6132,0.5655,0.7327,1.0,0.311,0.0714,1.0,False
2025-0424#376,2025-02-03,Dallas,500,R16,Hard,3,126205,Tommy Paul,210319,Ethan Quinn,9,199,0.6533,0.542,0.9246,1.0,0.0784,0.0057,1.0,False
2025-0424#375,2025-02-03,Dallas,500,R16,Hard,3,124187,Reilly Opelka,111815,Cameron Norrie,145,63,0.6879,0.7126,0.3865,0.0,0.9507,0.3764,0.0,False
2025-0424#374,2025-02-03,Dallas,500,R16,Hard,3,208286,Matteo Arnaldi,200221,Alejandro Davidovich Fokina,39,59,0.5984,0.5984,0.5,0.0,0.6932,0.25,1.0,False
2025-0424#373,2025-02-03,Dallas,500,R16,Hard,3,144719,Jaume Munar,210097,Ben Shelton,64,13,0.6249,0.6209,0.5199,1.0,0.654,0.2305,0.0,False
2025-0424#372,2025-02-03,Dallas,500,R16,Hard,3,106415,Yoshihito Nishioka,126207,Frances Tiafoe,67,18,0.6338,0.6648,0.3508,0.0,1.0475,0.4214,0.0,False
2025-0424#371,2025-02-03,Dallas,500,R16,Hard,3,134770,Casper Ruud,111581,Michael Mmoh,5,422,0.6444,0.6127,0.6553,1.0,0.4226,0.1188,1.0,False
2025-0424#370,2025-02-03,Dallas,500,R32,Hard,3,126203,Taylor Fritz,126239,Arthur Rinderknech,4,60,0.7576,0.6188,0.9492,1.0,0.0521,0.0026,1.0,False
2025-0424#369,2025-02-03,Dallas,500,R32,Hard,3,133430,Denis Shapovalov,200175,Miomir Kecmanovic,54,55,0.6524,0.622,0.6484,1.0,0.4332,0.1236,1.0,False
2025-0424#368,2025-02-03,Dallas,500,R32,Hard,3,208014,Rinky Hijikata,105173,Adrian Mannarino,73,107,0.5968,0.5934,0.5177,1.0,0.6584,0.2326,1.0,False
2025-0424#367,2025-02-03,Dallas,500,R32,Hard,3,207830,Tomas Machac,105453,Kei Nishikori,25,71,0.6183,0.5916,0.6344,1.0,0.4551,0.1337,1.0,False
2025-0424#366,2025-02-03,Dallas,500,R32,Hard,3,126205,Tommy Paul,202385,Jenson Brooksby,9,1093,0.6758,0.5236,0.9747,1.0,0.0256,0.0006,1.0,False
2025-0424#365,2025-02-03,Dallas,500,R32,Hard,3,210319,Ethan Quinn,212216,Trevor Svajda,199,669,0.5954,0.6254,0.3505,0.0,1.0484,0.4219,1.0,False
2025-0424#364,2025-02-03,Dallas,500,R32,Hard,3,124187,Reilly Opelka,207686,Alexander Shevchenko,145,82,0.7364,0.7221,0.5638,1.0,0.5731,0.1903,0.0,False
2025-0424#363,2025-02-03,Dallas,500,R32,Hard,3,111815,Cameron Norrie,210506,Alex Michelsen,63,36,0.5946,0.6119,0.4114,0.0,0.8883,0.3465,0.0,False
2025-0424#362,2025-02-03,Dallas,500,R32,Hard,3,208286,Matteo Arnaldi,111153,Christopher Eubanks,39,104,0.6703,0.6292,0.6939,1.0,0.3654,0.0937,1.0,False
2025-0424#361,2025-02-03,Dallas,500,R32,Hard,3,200221,Alejandro Davidovich Fokina,200587,Brandon Holt,59,179,0.6437,0.5648,0.8452,1.0,0.1682,0.024,1.0,False
2025-0424#360,2025-02-03,Dallas,500,R32,Hard,3,144719,Jaume Munar,207352,Bu Yunchaokete,64,68,0.6197,0.585,0.6731,1.0,0.3959,0.1069,1.0,False
2025-0424#359,2025-02-03,Dallas,500,R32,Hard,3,210097,Ben Shelton,126846,Aleksandar Vukic,13,66,0.692,0.6762,0.5745,1.0,0.5542,0.181,1.0,False
2025-0424#358,2025-02-03,Dallas,500,R32,Hard,3,126207,Frances Tiafoe,106121,Taro Daniel,18,117,0.6924,0.5881,0.9027,1.0,0.1024,0.0095,1.0,False
2025-0424#357,2025-02-03,Dallas,500,R32,Hard,3,106415,Yoshihito Nishioka,206909,Brandon Nakashima,67,42,0.6804,0.6915,0.448,0.0,0.8029,0.3047,0.0,False
2025-0424#356,2025-02-03,Dallas,500,R32,Hard,3,111581,Michael Mmoh,106148,Roberto Carballes Baena,422,51,0.6117,0.608,0.5188,1.0,0.6563,0.2316,0.0,False
2025-0424#355,2025-02-03,Dallas,500,R32,Hard,3,134770,Casper Ruud,105902,James Duckworth,5,86,0.7139,0.5962,0.9252,1.0,0.0777,0.0056,1.0,False
2025-0496#385,2025-02-10,Marseille,250,F,Hard,3,200005,Ugo Humbert,209098,Hamad Medjedovic,17,96,0.6726,0.6419,0.6466,1.0,0.4361,0.1249,1.0,False
2025-0496#384,2025-02-10,Marseille,250,SF,Hard,3,209098,Hamad Medjedovic,106421,Daniil Medvedev,96,8,0.5862,0.6702,0.1451,0.0,1.9302,0.7308,0.0,False
2025-0496#383,2025-02-10,Marseille,250,SF,Hard,3,200005,Ugo Humbert,200267,Zizou Bergs,17,62,0.6427,0.6293,0.567,1.0,0.5674,0.1875,1.0,False
2025-0496#382,2025-02-10,Marseille,250,QF,Hard,3,106421,Daniil Medvedev,105526,Jan Lennard Struff,8,46,0.6396,0.606,0.665,1.0,0.4079,0.1122,1.0,False
2025-0496#381,2025-02-10,Marseille,250,QF,Hard,3,209098,Hamad Medjedovic,127157,Daniel Altmaier,96,80,0.6794,0.6297,0.7292,1.0,0.3158,0.0733,0.0,False
2025-0496#380,2025-02-10,Marseille,250,QF,Hard,3,200267,Zizou Bergs,111190,Zhizhen Zhang,62,52,0.6698,0.6323,0.678,1.0,0.3886,0.1037,0.0,True
2025-0496#379,2025-02-10,Marseille,250,QF,Hard,3,200005,Ugo Humbert,132283,Lorenzo Sonego,17,35,0.6953,0.6347,0.7688,1.0,0.2629,0.0534,1.0,False
2025-0496#378,2025-02-10,Marseille,250,R16,Hard,3,106421,Daniil Medvedev,105732,Pierre Hugues Herbert,8,192,0.6874,0.5936,0.8786,1.0,0.1294,0.0147,1.0,False
2025-0496#377,2025-02-10,Marseille,250,R16,Hard,3,105526,Jan Lennard Struff,126409,Hugo Grenier,46,202,0.6864,0.5769,0.915,1.0,0.0889,0.0072,1.0,False
2025-0496#376,2025-02-10,Marseille,250,R16,Hard,3,209098,Hamad Medjedovic,111575,Karen Khachanov,96,21,0.6342,0.6929,0.2374,0.0,1.4381,0.5816,0.0,False
2025-0496#375,2025-02-10,Marseille,250,R16,Hard,3,127157,Daniel Altmaier,202261,Otto Virtanen,80,98,0.649,0.6366,0.5611,1.0,0.5778,0.1926,1.0,False
2025-0496#374,2025-02-10,Marseille,250,R16,Hard,3,200267,Zizou Bergs,132686,Nuno Borges,62,39,0.6133,0.6153,0.4903,0.0,0.7128,0.2598,0.0,False
2025-0496#373,2025-02-10,Marseille,250,R16,Hard,3,111190,Zhizhen Zhang,128034,Hubert Hurkacz,52,20,0.6881,0.7324,0.305,0.0,1.1874,0.483,0.0,False
2025-0496#371,2025-02-10,Marseille,250,R16,Hard,3,200005,Ugo Humbert,122330,Alexander Bublik,17,48,0.6918,0.5831,0.9125,1.0,0.0915,0.0077,1.0,False
2025-0496#370,2025-02-10,Marseille,250,R32,Hard,3,105732,Pierre Hugues Herbert,208004,Harold Mayot,192,136,0.6821,0.638,0.7049,1.0,0.3497,0.0871,0.0,False
2025-0496#369,2025-02-10,Marseille,250,R32,Hard,3,105526,Jan Lennard Struff,131905,Manuel Guinard,46,280,0.6636,0.6017,0.7814,1.0,0.2466,0.0478,1.0,False
2025-0496#368,2025-02-10,Marseille,250,R32,Hard,3,126409,Hugo Grenier,210338,Arthur Gea,202,306,0.6046,0.6576,0.2527,0.0,1.3754,0.5584,1.0,False
2025-0496#367,2025-02-10,Marseille,250,R32,Hard,3,209098,Hamad Medjedovic,209920,Raphael Collignon,96,122,0.6848,0.6028,0.8457,1.0,0.1675,0.0238,1.0,False
2025-0496#366,2025-02-10,Marseille,250,R32,Hard,3,127157,Daniel Altmaier,208134,Luca Nardi,80,83,0.6338,0.5506,0.8599,1.0,0.151,0.0196,1.0,False
2025-0496#365,2025-02-10,Marseille,250,R32,Hard,3,202261,Otto Virtanen,200624,Sebastian Korda,98,23,0.61,0.683,0.183,0.0,1.6981,0.6674,0.0,False
2025-0496#364,2025-02-10,Marseille,250,R32,Hard,3,132686,Nuno Borges,104527,Stan Wawrinka,39,158,0.6697,0.6103,0.7707,1.0,0.2604,0.0526,1.0,False
2025-0496#363,2025-02-10,Marseille,250,R32,Hard,3,200267,Zizou Bergs,206889,Clement Chidekh,62,189,0.6377,0.6141,0.6171,1.0,0.4827,0.1466,1.0,False
2025-0496#362,2025-02-10,Marseille,250,R32,Hard,3,111190,Zhizhen Zhang,111460,Quentin Halys,52,74,0.7051,0.6875,0.5817,1.0,0.5418,0.175,1.0,False
2025-0496#361,2025-02-10,Marseille,250,R32,Hard,3,132283,Lorenzo Sonego,122298,Botic Van De Zandschulp,35,85,0.642,0.5886,0.7524,1.0,0.2845,0.0613,1.0,False
2025-0496#360,2025-02-10,Marseille,250,R32,Hard,3,209414,Luca Van Assche,126127,Benjamin Bonzi,164,64,0.5759,0.6339,0.2275,0.0,1.4805,0.5967,0.0,False
2025-0496#359,2025-02-10,Marseille,250,R32,Hard,3,122330,Alexander Bublik,104755,Richard Gasquet,48,128,0.5945,0.642,0.2725,0.0,1.3,0.5292,1.0,False
2025-0499#385,2025-02-10,Delray Beach,250,F,Hard,3,200175,Miomir Kecmanovic,200221,Alejandro Davidovich Fokina,56,60,0.6021,0.5977,0.5228,1.0,0.6486,0.2277,1.0,False
2025-0499#384,2025-02-10,Delray Beach,250,SF,Hard,3,200221,Alejandro Davidovich Fokina,208286,Matteo Arnaldi,60,38,0.5914,0.599,0.4609,0.0,0.7746,0.2906,0.0,False
2025-0499#383,2025-02-10,Delray Beach,250,SF,Hard,3,200175,Miomir Kecmanovic,210506,Alex Michelsen,56,37,0.5852,0.6001,0.4235,0.0,0.8592,0.3324,0.0,False
2025-0499#382,2025-02-10,Delray Beach,250,QF,Hard,3,200221,Alejandro Davidovich Fokina,126203,Taylor Fritz,60,4,0.6303,0.6854,0.2501,0.0,1.3858,0.5623,0.0,False
2025-0499#381,2025-02-10,Delray Beach,250,QF,Hard,3,208286,Matteo Arnaldi,206909,Brandon Nakashima,38,43,0.6338,0.628,0.529,1.0,0.6367,0.2218,1.0,False
2025-0499#380,2025-02-10,Delray Beach,250,QF,Hard,3,210506,Alex Michelsen,111815,Cameron Norrie,37,61,0.6154,0.5946,0.6056,1.0,0.5015,0.1555,1.0,False
2025-0499#379,2025-02-10,Delray Beach,250,QF,Hard,3,200175,Miomir Kecmanovic,106218,Marcos Giron,56,49,0.6288,0.6058,0.6152,1.0,0.4858,0.1481,0.0,False
2025-0499#378,2025-02-10,Delray Beach,250,R16,Hard,3,126203,Taylor Fritz,207352,Bu Yunchaokete,4,69,0.7231,0.6604,0.7697,1.0,0.2617,0.053,1.0,False
2025-0499#377,2025-02-10,Delray Beach,250,R16,Hard,3,200221,Alejandro Davidovich Fokina,111456,Mackenzie Mcdonald,60,123,0.5809,0.5788,0.5111,1.0,0.6712,0.2391,1.0,False
2025-0499#376,2025-02-10,Delray Beach,250,R16,Hard,3,208286,Matteo Arnaldi,210530,Learner Tien,38,82,0.5858,0.5674,0.5958,1.0,0.5179,0.1634,1.0,False
2025-0499#375,2025-02-10,Delray Beach,250,R16,Hard,3,206909,Brandon Nakashima,124187,Reilly Opelka,43,121,0.7528,0.6946,0.745,1.0,0.2944,0.065,1.0,False
2025-0499#374,2025-02-10,Delray Beach,250,R16,Hard,3,111815,Cameron Norrie,126239,Arthur Rinderknech,61,65,0.6771,0.6523,0.6181,1.0,0.4811,0.1459,1.0,False
2025-0499#373,2025-02-10,Delray Beach,250,R16,Hard,3,210506,Alex Michelsen,111581,Michael Mmoh,37,328,0.6138,0.5956,0.5929,1.0,0.5227,0.1657,1.0,True
2025-0499#371,2025-02-10,Delray Beach,250,R16,Hard,3,106218,Marcos Giron,210319,Ethan Quinn,49,150,0.613,0.6354,0.3884,0.0,0.9456,0.374,1.0,False
2025-0499#370,2025-02-10,Delray Beach,250,R32,Hard,3,207352,Bu Yunchaokete,208014,Rinky Hijikata,69,72,0.6372,0.6053,0.6573,1.0,0.4196,0.1174,1.0,False
2025-0499#369,2025-02-10,Delray Beach,250,R32,Hard,3,111456,Mackenzie Mcdonald,105453,Kei Nishikori,123,71,0.5984,0.5689,0.6506,1.0,0.4299,0.1221,0.0,False
2025-0499#368,2025-02-10,Delray Beach,250,R32,Hard,3,200221,Alejandro Davidovich Fokina,106121,Taro Daniel,60,119,0.6432,0.5619,0.8527,1.0,0.1593,0.0217,1.0,False
2025-0499#367,2025-02-10,Delray Beach,250,R32,Hard,3,210530,Learner Tien,200443,Adam Walton,82,89,0.5974,0.5957,0.5086,1.0,0.676,0.2415,1.0,False
2025-0499#366,2025-02-10,Delray Beach,250,R32,Hard,3,124187,Reilly Opelka,111153,Christopher Eubanks,121,104,0.7544,0.6866,0.7791,1.0,0.2496,0.0488,0.0,False
2025-0499#365,2025-02-10,Delray Beach,250,R32,Hard,3,206909,Brandon Nakashima,208389,James Trotter,43,182,0.6684,0.664,0.5212,1.0,0.6516,0.2292,1.0,False
2025-0499#364,2025-02-10,Delray Beach,250,R32,Hard,3,126239,Arthur Rinderknech,122078,Dmitry Popko,65,208,0.6505,0.6759,0.3788,0.0,0.9706,0.3858,1.0,False
2025-0499#363,2025-02-10,Delray Beach,250,R32,Hard,3,111815,Cameron Norrie,208260,Zachary Svajda,61,169,0.6055,0.5938,0.56,1.0,0.5798,0.1936,1.0,False
2025-0499#362,2025-02-10,Delray Beach,250,R32,Hard,3,111581,Michael Mmoh,207686,Alexander Shevchenko,328,88,0.6247,0.5954,0.6464,1.0,0.4364,0.125,0.0,False
2025-0499#361,2025-02-10,Delray Beach,250,R32,Hard,3,200175,Miomir Kecmanovic,127339,Borna Gojo,56,414,0.6253,0.6198,0.5278,1.0,0.6389,0.2229,1.0,False
2025-0499#360,2025-02-10,Delray Beach,250,R32,Hard,3,106415,Yoshihito Nishioka,126846,Aleksandar Vukic,63,67,0.6642,0.6578,0.5312,1.0,0.6325,0.2197,1.0,False
2025-0499#359,2025-02-10,Delray Beach,250,R32,Hard,3,210319,Ethan Quinn,207729,Tristan Boyer,150,113,0.6297,0.6193,0.5522,1.0,0.5938,0.2005,0.0,False
2025-0506#385,2025-02-10,Buenos Aires,250,F,Clay,3,211663,Joao Fonseca,202103,Francisco Cerundolo,99,28,0.5712,0.619,0.2676,0.0,1.3181,0.5364,0.0,False
2025-0506#384,2025-02-10,Buenos Aires,250,SF,Clay,3,202103,Francisco Cerundolo,124079,Pedro Martinez,28,41,0.6093,0.5502,0.7808,1.0,0.2475,0.0481,1.0,False
2025-0506#383,2025-02-10,Buenos Aires,250,SF,Clay,3,211663,Joao Fonseca,111513,Laslo Djere,99,112,0.6028,0.5739,0.6469,1.0,0.4356,0.1247,1.0,False
2025-0506#382,2025-02-10,Buenos Aires,250,QF,Clay,3,202103,Francisco Cerundolo,100644,Alexander Zverev,28,2,0.5698,0.647,0.1611,0.0,1.8255,0.7037,0.0,False
2025-0506#380,2025-02-10,Buenos Aires,250,QF,Clay,3,111513,Laslo Djere,205734,Thiago Seyboth Wild,112,77,0.6199,0.5991,0.6052,1.0,0.5023,0.1559,0.0,False
2025-0506#379,2025-02-10,Buenos Aires,250,QF,Clay,3,211663,Joao Fonseca,208363,Mariano Navone,99,47,0.5595,0.5469,0.5665,1.0,0.5682,0.1879,0.0,False
2025-0506#378,2025-02-10,Buenos Aires,250,R16,Clay,3,100644,Alexander Zverev,105583,Dusan Lajovic,2,81,0.6332,0.5573,0.8371,1.0,0.1778,0.0265,1.0,False
2025-0506#377,2025-02-10,Buenos Aires,250,R16,Clay,3,202103,Francisco Cerundolo,207678,Juan Manuel Cerundolo,28,139,0.6029,0.5648,0.6909,1.0,0.3698,0.0956,1.0,False
2025-0506#376,2025-02-10,Buenos Aires,250,R16,Clay,3,207518,Lorenzo Musetti,144895,Corentin Moutet,16,66,0.6075,0.5693,0.6909,1.0,0.3697,0.0955,1.0,False
2025-0506#375,2025-02-10,Buenos Aires,250,R16,Clay,3,124079,Pedro Martinez,106043,Diego Schwartzman,41,386,0.5969,0.477,0.9449,1.0,0.0566,0.003,1.0,False
2025-0506#374,2025-02-10,Buenos Aires,250,R16,Clay,3,205734,Thiago Seyboth Wild,202104,Sebastian Baez,77,31,0.5772,0.6081,0.3436,0.0,1.0681,0.4308,0.0,False
2025-0506#373,2025-02-10,Buenos Aires,250,R16,Clay,3,111513,Laslo Djere,126214,Alejandro Tabilo,112,27,0.6168,0.6157,0.5057,1.0,0.6818,0.2443,0.0,False
2025-0506#372,2025-02-10,Buenos Aires,250,R16,Clay,3,211663,Joao Fonseca,105948,Federico Coria,99,115,0.6027,0.5276,0.8393,1.0,0.1752,0.0258,1.0,False
2025-0506#371,2025-02-10,Buenos Aires,250,R16,Clay,3,208363,Mariano Navone,208029,Holger Rune,47,12,0.5754,0.6184,0.2891,0.0,1.241,0.5054,0.0,False
2025-0506#370,2025-02-10,Buenos Aires,250,R32,Clay,3,105583,Dusan Lajovic,106148,Roberto Carballes Baena,81,50,0.5763,0.6051,0.354,0.0,1.0384,0.4173,0.0,False
2025-0506#369,2025-02-10,Buenos Aires,250,R32,Clay,3,207678,Juan Manuel Cerundolo,208882,Roman Andres Burruchaga,139,141,0.6257,0.5435,0.8584,1.0,0.1527,0.02,1.0,False
2025-0506#368,2025-02-10,Buenos Aires,250,R32,Clay,3,202103,Francisco Cerundolo,209260,Luciano Darderi,28,59,0.6373,0.5714,0.8019,1.0,0.2208,0.0393,1.0,False
2025-0506#367,2025-02-10,Buenos Aires,250,R32,Clay,3,144895,Corentin Moutet,111576,Sumit Nagal,66,129,0.6251,0.5615,0.7955,1.0,0.2288,0.0418,1.0,False
2025-0506#366,2025-02-10,Buenos Aires,250,R32,Clay,3,124079,Pedro Martinez,106000,Damir Dzumhur,41,90,0.598,0.5253,0.8318,1.0,0.1842,0.0283,1.0,False
2025-0506#365,2025-02-10,Buenos Aires,250,R32,Clay,3,106043,Diego Schwartzman,111797,Nicolas Jarry,386,40,0.5396,0.5986,0.2182,0.0,1.5225,0.6113,0.0,False
2025-0506#364,2025-02-10,Buenos Aires,250,R32,Clay,3,202104,Sebastian Baez,200116,Camilo Ugo Carabelli,31,87,0.5666,0.5332,0.6716,1.0,0.3981,0.1078,1.0,False
2025-0506#363,2025-02-10,Buenos Aires,250,R32,Clay,3,205734,Thiago Seyboth Wild,207680,Facundo Diaz Acosta,77,75,0.5778,0.6155,0.3125,0.0,1.1631,0.4726,0.0,False
2025-0506#362,2025-02-10,Buenos Aires,250,R32,Clay,3,111513,Laslo Djere,124186,Alexandre Muller,112,58,0.5876,0.5914,0.4803,0.0,0.7333,0.2701,0.0,False
2025-0506#361,2025-02-10,Buenos Aires,250,R32,Clay,3,211663,Joao Fonseca,144869,Tomas Martin Etcheverry,99,44,0.5939,0.5991,0.4735,0.0,0.7475,0.2772,0.0,False
2025-0506#360,2025-02-10,Buenos Aires,250,R32,Clay,3,105948,Federico Coria,200384,Hugo Gaston,115,91,0.5605,0.5797,0.4,0.0,0.9162,0.3599,0.0,False
2025-0506#359,2025-02-10,Buenos Aires,250,R32,Clay,3,208363,Mariano Navone,207681,Francisco Comesana,47,84,0.6081,0.5798,0.6433,1.0,0.4412,0.1273,1.0,False
2025-0451#385,2025-02-17,Doha,500,F,Hard,3,126094,Andrey Rublev,207733,Jack Draper,10,16,0.6298,0.6603,0.3524,0.0,1.0429,0.4193,1.0,False
2025-0451#384,2025-02-17,Doha,500,SF,Hard,3,207733,Jack Draper,208103,Jiri Lehecka,16,25,0.68,0.6378,0.6969,1.0,0.3611,0.0919,1.0,False
2025-0451#383,2025-02-17,Doha,500,SF,Hard,3,126094,Andrey Rublev,200000,Felix Auger Aliassime,10,23,0.6311,0.6397,0.4571,0.0,0.7829,0.2948,1.0,False
2025-0451#382,2025-02-17,Doha,500,QF,Hard,3,208103,Jiri Lehecka,207989,Carlos Alcaraz,25,3,0.5595,0.7095,0.0307,0.0,3.4841,0.9396,0.0,False
2025-0451#381,2025-02-17,Doha,500,QF,Hard,3,207733,Jack Draper,126610,Matteo Berrettini,16,35,0.6745,0.6469,0.6321,1.0,0.4587,0.1353,1.0,False
2025-0451#380,2025-02-17,Doha,500,QF,Hard,3,200000,Felix Auger Aliassime,106421,Daniil Medvedev,23,6,0.6271,0.662,0.3322,0.0,1.102,0.4459,0.0,True
2025-0451#379,2025-02-17,Doha,500,QF,Hard,3,126094,Andrey Rublev,200282,Alex De Minaur,10,8,0.5655,0.6685,0.0952,0.0,2.3517,0.8187,0.0,False
2025-0451#378,2025-02-17,Doha,500,R16,Hard,3,207989,Carlos Alcaraz,208134,Luca Nardi,3,85,0.6463,0.5118,0.9605,1.0,0.0404,0.0016,1.0,False
2025-0451#377,2025-02-17,Doha,500,R16,Hard,3,208103,Jiri Lehecka,206681,Fabian Marozsan,25,57,0.6676,0.6516,0.5779,1.0,0.5484,0.1782,1.0,False
2025-0451#376,2025-02-17,Doha,500,R16,Hard,3,126610,Matteo Berrettini,134868,Tallon Griekspoor,35,51,0.7244,0.6406,0.8404,1.0,0.1739,0.0255,1.0,False
2025-0451#375,2025-02-17,Doha,500,R16,Hard,3,207733,Jack Draper,106331,Christopher Oconnell,16,82,0.7046,0.5938,0.914,1.0,0.09,0.0074,1.0,False
2025-0451#373,2025-02-17,Doha,500,R16,Hard,3,106421,Daniil Medvedev,200267,Zizou Bergs,6,58,0.6471,0.5839,0.7899,1.0,0.2359,0.0442,1.0,False
2025-0451#372,2025-02-17,Doha,500,R16,Hard,3,126094,Andrey Rublev,132686,Nuno Borges,10,39,0.6473,0.6251,0.6096,1.0,0.495,0.1524,1.0,False
2025-0451#371,2025-02-17,Doha,500,R16,Hard,3,200282,Alex De Minaur,122298,Botic Van De Zandschulp,8,87,0.6276,0.5708,0.7685,1.0,0.2633,0.0536,1.0,False
2025-0451#370,2025-02-17,Doha,500,R32,Hard,3,207989,Carlos Alcaraz,105227,Marin Cilic,3,192,0.7464,0.5799,0.978,1.0,0.0222,0.0005,1.0,False
2025-0451#369,2025-02-17,Doha,500,R32,Hard,3,208134,Luca Nardi,111190,Zhizhen Zhang,85,49,0.5499,0.6677,0.0659,0.0,2.72,0.8726,0.0,False
2025-0451#368,2025-02-17,Doha,500,R32,Hard,3,206681,Fabian Marozsan,144826,Aziz Dougaz,57,216,0.6094,0.594,0.5786,1.0,0.5471,0.1775,1.0,False
2025-0451#367,2025-02-17,Doha,500,R32,Hard,3,208103,Jiri Lehecka,105777,Grigor Dimitrov,25,15,0.6138,0.6975,0.1526,0.0,1.8801,0.7181,0.0,False
2025-0451#366,2025-02-17,Doha,500,R32,Hard,3,126610,Matteo Berrettini,104925,Novak Djokovic,35,7,0.5827,0.68,0.1109,0.0,2.1988,0.7904,0.0,False
2025-0451#365,2025-02-17,Doha,500,R32,Hard,3,134868,Tallon Griekspoor,105526,Jan Lennard Struff,51,44,0.6334,0.6623,0.3599,0.0,1.0218,0.4097,0.0,False
2025-0451#364,2025-02-17,Doha,500,R32,Hard,3,106331,Christopher Oconnell,200273,Hady Habib,82,166,0.6664,0.6907,0.3859,0.0,0.9522,0.3771,1.0,False
2025-0451#363,2025-02-17,Doha,500,R32,Hard,3,207733,Jack Draper,200615,Alexei Popyrin,16,27,0.686,0.6154,0.808,1.0,0.2131,0.0368,1.0,False
2025-0451#362,2025-02-17,Doha,500,R32,Hard,3,209098,Hamad Medjedovic,126774,Stefanos Tsitsipas,73,11,0.6472,0.6525,0.474,0.0,0.7466,0.2767,0.0,False
2025-0451#361,2025-02-17,Doha,500,R32,Hard,3,200000,Felix Auger Aliassime,111460,Quentin Halys,23,79,0.6979,0.6358,0.774,1.0,0.2561,0.0511,1.0,False
2025-0451#360,2025-02-17,Doha,500,R32,Hard,3,200267,Zizou Bergs,105138,Roberto Bautista Agut,58,54,0.6211,0.6019,0.597,1.0,0.5158,0.1624,0.0,False
2025-0451#359,2025-02-17,Doha,500,R32,Hard,3,106421,Daniil Medvedev,111575,Karen Khachanov,6,21,0.6583,0.5773,0.8486,1.0,0.1642,0.0229,1.0,False
2025-0451#358,2025-02-17,Doha,500,R32,Hard,3,126094,Andrey Rublev,122330,Alexander Bublik,10,48,0.6921,0.5713,0.9349,1.0,0.0673,0.0042,1.0,False
2025-0451#357,2025-02-17,Doha,500,R32,Hard,3,132686,Nuno Borges,202261,Otto Virtanen,39,92,0.66,0.6043,0.7579,1.0,0.2772,0.0586,1.0,False
2025-0451#356,2025-02-17,Doha,500,R32,Hard,3,122298,Botic Van De Zandschulp,209406,Abedallah Shelbayh,87,267,0.6105,0.5666,0.7164,1.0,0.3335,0.0804,1.0,False
2025-0451#355,2025-02-17,Doha,500,R32,Hard,3,200282,Alex De Minaur,126128,Roman Safiullin,8,71,0.6554,0.5375,0.9361,1.0,0.066,0.0041,1.0,False
2025-6932#385,2025-02-17,Rio de Janeiro,500,F,Clay,3,202104,Sebastian Baez,124186,Alexandre Muller,31,60,0.6103,0.5651,0.722,1.0,0.3258,0.0773,1.0,False
2025-6932#384,2025-02-17,Rio de Janeiro,500,SF,Clay,3,124186,Alexandre Muller,207681,Francisco Comesana,60,86,0.6124,0.5907,0.6102,1.0,0.4939,0.1519,1.0,False
2025-6932#383,2025-02-17,Rio de Janeiro,500,SF,Clay,3,202104,Sebastian Baez,200116,Camilo Ugo Carabelli,31,91,0.5829,0.5423,0.7047,1.0,0.35,0.0872,1.0,False
2025-6932#382,2025-02-17,Rio de Janeiro,500,QF,Clay,3,207681,Francisco Comesana,100644,Alexander Zverev,86,2,0.5681,0.7119,0.0371,0.0,3.2945,0.9272,0.0,False
2025-6932#381,2025-02-17,Rio de Janeiro,500,QF,Clay,3,124186,Alexandre Muller,202103,Francisco Cerundolo,60,26,0.5623,0.6211,0.2222,0.0,1.5043,0.605,0.0,False
2025-6932#380,2025-02-17,Rio de Janeiro,500,QF,Clay,3,202104,Sebastian Baez,202358,Chun Hsin Tseng,31,125,0.583,0.5703,0.5663,1.0,0.5686,0.1881,1.0,False
2025-6932#379,2025-02-17,Rio de Janeiro,500,QF,Clay,3,200116,Camilo Ugo Carabelli,210262,Jaime Faria,91,107,0.5631,0.6151,0.2488,0.0,1.3909,0.5642,1.0,False
2025-6932#378,2025-02-17,Rio de Janeiro,500,R16,Clay,3,100644,Alexander Zverev,207686,Alexander Shevchenko,2,103,0.6981,0.5615,0.9567,1.0,0.0443,0.0019,1.0,False
2025-6932#377,2025-02-17,Rio de Janeiro,500,R16,Clay,3,207681,Francisco Comesana,111797,Nicolas Jarry,86,47,0.5995,0.6056,0.4687,0.0,0.7578,0.2823,0.0,False
2025-6932#376,2025-02-17,Rio de Janeiro,500,R16,Clay,3,202103,Francisco Cerundolo,209260,Luciano Darderi,26,61,0.6476,0.5647,0.8565,1.0,0.1549,0.0206,1.0,False
2025-6932#375,2025-02-17,Rio de Janeiro,500,R16,Clay,3,124186,Alexandre Muller,144869,Tomas Martin Etcheverry,60,43,0.5799,0.6031,0.3815,0.0,0.9635,0.3825,0.0,False
2025-6932#374,2025-02-17,Rio de Janeiro,500,R16,Clay,3,202104,Sebastian Baez,208363,Mariano Navone,31,46,0.5525,0.5391,0.5711,1.0,0.5603,0.184,1.0,False
2025-6932#373,2025-02-17,Rio de Janeiro,500,R16,Clay,3,202358,Chun Hsin Tseng,106329,Thiago Monteiro,125,99,0.6383,0.6246,0.5683,1.0,0.5651,0.1863,0.0,False
2025-6932#372,2025-02-17,Rio de Janeiro,500,R16,Clay,3,200116,Camilo Ugo Carabelli,106000,Damir Dzumhur,91,97,0.5814,0.5533,0.6446,1.0,0.4392,0.1263,1.0,False
2025-6932#371,2025-02-17,Rio de Janeiro,500,R16,Clay,3,210262,Jaime Faria,144719,Jaume Munar,107,55,0.5958,0.5952,0.5035,1.0,0.6862,0.2465,0.0,False
2025-6932#370,2025-02-17,Rio de Janeiro,500,R32,Clay,3,100644,Alexander Zverev,207352,Bu Yunchaokete,2,69,0.6722,0.5829,0.8699,1.0,0.1394,0.0169,1.0,False
2025-6932#369,2025-02-17,Rio de Janeiro,500,R32,Clay,3,207686,Alexander Shevchenko,200335,Felipe Meligeni Alves,103,149,0.6106,0.5901,0.6045,1.0,0.5034,0.1564,1.0,False
2025-6932#368,2025-02-17,Rio de Janeiro,500,R32,Clay,3,207681,Francisco Comesana,208361,Gustavo Heide,86,162,0.5972,0.6123,0.4227,0.0,0.861,0.3332,1.0,False
2025-6932#367,2025-02-17,Rio de Janeiro,500,R32,Clay,3,111797,Nicolas Jarry,207678,Juan Manuel Cerundolo,47,127,0.581,0.6441,0.2102,0.0,1.5597,0.6238,1.0,False
2025-6932#366,2025-02-17,Rio de Janeiro,500,R32,Clay,3,202103,Francisco Cerundolo,200384,Hugo Gaston,26,93,0.6159,0.536,0.8527,1.0,0.1594,0.0217,1.0,False
2025-6932#365,2025-02-17,Rio de Janeiro,500,R32,Clay,3,209260,Luciano Darderi,106198,Hugo Dellien,61,108,0.5941,0.5825,0.5602,1.0,0.5795,0.1934,1.0,True
2025-6932#364,2025-02-17,Rio de Janeiro,500,R32,Clay,3,124186,Alexandre Muller,211663,Joao Fonseca,60,68,0.5508,0.603,0.2469,0.0,1.3987,0.5671,1.0,False
2025-6932#363,2025-02-17,Rio de Janeiro,500,R32,Clay,3,144869,Tomas Martin Etcheverry,144895,Corentin Moutet,43,66,0.5889,0.5881,0.5044,1.0,0.6844,0.2456,1.0,False
2025-6932#362,2025-02-17,Rio de Janeiro,500,R32,Clay,3,202104,Sebastian Baez,208882,Roman Andres Burruchaga,31,137,0.6068,0.5468,0.7845,1.0,0.2428,0.0465,1.0,False
2025-6932#361,2025-02-17,Rio de Janeiro,500,R32,Clay,3,208363,Mariano Navone,106148,Roberto Carballes Baena,46,53,0.5806,0.5648,0.5822,1.0,0.5409,0.1745,1.0,False
2025-6932#360,2025-02-17,Rio de Janeiro,500,R32,Clay,3,106329,Thiago Monteiro,207680,Facundo Diaz Acosta,99,119,0.6148,0.64,0.375,0.0,0.9809,0.3906,1.0,False
2025-6932#359,2025-02-17,Rio de Janeiro,500,R32,Clay,3,202358,Chun Hsin Tseng,126214,Alejandro Tabilo,125,28,0.6175,0.6204,0.4851,0.0,0.7233,0.2651,0.0,False
2025-6932#358,2025-02-17,Rio de Janeiro,500,R32,Clay,3,200116,Camilo Ugo Carabelli,124079,Pedro Martinez,91,37,0.5363,0.5672,0.3404,0.0,1.0776,0.4351,0.0,False
2025-6932#357,2025-02-17,Rio de Janeiro,500,R32,Clay,3,106000,Damir Dzumhur,105583,Dusan Lajovic,97,83,0.5895,0.601,0.4405,0.0,0.8198,0.313,0.0,False
2025-6932#356,2025-02-17,Rio de Janeiro,500,R32,Clay,3,144719,Jaume Munar,205734,Thiago Seyboth Wild,55,75,0.6087,0.5751,0.6689,1.0,0.4021,0.1096,1.0,False
2025-6932#355,2025-02-17,Rio de Janeiro,500,R32,Clay,3,210262,Jaime Faria,144642,Tomas Barrios Vera,107,139,0.6292,0.5513,0.8446,1.0,0.1689,0.0242,1.0,False
2025-0495#385,2025-02-24,Dubai,500,F,Hard,3,126774,Stefanos Tsitsipas,200000,Felix Auger Aliassime,11,21,0.6426,0.6604,0.4132,0.0,0.8838,0.3443,1.0,False
2025-0495#384,2025-02-24,Dubai,500,SF,Hard,3,126774,Stefanos Tsitsipas,134868,Tallon Griekspoor,11,47,0.6889,0.646,0.6983,1.0,0.3591,0.091,1.0,False
2025-0495#383,2025-02-24,Dubai,500,SF,Hard,3,200000,Felix Auger Aliassime,111460,Quentin Halys,21,77,0.7035,0.6309,0.8101,1.0,0.2105,0.036,1.0,False
2025-0495#382,2025-02-24,Dubai,500,QF,Hard,3,134868,Tallon Griekspoor,106421,Daniil Medvedev,47,6,0.5863,0.6769,0.1276,0.0,2.0591,0.7611,0.0,False
2025-0495#381,2025-02-24,Dubai,500,QF,Hard,3,126774,Stefanos Tsitsipas,126610,Matteo Berrettini,11,30,0.665,0.6739,0.4575,0.0,0.782,0.2943,1.0,False
2025-0495#380,2025-02-24,Dubai,500,QF,Hard,3,111460,Quentin Halys,208134,Luca Nardi,77,79,0.7364,0.5993,0.9509,1.0,0.0503,0.0024,1.0,False
2025-0495#379,2025-02-24,Dubai,500,QF,Hard,3,200000,Felix Auger Aliassime,105227,Marin Cilic,21,187,0.6864,0.6545,0.65,1.0,0.4308,0.1225,1.0,False
2025-0495#378,2025-02-24,Dubai,500,R16,Hard,3,106421,Daniil Medvedev,208659,Giovanni Mpetshi Perricard,6,29,0.7358,0.6396,0.8721,1.0,0.1368,0.0164,1.0,False
2025-0495#377,2025-02-24,Dubai,500,R16,Hard,3,134868,Tallon Griekspoor,200005,Ugo Humbert,47,15,0.6411,0.7107,0.202,0.0,1.5992,0.6367,0.0,False
2025-0495#376,2025-02-24,Dubai,500,R16,Hard,3,126774,Stefanos Tsitsipas,111575,Karen Khachanov,11,24,0.6491,0.6534,0.4787,0.0,0.7366,0.2717,1.0,False
2025-0495#375,2025-02-24,Dubai,500,R16,Hard,3,126610,Matteo Berrettini,106331,Christopher Oconnell,30,75,0.7644,0.6275,0.9451,1.0,0.0564,0.003,1.0,False
2025-0495#374,2025-02-24,Dubai,500,R16,Hard,3,208134,Luca Nardi,200267,Zizou Bergs,79,56,0.5446,0.6617,0.0662,0.0,2.7152,0.872,0.0,False
2025-0495#373,2025-02-24,Dubai,500,R16,Hard,3,111460,Quentin Halys,105138,Roberto Bautista Agut,77,53,0.6407,0.6588,0.4114,0.0,0.8883,0.3465,0.0,False
2025-0495#372,2025-02-24,Dubai,500,R16,Hard,3,200000,Felix Auger Aliassime,132686,Nuno Borges,21,38,0.6679,0.627,0.6938,1.0,0.3655,0.0937,1.0,False
2025-0495#371,2025-02-24,Dubai,500,R16,Hard,3,105227,Marin Cilic,200615,Alexei Popyrin,187,27,0.6564,0.6382,0.5895,1.0,0.5285,0.1685,0.0,False
2025-0495#370,2025-02-24,Dubai,500,R32,Hard,3,106421,Daniil Medvedev,105526,Jan Lennard Struff,6,46,0.6376,0.6032,0.6688,1.0,0.4023,0.1097,1.0,False
2025-0495#369,2025-02-24,Dubai,500,R32,Hard,3,208659,Giovanni Mpetshi Perricard,111190,Zhizhen Zhang,29,49,0.7151,0.7469,0.3609,0.0,1.0191,0.4084,1.0,False
2025-0495#368,2025-02-24,Dubai,500,R32,Hard,3,134868,Tallon Griekspoor,126128,Roman Safiullin,47,72,0.6409,0.6618,0.3986,0.0,0.9198,0.3617,1.0,False
2025-0495#367,2025-02-24,Dubai,500,R32,Hard,3,200005,Ugo Humbert,208103,Jiri Lehecka,15,22,0.6789,0.638,0.6916,1.0,0.3687,0.0951,1.0,False
2025-0495#366,2025-02-24,Dubai,500,R32,Hard,3,126774,Stefanos Tsitsipas,132283,Lorenzo Sonego,11,35,0.6727,0.6401,0.6554,1.0,0.4225,0.1188,1.0,False
2025-0495#365,2025-02-24,Dubai,500,R32,Hard,3,111575,Karen Khachanov,105554,Daniel Evans,24,178,0.6667,0.5797,0.8645,1.0,0.1456,0.0184,1.0,False
2025-0495#364,2025-02-24,Dubai,500,R32,Hard,3,126610,Matteo Berrettini,104792,Gael Monfils,30,40,0.6981,0.6348,0.7786,1.0,0.2502,0.049,1.0,False
2025-0495#363,2025-02-24,Dubai,500,R32,Hard,3,106331,Christopher Oconnell,105777,Grigor Dimitrov,75,16,0.5896,0.7118,0.0664,0.0,2.712,0.8716,0.0,True
2025-0495#362,2025-02-24,Dubai,500,R32,Hard,3,208134,Luca Nardi,105916,Marton Fucsovics,79,88,0.5436,0.6325,0.1237,0.0,2.0895,0.7678,1.0,False
2025-0495#361,2025-02-24,Dubai,500,R32,Hard,3,200267,Zizou Bergs,144826,Aziz Dougaz,56,212,0.6633,0.5788,0.8579,1.0,0.1532,0.0202,1.0,False
2025-0495#360,2025-02-24,Dubai,500,R32,Hard,3,105138,Roberto Bautista Agut,206681,Fabian Marozsan,53,55,0.6276,0.5921,0.6758,1.0,0.3919,0.1051,1.0,False
2025-0495#359,2025-02-24,Dubai,500,R32,Hard,3,111460,Quentin Halys,126094,Andrey Rublev,77,9,0.6277,0.7121,0.1542,0.0,1.8693,0.7153,0.0,False
2025-0495#358,2025-02-24,Dubai,500,R32,Hard,3,132686,Nuno Borges,209950,Arthur Fils,38,19,0.6133,0.6125,0.5038,1.0,0.6856,0.2462,0.0,False
2025-0495#357,2025-02-24,Dubai,500,R32,Hard,3,200000,Felix Auger Aliassime,122330,Alexander Bublik,21,51,0.7046,0.6203,0.8473,1.0,0.1657,0.0233,1.0,False
2025-0495#356,2025-02-24,Dubai,500,R32,Hard,3,200615,Alexei Popyrin,200273,Hady Habib,27,168,0.6688,0.6816,0.4389,0.0,0.8236,0.3149,1.0,False
2025-0495#355,2025-02-24,Dubai,500,R32,Hard,3,105227,Marin Cilic,200282,Alex De Minaur,187,8,0.5891,0.7227,0.0513,0.0,2.9704,0.9001,0.0,False
2025-0807#385,2025-02-24,Acapulco,500,F,Hard,3,207830,Tomas Machac,200221,Alejandro Davidovich Fokina,25,48,0.5953,0.5836,0.5608,1.0,0.5784,0.1929,1.0,False
2025-0807#384,2025-02-24,Acapulco,500,SF,Hard,3,207830,Tomas Machac,206909,Brandon Nakashima,25,42,0.6681,0.6286,0.6872,1.0,0.3751,0.0978,1.0,False
2025-0807#383,2025-02-24,Acapulco,500,SF,Hard,3,200221,Alejandro Davidovich Fokina,133430,Denis Shapovalov,48,32,0.6063,0.6416,0.3273,0.0,1.1168,0.4525,0.0,False
2025-0807#382,2025-02-24,Acapulco,500,QF,Hard,3,207830,Tomas Machac,210530,Learner Tien,25,83,0.5801,0.5678,0.5644,1.0,0.572,0.1898,1.0,False
2025-0807#381,2025-02-24,Acapulco,500,QF,Hard,3,206909,Brandon Nakashima,105676,David Goffin,42,63,0.6513,0.6188,0.6586,1.0,0.4177,0.1166,1.0,False
2025-0807#380,2025-02-24,Acapulco,500,QF,Hard,3,133430,Denis Shapovalov,106218,Marcos Giron,32,52,0.6224,0.6193,0.5157,1.0,0.6622,0.2345,1.0,False
2025-0807#379,2025-02-24,Acapulco,500,QF,Hard,3,200221,Alejandro Davidovich Fokina,210202,Rodrigo Pacheco Mendez,48,356,0.5938,0.5965,0.4863,0.0,0.721,0.2639,1.0,False
2025-0807#378,2025-02-24,Acapulco,500,R16,Hard,3,210530,Learner Tien,100644,Alexander Zverev,83,2,0.5805,0.6697,0.1298,0.0,2.0421,0.7573,0.0,False
2025-0807#377,2025-02-24,Acapulco,500,R16,Hard,3,207830,Tomas Machac,127157,Daniel Altmaier,25,76,0.6429,0.5898,0.7511,1.0,0.2862,0.0619,1.0,False
2025-0807#376,2025-02-24,Acapulco,500,R16,Hard,3,206909,Brandon Nakashima,208029,Holger Rune,42,13,0.6876,0.6709,0.5787,1.0,0.547,0.1775,0.0,True
2025-0807#375,2025-02-24,Acapulco,500,R16,Hard,3,105676,David Goffin,210097,Ben Shelton,63,14,0.6206,0.6517,0.3483,0.0,1.0547,0.4247,0.0,False
2025-0807#374,2025-02-24,Acapulco,500,R16,Hard,3,133430,Denis Shapovalov,210506,Alex Michelsen,32,34,0.6789,0.6284,0.7327,1.0,0.311,0.0714,1.0,False
2025-0807#372,2025-02-24,Acapulco,500,R16,Hard,3,200221,Alejandro Davidovich Fokina,126207,Frances Tiafoe,48,18,0.636,0.6268,0.5461,1.0,0.605,0.206,0.0,False
2025-0807#370,2025-02-24,Acapulco,500,R32,Hard,3,100644,Alexander Zverev,208286,Matteo Arnaldi,2,33,0.6732,0.5871,0.8604,1.0,0.1503,0.0195,1.0,False
2025-0807#369,2025-02-24,Acapulco,500,R32,Hard,3,210530,Learner Tien,111815,Cameron Norrie,83,74,0.5809,0.5895,0.4552,0.0,0.787,0.2968,0.0,False
2025-0807#368,2025-02-24,Acapulco,500,R32,Hard,3,127157,Daniel Altmaier,200175,Miomir Kecmanovic,76,44,0.6018,0.6473,0.2824,0.0,1.2644,0.5149,0.0,False
2025-0807#367,2025-02-24,Acapulco,500,R32,Hard,3,207830,Tomas Machac,210150,Jakub Mensik,25,54,0.6544,0.6395,0.5728,1.0,0.5572,0.1825,1.0,False
2025-0807#366,2025-02-24,Acapulco,500,R32,Hard,3,208029,Holger Rune,106148,Roberto Carballes Baena,13,50,0.6106,0.6086,0.5101,1.0,0.6732,0.24,1.0,False
2025-0807#365,2025-02-24,Acapulco,500,R32,Hard,3,206909,Brandon Nakashima,126127,Benjamin Bonzi,42,62,0.6717,0.6914,0.4074,0.0,0.898,0.3512,1.0,False
2025-0807#364,2025-02-24,Acapulco,500,R32,Hard,3,105676,David Goffin,208014,Rinky Hijikata,63,82,0.6161,0.5499,0.8066,1.0,0.2149,0.0374,1.0,False
2025-0807#363,2025-02-24,Acapulco,500,R32,Hard,3,210097,Ben Shelton,207925,Flavio Cobolli,14,39,0.689,0.6465,0.6967,1.0,0.3614,0.092,1.0,False
2025-0807#362,2025-02-24,Acapulco,500,R32,Hard,3,133430,Denis Shapovalov,210460,Nishesh Basavareddy,32,106,0.6482,0.6277,0.6011,1.0,0.509,0.1591,1.0,False
2025-0807#361,2025-02-24,Acapulco,500,R32,Hard,3,210506,Alex Michelsen,207352,Bu Yunchaokete,34,68,0.6638,0.6077,0.7589,1.0,0.2759,0.0581,1.0,False
2025-0807#360,2025-02-24,Acapulco,500,R32,Hard,3,106218,Marcos Giron,200443,Adam Walton,52,97,0.6731,0.6332,0.6884,1.0,0.3734,0.0971,1.0,False
2025-0807#359,2025-02-24,Acapulco,500,R32,Hard,3,126205,Tommy Paul,209113,Gabriel Diallo,10,89,0.67,0.5492,0.9386,1.0,0.0634,0.0038,1.0,False
2025-0807#358,2025-02-24,Acapulco,500,R32,Hard,3,126207,Frances Tiafoe,124186,Alexandre Muller,18,41,0.6333,0.6336,0.4986,0.0,0.696,0.2514,1.0,False
2025-0807#357,2025-02-24,Acapulco,500,R32,Hard,3,200221,Alejandro Davidovich Fokina,208233,Mattia Bellucci,48,70,0.6533,0.6293,0.6179,1.0,0.4815,0.146,1.0,False
2025-0807#356,2025-02-24,Acapulco,500,R32,Hard,3,210202,Rodrigo Pacheco Mendez,126846,Aleksandar Vukic,356,66,0.6502,0.6335,0.5825,1.0,0.5404,0.1743,0.0,False
2025-0807#355,2025-02-24,Acapulco,500,R32,Hard,3,134770,Casper Ruud,126239,Arthur Rinderknech,5,61,0.7163,0.62,0.8778,1.0,0.1303,0.0149,1.0,False
2025-8996#385,2025-02-24,Santiago,250,F,Clay,3,111513,Laslo Djere,202104,Sebastian Baez,103,31,0.554,0.6019,0.2648,0.0,1.3288,0.5405,0.0,False
2025-8996#384,2025-02-24,Santiago,250,SF,Clay,3,111513,Laslo Djere,202103,Francisco Cerundolo,103,26,0.6139,0.6603,0.2809,0.0,1.2696,0.517,0.0,False
2025-8996#383,2025-02-24,Santiago,250,SF,Clay,3,202104,Sebastian Baez,200116,Camilo Ugo Carabelli,31,69,0.5659,0.5456,0.6064,1.0,0.5001,0.1549,1.0,False
2025-8996#382,2025-02-24,Santiago,250,QF,Clay,3,202103,Francisco Cerundolo,144869,Tomas Martin Etcheverry,26,43,0.6228,0.5917,0.6555,1.0,0.4223,0.1187,1.0,False
2025-8996#381,2025-02-24,Santiago,250,QF,Clay,3,111513,Laslo Djere,210262,Jaime Faria,103,87,0.6216,0.6263,0.4763,0.0,0.7416,0.2742,0.0,False
2025-8996#380,2025-02-24,Santiago,250,QF,Clay,3,202104,Sebastian Baez,106000,Damir Dzumhur,31,90,0.5975,0.5452,0.7543,1.0,0.282,0.0604,1.0,False
2025-8996#379,2025-02-24,Santiago,250,QF,Clay,3,200116,Camilo Ugo Carabelli,105948,Federico Coria,69,136,0.5987,0.5541,0.7209,1.0,0.3272,0.0779,1.0,False
2025-8996#378,2025-02-24,Santiago,250,R16,Clay,3,202103,Francisco Cerundolo,105870,Yannick Hanfmann,26,109,0.6635,0.6022,0.7791,1.0,0.2496,0.0488,1.0,False
2025-8996#377,2025-02-24,Santiago,250,R16,Clay,3,144869,Tomas Martin Etcheverry,106426,Cristian Garin,43,147,0.6136,0.594,0.5995,1.0,0.5116,0.1604,1.0,False
2025-8996#376,2025-02-24,Santiago,250,R16,Clay,3,111513,Laslo Djere,124079,Pedro Martinez,103,36,0.5756,0.5922,0.4137,0.0,0.8826,0.3438,0.0,False
2025-8996#375,2025-02-24,Santiago,250,R16,Clay,3,210262,Jaime Faria,208361,Gustavo Heide,87,160,0.6208,0.5904,0.6523,1.0,0.4272,0.1209,1.0,False
2025-8996#374,2025-02-24,Santiago,250,R16,Clay,3,106000,Damir Dzumhur,208363,Mariano Navone,90,64,0.5373,0.5906,0.2407,0.0,1.4242,0.5765,0.0,False
2025-8996#373,2025-02-24,Santiago,250,R16,Clay,3,202104,Sebastian Baez,207681,Francisco Comesana,31,67,0.6271,0.5851,0.7056,1.0,0.3487,0.0867,1.0,False
2025-8996#372,2025-02-24,Santiago,250,R16,Clay,3,200116,Camilo Ugo Carabelli,106329,Thiago Monteiro,69,108,0.6252,0.6339,0.4566,0.0,0.784,0.2953,1.0,False
2025-8996#371,2025-02-24,Santiago,250,R16,Clay,3,105948,Federico Coria,126214,Alejandro Tabilo,136,28,0.5644,0.6483,0.1406,0.0,1.9618,0.7386,0.0,False
2025-8996#370,2025-02-24,Santiago,250,R32,Clay,3,105870,Yannick Hanfmann,207680,Facundo Diaz Acosta,109,130,0.5625,0.6278,0.1985,0.0,1.6167,0.6423,1.0,False
2025-8996#369,2025-02-24,Santiago,250,R32,Clay,3,106426,Cristian Garin,126663,Juan Pablo Ficovich,147,175,0.6102,0.6005,0.5494,1.0,0.599,0.2031,1.0,False
2025-8996#368,2025-02-24,Santiago,250,R32,Clay,3,144869,Tomas Martin Etcheverry,200384,Hugo Gaston,43,92,0.6147,0.5792,0.6775,1.0,0.3894,0.104,1.0,False
2025-8996#367,2025-02-24,Santiago,250,R32,Clay,3,111513,Laslo Djere,209860,Ignacio Buse,103,227,0.5881,0.6145,0.3668,0.0,1.0029,0.4009,1.0,False
2025-8996#366,2025-02-24,Santiago,250,R32,Clay,3,208361,Gustavo Heide,205734,Thiago Seyboth Wild,160,86,0.5936,0.6065,0.4341,0.0,0.8346,0.3203,0.0,False
2025-8996#365,2025-02-24,Santiago,250,R32,Clay,3,210262,Jaime Faria,209260,Luciano Darderi,87,59,0.6267,0.5824,0.7159,1.0,0.3342,0.0807,0.0,False
2025-8996#364,2025-02-24,Santiago,250,R32,Clay,3,208363,Mariano Navone,207686,Alexander Shevchenko,64,95,0.5732,0.5765,0.4827,0.0,0.7283,0.2676,1.0,False
2025-8996#363,2025-02-24,Santiago,250,R32,Clay,3,106000,Damir Dzumhur,144895,Corentin Moutet,90,65,0.5451,0.5883,0.2842,0.0,1.2581,0.5124,0.0,False
2025-8996#362,2025-02-24,Santiago,250,R32,Clay,3,207681,Francisco Comesana,200335,Felipe Meligeni Alves,67,194,0.6185,0.5627,0.7659,1.0,0.2667,0.0548,1.0,False
2025-8996#361,2025-02-24,Santiago,250,R32,Clay,3,200116,Camilo Ugo Carabelli,111797,Nicolas Jarry,69,45,0.6318,0.617,0.5744,1.0,0.5544,0.1811,0.0,False
2025-8996#360,2025-02-24,Santiago,250,R32,Clay,3,106329,Thiago Monteiro,207678,Juan Manuel Cerundolo,108,123,0.6145,0.6342,0.4017,0.0,0.9122,0.358,1.0,False
2025-8996#359,2025-02-24,Santiago,250,R32,Clay,3,105948,Federico Coria,144642,Tomas Barrios Vera,136,145,0.5745,0.596,0.3895,0.0,0.9429,0.3727,1.0,False
2025-0404#369,2025-03-05,Indian Wells Masters,M,F,Hard,3,207733,Jack Draper,208029,Holger Rune,14,13,0.6718,0.6297,0.6985,1.0,0.3589,0.0909,0.0,False
2025-0404#368,2025-03-05,Indian Wells Masters,M,SF,Hard,3,208029,Holger Rune,106421,Daniil Medvedev,13,6,0.5571,0.6299,0.1727,0.0,1.7562,0.6844,0.0,False
2025-0404#367,2025-03-05,Indian Wells Masters,M,SF,Hard,3,207733,Jack Draper,207989,Carlos Alcaraz,14,3,0.584,0.6687,0.1428,0.0,1.9464,0.7348,0.0,False
2025-0404#366,2025-03-05,Indian Wells Masters,M,QF,Hard,3,208029,Holger Rune,134868,Tallon Griekspoor,13,43,0.6748,0.6609,0.5667,1.0,0.568,0.1878,1.0,False
2025-0404#365,2025-03-05,Indian Wells Masters,M,QF,Hard,3,106421,Daniil Medvedev,209950,Arthur Fils,6,21,0.6371,0.5774,0.7784,1.0,0.2505,0.0491,1.0,False
2025-0404#364,2025-03-05,Indian Wells Masters,M,QF,Hard,3,207733,Jack Draper,210097,Ben Shelton,14,12,0.7061,0.6359,0.8013,1.0,0.2215,0.0395,0.0,False
2025-0404#363,2025-03-05,Indian Wells Masters,M,QF,Hard,3,207989,Carlos Alcaraz,202103,Francisco Cerundolo,3,26,0.6049,0.5538,0.7485,1.0,0.2897,0.0632,1.0,False
2025-0404#362,2025-03-05,Indian Wells Masters,M,R16,Hard,3,134868,Tallon Griekspoor,133297,Yosuke Watanuki,43,349,0.639,0.6718,0.3434,0.0,1.0689,0.4312,1.0,False
2025-0404#361,2025-03-05,Indian Wells Masters,M,R16,Hard,3,208029,Holger Rune,126774,Stefanos Tsitsipas,13,9,0.6218,0.6541,0.343,0.0,1.07,0.4316,0.0,False
2025-0404#360,2025-03-05,Indian Wells Masters,M,R16,Hard,3,209950,Arthur Fils,106218,Marcos Giron,21,48,0.6345,0.6115,0.615,1.0,0.4862,0.1483,1.0,False
2025-0404#359,2025-03-05,Indian Wells Masters,M,R16,Hard,3,106421,Daniil Medvedev,126205,Tommy Paul,6,11,0.6115,0.6103,0.5062,1.0,0.6807,0.2438,1.0,False
2025-0404#358,2025-03-05,Indian Wells Masters,M,R16,Hard,3,210097,Ben Shelton,206909,Brandon Nakashima,12,33,0.6732,0.7206,0.2899,0.0,1.2382,0.5042,1.0,False
2025-0404#357,2025-03-05,Indian Wells Masters,M,R16,Hard,3,207733,Jack Draper,126203,Taylor Fritz,14,4,0.6747,0.6747,0.5004,1.0,0.6923,0.2496,0.0,False
2025-0404#356,2025-03-05,Indian Wells Masters,M,R16,Hard,3,202103,Francisco Cerundolo,200282,Alex De Minaur,26,10,0.5568,0.5972,0.2976,0.0,1.2118,0.4933,0.0,False
2025-0404#355,2025-03-05,Indian Wells Masters,M,R16,Hard,3,207989,Carlos Alcaraz,105777,Grigor Dimitrov,3,15,0.6681,0.5819,0.862,1.0,0.1485,0.0191,1.0,False
2025-0404#354,2025-03-05,Indian Wells Masters,M,R32,Hard,3,134868,Tallon Griekspoor,208659,Giovanni Mpetshi Perricard,43,30,0.7197,0.6907,0.6315,1.0,0.4596,0.1358,0.0,False
2025-0404#353,2025-03-05,Indian Wells Masters,M,R32,Hard,3,133297,Yosuke Watanuki,126207,Frances Tiafoe,349,17,0.6339,0.637,0.4844,0.0,0.7249,0.2659,0.0,False
2025-0404#352,2025-03-05,Indian Wells Masters,M,R32,Hard,3,208029,Holger Rune,200005,Ugo Humbert,13,19,0.6183,0.6639,0.285,0.0,1.2551,0.5112,1.0,False
2025-0404#351,2025-03-05,Indian Wells Masters,M,R32,Hard,3,126774,Stefanos Tsitsipas,126610,Matteo Berrettini,9,29,0.6697,0.6917,0.3962,0.0,0.9258,0.3646,1.0,False
2025-0404#350,2025-03-05,Indian Wells Masters,M,R32,Hard,3,106218,Marcos Giron,200615,Alexei Popyrin,48,27,0.6704,0.6457,0.619,1.0,0.4797,0.1452,0.0,False
2025-0404#349,2025-03-05,Indian Wells Masters,M,R32,Hard,3,209950,Arthur Fils,207518,Lorenzo Musetti,21,16,0.6061,0.6119,0.4704,0.0,0.7542,0.2805,0.0,False
2025-0404#348,2025-03-05,Indian Wells Masters,M,R32,Hard,3,126205,Tommy Paul,111815,Cameron Norrie,11,77,0.674,0.5608,0.9247,1.0,0.0783,0.0057,1.0,False
2025-0404#347,2025-03-05,Indian Wells Masters,M,R32,Hard,3,106421,Daniil Medvedev,210506,Alex Michelsen,6,32,0.6456,0.5551,0.8783,1.0,0.1297,0.0148,1.0,True
2025-0404#346,2025-03-05,Indian Wells Masters,M,R32,Hard,3,206909,Brandon Nakashima,208286,Matteo Arnaldi,33,35,0.6145,0.638,0.3834,0.0,0.9586,0.3801,1.0,False
2025-0404#345,2025-03-05,Indian Wells Masters,M,R32,Hard,3,210097,Ben Shelton,111575,Karen Khachanov,12,23,0.6432,0.7137,0.1999,0.0,1.6101,0.6402,1.0,False
2025-0404#344,2025-03-05,Indian Wells Masters,M,R32,Hard,3,207733,Jack Draper,202385,Jenson Brooksby,14,937,0.6829,0.5628,0.9354,1.0,0.0668,0.0042,1.0,False
2025-0404#343,2025-03-05,Indian Wells Masters,M,R32,Hard,3,126203,Taylor Fritz,126214,Alejandro Tabilo,4,31,0.7273,0.5994,0.9395,1.0,0.0624,0.0037,1.0,False
2025-0404#342,2025-03-05,Indian Wells Masters,M,R32,Hard,3,202103,Francisco Cerundolo,122298,Botic Van De Zandschulp,26,85,0.6105,0.5804,0.6519,1.0,0.4278,0.1212,1.0,False
2025-0404#341,2025-03-05,Indian Wells Masters,M,R32,Hard,3,200282,Alex De Minaur,128034,Hubert Hurkacz,10,22,0.724,0.5658,0.9746,1.0,0.0257,0.0006,1.0,False
2025-0404#340,2025-03-05,Indian Wells Masters,M,R32,Hard,3,105777,Grigor Dimitrov,104792,Gael Monfils,15,42,0.7117,0.6301,0.8374,1.0,0.1774,0.0264,1.0,False
2025-0404#339,2025-03-05,Indian Wells Masters,M,R32,Hard,3,207989,Carlos Alcaraz,133430,Denis Shapovalov,3,28,0.6354,0.5943,0.7004,1.0,0.3562,0.0898,1.0,False
2025-0404#338,2025-03-05,Indian Wells Masters,M,R64,Hard,3,134868,Tallon Griekspoor,100644,Alexander Zverev,43,2,0.5818,0.728,0.0369,0.0,3.2996,0.9276,0.0,False
2025-0404#337,2025-03-05,Indian Wells Masters,M,R64,Hard,3,208659,Giovanni Mpetshi Perricard,206681,Fabian Marozsan,30,54,0.7172,0.7521,0.3485,0.0,1.0542,0.4245,1.0,True
2025-0404#336,2025-03-05,Indian Wells Masters,M,R64,Hard,3,133297,Yosuke Watanuki,207830,Tomas Machac,349,20,0.6193,0.6216,0.4882,0.0,0.7171,0.262,0.0,True
2025-0404#335,2025-03-05,Indian Wells Masters,M,R64,Hard,3,126207,Frances Tiafoe,106000,Damir Dzumhur,17,84,0.6363,0.5895,0.7253,1.0,0.3212,0.0755,1.0,False
2025-0404#334,2025-03-05,Indian Wells Masters,M,R64,Hard,3,208029,Holger Rune,144895,Corentin Moutet,13,79,0.5835,0.5925,0.4532,0.0,0.7914,0.299,1.0,False
2025-0404#333,2025-03-05,Indian Wells Masters,M,R64,Hard,3,200005,Ugo Humbert,105453,Kei Nishikori,19,76,0.6613,0.6022,0.7715,1.0,0.2595,0.0522,1.0,False
2025-0404#332,2025-03-05,Indian Wells Masters,M,R64,Hard,3,126610,Matteo Berrettini,106331,Christopher Oconnell,29,75,0.7717,0.6146,0.9671,1.0,0.0335,0.0011,1.0,False
2025-0404#331,2025-03-05,Indian Wells Masters,M,R64,Hard,3,126774,Stefanos Tsitsipas,205734,Thiago Seyboth Wild,9,91,0.6824,0.615,0.7975,1.0,0.2263,0.041,1.0,False
2025-0404#330,2025-03-05,Indian Wells Masters,M,R64,Hard,3,106218,Marcos Giron,134770,Casper Ruud,48,5,0.595,0.6599,0.2062,0.0,1.5789,0.6301,0.0,False
2025-0404#329,2025-03-05,Indian Wells Masters,M,R64,Hard,3,200615,Alexei Popyrin,200267,Zizou Bergs,27,53,0.6248,0.6701,0.2875,0.0,1.2464,0.5076,1.0,False
2025-0404#328,2025-03-05,Indian Wells Masters,M,R64,Hard,3,209950,Arthur Fils,209113,Gabriel Diallo,21,88,0.6385,0.6087,0.6475,1.0,0.4346,0.1243,1.0,False
2025-0404#327,2025-03-05,Indian Wells Masters,M,R64,Hard,3,207518,Lorenzo Musetti,126128,Roman Safiullin,16,69,0.6226,0.5928,0.649,1.0,0.4324,0.1232,1.0,False
2025-0404#326,2025-03-05,Indian Wells Masters,M,R64,Hard,3,126205,Tommy Paul,207729,Tristan Boyer,11,117,0.6652,0.5521,0.9261,1.0,0.0768,0.0055,1.0,False
2025-0404#325,2025-03-05,Indian Wells Masters,M,R64,Hard,3,111815,Cameron Norrie,208103,Jiri Lehecka,77,24,0.6573,0.6679,0.4485,0.0,0.8018,0.3041,0.0,False
2025-0404#324,2025-03-05,Indian Wells Masters,M,R64,Hard,3,210506,Alex Michelsen,212256,Colton Smith,32,261,0.6169,0.6046,0.5629,1.0,0.5747,0.1911,1.0,False
2025-0404#323,2025-03-05,Indian Wells Masters,M,R64,Hard,3,106421,Daniil Medvedev,207352,Bu Yunchaokete,6,71,0.644,0.5549,0.875,1.0,0.1335,0.0156,1.0,False
2025-0404#322,2025-03-05,Indian Wells Masters,M,R64,Hard,3,208286,Matteo Arnaldi,126094,Andrey Rublev,35,8,0.6164,0.6525,0.3254,0.0,1.1228,0.4551,0.0,False
2025-0404#321,2025-03-05,Indian Wells Masters,M,R64,Hard,3,206909,Brandon Nakashima,208014,Rinky Hijikata,33,83,0.7087,0.5971,0.9147,1.0,0.0892,0.0073,1.0,False
2025-0404#320,2025-03-05,Indian Wells Masters,M,R64,Hard,3,111575,Karen Khachanov,210150,Jakub Mensik,23,57,0.6524,0.621,0.6528,1.0,0.4266,0.1206,1.0,False
2025-0404#319,2025-03-05,Indian Wells Masters,M,R64,Hard,3,210097,Ben Shelton,208363,Mariano Navone,12,63,0.6449,0.6462,0.4934,0.0,0.7064,0.2566,1.0,False
2025-0404#318,2025-03-05,Indian Wells Masters,M,R64,Hard,3,207733,Jack Draper,211663,Joao Fonseca,14,80,0.6688,0.6321,0.6747,1.0,0.3935,0.1058,1.0,False
2025-0404#317,2025-03-05,Indian Wells Masters,M,R64,Hard,3,202385,Jenson Brooksby,200000,Felix Auger Aliassime,937,18,0.5523,0.7095,0.0246,0.0,3.7035,0.9513,0.0,False
2025-0404#316,2025-03-05,Indian Wells Masters,M,R64,Hard,3,126214,Alejandro Tabilo,105583,Dusan Lajovic,31,108,0.6394,0.6398,0.4977,0.0,0.6978,0.2523,1.0,False
2025-0404#315,2025-03-05,Indian Wells Masters,M,R64,Hard,3,126203,Taylor Fritz,209263,Matteo Gigante,4,217,0.7153,0.5807,0.9514,1.0,0.0498,0.0024,1.0,False
2025-0404#314,2025-03-05,Indian Wells Masters,M,R64,Hard,3,122298,Botic Van De Zandschulp,104925,Novak Djokovic,85,7,0.5461,0.6906,0.0336,0.0,3.394,0.934,0.0,False
2025-0404#313,2025-03-05,Indian Wells Masters,M,R64,Hard,3,202103,Francisco Cerundolo,111456,Mackenzie Mcdonald,26,109,0.6018,0.557,0.7213,1.0,0.3267,0.0777,1.0,False
2025-0404#312,2025-03-05,Indian Wells Masters,M,R64,Hard,3,128034,Hubert Hurkacz,200384,Hugo Gaston,22,93,0.7123,0.6284,0.8443,1.0,0.1692,0.0242,1.0,False
2025-0404#311,2025-03-05,Indian Wells Masters,M,R64,Hard,3,200282,Alex De Minaur,105676,David Goffin,10,56,0.6336,0.5373,0.8951,1.0,0.1108,0.011,1.0,False
2025-0404#310,2025-03-05,Indian Wells Masters,M,R64,Hard,3,105777,Grigor Dimitrov,132686,Nuno Borges,15,36,0.6845,0.6265,0.7616,1.0,0.2723,0.0568,1.0,False
2025-0404#309,2025-03-05,Indian Wells Masters,M,R64,Hard,3,104792,Gael Monfils,200624,Sebastian Korda,42,25,0.6099,0.6498,0.3077,0.0,1.1788,0.4793,0.0,False
2025-0404#308,2025-03-05,Indian Wells Masters,M,R64,Hard,3,133430,Denis Shapovalov,200443,Adam Walton,28,96,0.6467,0.6119,0.6692,1.0,0.4016,0.1094,1.0,False
2025-0404#307,2025-03-05,Indian Wells Masters,M,R64,Hard,3,207989,Carlos Alcaraz,111460,Quentin Halys,3,59,0.7531,0.5674,0.9878,1.0,0.0123,0.0001,1.0,False
2025-0404#306,2025-03-05,Indian Wells Masters,M,R128,Hard,3,134868,Tallon Griekspoor,200175,Miomir Kecmanovic,43,49,0.6483,0.6947,0.288,0.0,1.2448,0.5069,1.0,False
2025-0404#305,2025-03-05,Indian Wells Masters,M,R128,Hard,3,206681,Fabian Marozsan,124079,Pedro Martinez,54,41,0.5701,0.5684,0.5088,1.0,0.6756,0.2412,0.0,False
2025-0404#304,2025-03-05,Indian Wells Masters,M,R128,Hard,3,133297,Yosuke Watanuki,122330,Alexander Bublik,349,82,0.6697,0.6147,0.753,1.0,0.2837,0.061,0.0,False
2025-0404#303,2025-03-05,Indian Wells Masters,M,R128,Hard,3,106000,Damir Dzumhur,105138,Roberto Bautista Agut,84,50,0.582,0.614,0.3394,0.0,1.0807,0.4364,0.0,False
2025-0404#302,2025-03-05,Indian Wells Masters,M,R128,Hard,3,144895,Corentin Moutet,111442,Jordan Thompson,79,38,0.6155,0.6105,0.5253,1.0,0.6437,0.2253,0.0,False
2025-0404#301,2025-03-05,Indian Wells Masters,M,R128,Hard,3,105453,Kei Nishikori,144719,Jaume Munar,76,58,0.5594,0.5962,0.3147,0.0,1.1562,0.4697,0.0,False
2025-0404#300,2025-03-05,Indian Wells Masters,M,R128,Hard,3,106331,Christopher Oconnell,106148,Roberto Carballes Baena,75,52,0.6158,0.6667,0.2631,0.0,1.3352,0.543,0.0,False
2025-0404#299,2025-03-05,Indian Wells Masters,M,R128,Hard,3,205734,Thiago Seyboth Wild,124186,Alexandre Muller,91,44,0.5984,0.6349,0.3206,0.0,1.1375,0.4616,0.0,False
2025-0404#298,2025-03-05,Indian Wells Masters,M,R128,Hard,3,106218,Marcos Giron,105932,Nikoloz Basilashvili,48,152,0.6234,0.6356,0.4389,0.0,0.8234,0.3148,1.0,False
2025-0404#297,2025-03-05,Indian Wells Masters,M,R128,Hard,3,200267,Zizou Bergs,210319,Ethan Quinn,53,137,0.6308,0.617,0.5695,1.0,0.563,0.1853,1.0,False
2025-0404#296,2025-03-05,Indian Wells Masters,M,R128,Hard,3,209113,Gabriel Diallo,111190,Zhizhen Zhang,88,51,0.6585,0.644,0.5711,1.0,0.5602,0.1839,0.0,False
2025-0404#295,2025-03-05,Indian Wells Masters,M,R128,Hard,3,126128,Roman Safiullin,124187,Reilly Opelka,69,114,0.7145,0.6922,0.6025,1.0,0.5066,0.158,1.0,False
2025-0404#294,2025-03-05,Indian Wells Masters,M,R128,Hard,3,207729,Tristan Boyer,126846,Aleksandar Vukic,117,64,0.6834,0.6649,0.5879,1.0,0.5312,0.1698,0.0,False
2025-0404#293,2025-03-05,Indian Wells Masters,M,R128,Hard,3,111815,Cameron Norrie,208134,Luca Nardi,77,67,0.6296,0.5529,0.8405,1.0,0.1737,0.0254,0.0,False
2025-0404#292,2025-03-05,Indian Wells Masters,M,R128,Hard,3,212256,Colton Smith,207925,Flavio Cobolli,261,40,0.6424,0.6212,0.605,1.0,0.5025,0.156,0.0,False
2025-0404#291,2025-03-05,Indian Wells Masters,M,R128,Hard,3,207352,Bu Yunchaokete,210460,Nishesh Basavareddy,71,101,0.656,0.6499,0.5298,1.0,0.6352,0.221,1.0,False
2025-0404#290,2025-03-05,Indian Wells Masters,M,R128,Hard,3,208286,Matteo Arnaldi,206499,Aleksandar Kovacevic,35,94,0.6707,0.6267,0.707,1.0,0.3468,0.0859,1.0,False
2025-0404#289,2025-03-05,Indian Wells Masters,M,R128,Hard,3,208014,Rinky Hijikata,207686,Alexander Shevchenko,83,98,0.5712,0.5818,0.4447,0.0,0.8103,0.3083,1.0,False
2025-0404#288,2025-03-05,Indian Wells Masters,M,R128,Hard,3,210150,Jakub Mensik,144869,Tomas Martin Etcheverry,57,45,0.6149,0.6243,0.4521,0.0,0.794,0.3002,0.0,False
2025-0404#287,2025-03-05,Indian Wells Masters,M,R128,Hard,3,208363,Mariano Navone,210530,Learner Tien,63,68,0.5304,0.5375,0.4619,0.0,0.7724,0.2895,1.0,False
2025-0404#286,2025-03-05,Indian Wells Masters,M,R128,Hard,3,211663,Joao Fonseca,207985,Jacob Fearnley,80,81,0.6296,0.6322,0.4869,0.0,0.7198,0.2633,1.0,False
2025-0404#285,2025-03-05,Indian Wells Masters,M,R128,Hard,3,202385,Jenson Brooksby,126127,Benjamin Bonzi,937,62,0.5727,0.6731,0.1019,0.0,2.2836,0.8066,0.0,False
2025-0404#284,2025-03-05,Indian Wells Masters,M,R128,Hard,3,105583,Dusan Lajovic,111454,Li Tu,108,177,0.6643,0.5724,0.8784,1.0,0.1296,0.0148,1.0,False
2025-0404#283,2025-03-05,Indian Wells Masters,M,R128,Hard,3,209263,Matteo Gigante,202104,Sebastian Baez,217,34,0.5719,0.5885,0.4136,0.0,0.8828,0.3438,0.0,False
2025-0404#282,2025-03-05,Indian Wells Masters,M,R128,Hard,3,122298,Botic Van De Zandschulp,106401,Nick Kyrgios,85,1099,0.6275,0.6508,0.3852,0.0,0.954,0.378,1.0,True
2025-0404#281,2025-03-05,Indian Wells Masters,M,R128,Hard,3,111456,Mackenzie Mcdonald,200221,Alejandro Davidovich Fokina,109,39,0.5654,0.5833,0.407,0.0,0.8989,0.3516,0.0,False
2025-0404#280,2025-03-05,Indian Wells Masters,M,R128,Hard,3,200384,Hugo Gaston,209260,Luciano Darderi,93,60,0.58,0.5897,0.4494,0.0,0.7999,0.3032,0.0,False
2025-0404#279,2025-03-05,Indian Wells Masters,M,R128,Hard,3,105676,David Goffin,132283,Lorenzo Sonego,56,37,0.6342,0.6133,0.6045,1.0,0.5034,0.1564,0.0,False
2025-0404#278,2025-03-05,Indian Wells Masters,M,R128,Hard,3,132686,Nuno Borges,126239,Arthur Rinderknech,36,73,0.6763,0.6259,0.7329,1.0,0.3107,0.0713,1.0,False
2025-0404#277,2025-03-05,Indian Wells Masters,M,R128,Hard,3,104792,Gael Monfils,105526,Jan Lennard Struff,42,46,0.6041,0.6645,0.2245,0.0,1.494,0.6014,1.0,False
2025-0404#276,2025-03-05,Indian Wells Masters,M,R128,Hard,3,200443,Adam Walton,206748,Giulio Zeppieri,96,394,0.6051,0.6466,0.2998,0.0,1.2047,0.4903,1.0,False
2025-0404#275,2025-03-05,Indian Wells Masters,M,R128,Hard,3,111460,Quentin Halys,105807,Pablo Carreno Busta,59,112,0.66,0.6796,0.4067,0.0,0.8998,0.352,1.0,False
2025-0403#369,2025-03-19,Miami Masters,M,F,Hard,3,210150,Jakub Mensik,104925,Novak Djokovic,54,5,0.5519,0.6738,0.0602,0.0,2.8095,0.8832,0.0,False
2025-0403#368,2025-03-19,Miami Masters,M,SF,Hard,3,210150,Jakub Mensik,126203,Taylor Fritz,54,4,0.6113,0.6966,0.1478,0.0,1.9122,0.7263,0.0,False
2025-0403#367,2025-03-19,Miami Masters,M,SF,Hard,3,104925,Novak Djokovic,105777,Grigor Dimitrov,5,15,0.6451,0.579,0.8009,1.0,0.222,0.0396,1.0,False
2025-0403#366,2025-03-19,Miami Masters,M,QF,Hard,3,210150,Jakub Mensik,209950,Arthur Fils,54,18,0.6236,0.6507,0.3676,0.0,1.0008,0.4,0.0,False
2025-0403#365,2025-03-19,Miami Masters,M,QF,Hard,3,126203,Taylor Fritz,126610,Matteo Berrettini,4,30,0.7005,0.6765,0.612,1.0,0.491,0.1505,1.0,False
2025-0403#364,2025-03-19,Miami Masters,M,QF,Hard,3,104925,Novak Djokovic,200624,Sebastian Korda,5,25,0.6722,0.5779,0.8833,1.0,0.1241,0.0136,1.0,False
2025-0403#363,2025-03-19,Miami Masters,M,QF,Hard,3,105777,Grigor Dimitrov,202103,Francisco Cerundolo,15,24,0.6268,0.6137,0.5665,1.0,0.5682,0.1879,1.0,False
2025-0403#362,2025-03-19,Miami Masters,M,R16,Hard,3,209950,Arthur Fils,100644,Alexander Zverev,18,2,0.6284,0.6587,0.3532,0.0,1.0406,0.4183,0.0,False
2025-0403#360,2025-03-19,Miami Masters,M,R16,Hard,3,126203,Taylor Fritz,200443,Adam Walton,4,89,0.7375,0.6402,0.8747,1.0,0.1339,0.0157,1.0,False
2025-0403#359,2025-03-19,Miami Masters,M,R16,Hard,3,126610,Matteo Berrettini,200282,Alex De Minaur,30,11,0.5735,0.6971,0.0613,0.0,2.7917,0.8811,0.0,False
2025-0403#358,2025-03-19,Miami Masters,M,R16,Hard,3,200624,Sebastian Korda,104792,Gael Monfils,25,46,0.6549,0.6163,0.6856,1.0,0.3775,0.0989,1.0,False
2025-0403#357,2025-03-19,Miami Masters,M,R16,Hard,3,104925,Novak Djokovic,207518,Lorenzo Musetti,5,16,0.6413,0.591,0.7394,1.0,0.3019,0.0679,1.0,False
2025-0403#356,2025-03-19,Miami Masters,M,R16,Hard,3,202103,Francisco Cerundolo,134770,Casper Ruud,24,6,0.5955,0.5835,0.5621,1.0,0.576,0.1917,0.0,False
2025-0403#355,2025-03-19,Miami Masters,M,R16,Hard,3,105777,Grigor Dimitrov,206909,Brandon Nakashima,15,32,0.6431,0.6456,0.488,0.0,0.7175,0.2622,1.0,False
2025-0403#354,2025-03-19,Miami Masters,M,R32,Hard,3,100644,Alexander Zverev,111442,Jordan Thompson,2,37,0.7122,0.5994,0.9161,1.0,0.0876,0.007,1.0,False
2025-0403#353,2025-03-19,Miami Masters,M,R32,Hard,3,209950,Arthur Fils,126207,Frances Tiafoe,18,17,0.6559,0.6239,0.6553,1.0,0.4227,0.1188,0.0,False
2025-0403#352,2025-03-19,Miami Masters,M,R32,Hard,3,207830,Tomas Machac,124187,Reilly Opelka,21,114,0.7419,0.6679,0.8044,1.0,0.2177,0.0383,1.0,False
2025-0403#351,2025-03-19,Miami Masters,M,R32,Hard,3,210150,Jakub Mensik,126128,Roman Safiullin,54,71,0.6297,0.623,0.5334,1.0,0.6285,0.2177,1.0,False
2025-0403#350,2025-03-19,Miami Masters,M,R32,Hard,3,126203,Taylor Fritz,133430,Denis Shapovalov,4,28,0.6362,0.5785,0.7708,1.0,0.2603,0.0525,1.0,False
2025-0403#349,2025-03-19,Miami Masters,M,R32,Hard,3,200443,Adam Walton,209409,Coleman Wong,89,182,0.6751,0.6785,0.4836,0.0,0.7264,0.2666,1.0,False
2025-0403#348,2025-03-19,Miami Masters,M,R32,Hard,3,200282,Alex De Minaur,211663,Joao Fonseca,11,60,0.6245,0.5211,0.9127,1.0,0.0913,0.0076,1.0,False
2025-0403#347,2025-03-19,Miami Masters,M,R32,Hard,3,126610,Matteo Berrettini,200267,Zizou Bergs,30,51,0.6862,0.6625,0.6125,1.0,0.4902,0.1502,1.0,False
2025-0403#346,2025-03-19,Miami Masters,M,R32,Hard,3,104792,Gael Monfils,144719,Jaume Munar,46,56,0.6766,0.6489,0.6324,1.0,0.4583,0.1351,1.0,False
2025-0403#345,2025-03-19,Miami Masters,M,R32,Hard,3,200624,Sebastian Korda,126774,Stefanos Tsitsipas,25,10,0.6311,0.6502,0.4058,0.0,0.9019,0.3531,0.0,False
2025-0403#344,2025-03-19,Miami Masters,M,R32,Hard,3,207518,Lorenzo Musetti,200000,Felix Auger Aliassime,16,19,0.632,0.6371,0.4743,0.0,0.746,0.2764,1.0,False
2025-0403#343,2025-03-19,Miami Masters,M,R32,Hard,3,104925,Novak Djokovic,200116,Camilo Ugo Carabelli,5,65,0.686,0.5548,0.9514,1.0,0.0498,0.0024,1.0,False
2025-0403#342,2025-03-19,Miami Masters,M,R32,Hard,3,134770,Casper Ruud,126214,Alejandro Tabilo,6,31,0.6707,0.5885,0.8497,1.0,0.1629,0.0226,1.0,False
2025-0403#341,2025-03-19,Miami Masters,M,R32,Hard,3,202103,Francisco Cerundolo,126205,Tommy Paul,24,13,0.5764,0.5877,0.4407,0.0,0.8194,0.3128,0.0,False
2025-0403#340,2025-03-19,Miami Masters,M,R32,Hard,3,105777,Grigor Dimitrov,111575,Karen Khachanov,15,23,0.6319,0.6465,0.4279,0.0,0.8489,0.3273,1.0,False
2025-0403#339,2025-03-19,Miami Masters,M,R32,Hard,3,206909,Brandon Nakashima,105676,David Goffin,32,55,0.6502,0.6168,0.6627,1.0,0.4114,0.1138,1.0,False
2025-0403#338,2025-03-19,Miami Masters,M,R64,Hard,3,100644,Alexander Zverev,207985,Jacob Fearnley,2,83,0.692,0.5836,0.9118,1.0,0.0924,0.0078,1.0,False
2025-0403#337,2025-03-19,Miami Masters,M,R64,Hard,3,111442,Jordan Thompson,208659,Giovanni Mpetshi Perricard,37,29,0.7151,0.6661,0.7183,1.0,0.3308,0.0793,0.0,False
2025-0403#336,2025-03-19,Miami Masters,M,R64,Hard,3,209950,Arthur Fils,209113,Gabriel Diallo,18,87,0.6522,0.5982,0.7525,1.0,0.2843,0.0612,1.0,True
2025-0403#335,2025-03-19,Miami Masters,M,R64,Hard,3,126207,Frances Tiafoe,200221,Alejandro Davidovich Fokina,17,39,0.6186,0.633,0.4278,0.0,0.8492,0.3275,1.0,False
2025-0403#334,2025-03-19,Miami Masters,M,R64,Hard,3,124187,Reilly Opelka,208029,Holger Rune,114,12,0.6954,0.749,0.2718,0.0,1.3028,0.5303,0.0,False
2025-0403#333,2025-03-19,Miami Masters,M,R64,Hard,3,207830,Tomas Machac,208286,Matteo Arnaldi,21,35,0.6201,0.6153,0.5244,1.0,0.6456,0.2262,1.0,False
2025-0403#332,2025-03-19,Miami Masters,M,R64,Hard,3,126128,Roman Safiullin,200615,Alexei Popyrin,71,26,0.6506,0.6365,0.5694,1.0,0.5631,0.1854,0.0,False
2025-0403#331,2025-03-19,Miami Masters,M,R64,Hard,3,210150,Jakub Mensik,207733,Jack Draper,54,7,0.6271,0.6878,0.2285,0.0,1.4761,0.5952,0.0,False
2025-0403#330,2025-03-19,Miami Masters,M,R64,Hard,3,126203,Taylor Fritz,132283,Lorenzo Sonego,4,38,0.7373,0.6388,0.8777,1.0,0.1305,0.015,1.0,False
2025-0403#329,2025-03-19,Miami Masters,M,R64,Hard,3,133430,Denis Shapovalov,202058,Thiago Agustin Tirante,28,117,0.6534,0.6269,0.6293,1.0,0.4631,0.1374,1.0,False
2025-0403#328,2025-03-19,Miami Masters,M,R64,Hard,3,200443,Adam Walton,209260,Luciano Darderi,89,61,0.638,0.6326,0.5269,1.0,0.6408,0.2239,0.0,False
2025-0403#327,2025-03-19,Miami Masters,M,R64,Hard,3,209409,Coleman Wong,210097,Ben Shelton,182,14,0.703,0.715,0.4449,0.0,0.8098,0.3081,0.0,False
2025-0403#326,2025-03-19,Miami Masters,M,R64,Hard,3,200282,Alex De Minaur,207352,Bu Yunchaokete,11,69,0.6416,0.526,0.934,1.0,0.0682,0.0043,1.0,False
2025-0403#325,2025-03-19,Miami Masters,M,R64,Hard,3,211663,Joao Fonseca,200005,Ugo Humbert,60,20,0.6258,0.655,0.3579,0.0,1.0275,0.4123,0.0,False
2025-0403#324,2025-03-19,Miami Masters,M,R64,Hard,3,126610,Matteo Berrettini,200384,Hugo Gaston,30,88,0.7122,0.6262,0.8505,1.0,0.162,0.0224,1.0,False
2025-0403#323,2025-03-19,Miami Masters,M,R64,Hard,3,200267,Zizou Bergs,126094,Andrey Rublev,51,9,0.6284,0.6445,0.42,0.0,0.8674,0.3364,0.0,False
2025-0403#322,2025-03-19,Miami Masters,M,R64,Hard,3,144719,Jaume Munar,106421,Daniil Medvedev,56,8,0.585,0.6657,0.1537,0.0,1.8726,0.7162,0.0,False
2025-0403#321,2025-03-19,Miami Masters,M,R64,Hard,3,104792,Gael Monfils,208103,Jiri Lehecka,46,27,0.6167,0.6483,0.3459,0.0,1.0617,0.4279,0.0,False
2025-0403#320,2025-03-19,Miami Masters,M,R64,Hard,3,200624,Sebastian Korda,208118,Eliot Spizzirri,25,134,0.6452,0.5824,0.7889,1.0,0.2372,0.0446,1.0,False
2025-0403#319,2025-03-19,Miami Masters,M,R64,Hard,3,126774,Stefanos Tsitsipas,202358,Chun Hsin Tseng,10,115,0.6299,0.5972,0.662,1.0,0.4126,0.1143,1.0,False
2025-0403#318,2025-03-19,Miami Masters,M,R64,Hard,3,207518,Lorenzo Musetti,111460,Quentin Halys,16,57,0.7292,0.6508,0.8226,1.0,0.1953,0.0315,1.0,False
2025-0403#317,2025-03-19,Miami Masters,M,R64,Hard,3,200000,Felix Auger Aliassime,209262,Tristan Schoolkate,19,129,0.697,0.6224,0.8188,1.0,0.1999,0.0328,1.0,False
2025-0403#316,2025-03-19,Miami Masters,M,R64,Hard,3,200116,Camilo Ugo Carabelli,210506,Alex Michelsen,65,33,0.5632,0.565,0.4904,0.0,0.7125,0.2597,0.0,False
2025-0403#315,2025-03-19,Miami Masters,M,R64,Hard,3,104925,Novak Djokovic,208014,Rinky Hijikata,5,86,0.7017,0.5383,0.9805,1.0,0.0197,0.0004,1.0,False
2025-0403#314,2025-03-19,Miami Masters,M,R64,Hard,3,134770,Casper Ruud,200175,Miomir Kecmanovic,6,48,0.6331,0.5976,0.6749,1.0,0.3932,0.1057,1.0,False
2025-0403#313,2025-03-19,Miami Masters,M,R64,Hard,3,126214,Alejandro Tabilo,144895,Corentin Moutet,31,76,0.6217,0.6259,0.4783,0.0,0.7375,0.2722,1.0,False
2025-0403#312,2025-03-19,Miami Masters,M,R64,Hard,3,202103,Francisco Cerundolo,124186,Alexandre Muller,24,41,0.6034,0.5511,0.7537,1.0,0.2827,0.0607,1.0,False
2025-0403#311,2025-03-19,Miami Masters,M,R64,Hard,3,126205,Tommy Paul,122330,Alexander Bublik,13,80,0.7012,0.5638,0.9571,1.0,0.0438,0.0018,1.0,False
2025-0403#310,2025-03-19,Miami Masters,M,R64,Hard,3,105777,Grigor Dimitrov,210748,Federico Cina,15,441,0.6612,0.6239,0.6789,1.0,0.3873,0.1031,1.0,False
2025-0403#309,2025-03-19,Miami Masters,M,R64,Hard,3,111575,Karen Khachanov,106401,Nick Kyrgios,23,892,0.7235,0.6168,0.9006,1.0,0.1047,0.0099,1.0,False
2025-0403#308,2025-03-19,Miami Masters,M,R64,Hard,3,206909,Brandon Nakashima,106148,Roberto Carballes Baena,32,53,0.6767,0.645,0.6507,1.0,0.4297,0.122,1.0,False
2025-0403#307,2025-03-19,Miami Masters,M,R64,Hard,3,105676,David Goffin,207989,Carlos Alcaraz,55,3,0.5297,0.6553,0.052,0.0,2.9562,0.8987,0.0,False
2025-0403#306,2025-03-19,Miami Masters,M,R128,Hard,3,207985,Jacob Fearnley,126127,Benjamin Bonzi,83,63,0.6056,0.6343,0.3573,0.0,1.0291,0.413,0.0,False
2025-0403#305,2025-03-19,Miami Masters,M,R128,Hard,3,111442,Jordan Thompson,106218,Marcos Giron,37,45,0.6532,0.6589,0.4719,0.0,0.7509,0.2789,1.0,False
2025-0403#304,2025-03-19,Miami Masters,M,R128,Hard,3,209113,Gabriel Diallo,144869,Tomas Martin Etcheverry,87,44,0.6064,0.6527,0.2799,0.0,1.2733,0.5185,0.0,False
2025-0403#303,2025-03-19,Miami Masters,M,R128,Hard,3,200221,Alejandro Davidovich Fokina,105526,Jan Lennard Struff,39,49,0.638,0.6354,0.513,1.0,0.6675,0.2372,1.0,False
2025-0403#302,2025-03-19,Miami Masters,M,R128,Hard,3,124187,Reilly Opelka,111153,Christopher Eubanks,114,104,0.7288,0.6952,0.65,1.0,0.4308,0.1225,0.0,False
2025-0403#301,2025-03-19,Miami Masters,M,R128,Hard,3,208286,Matteo Arnaldi,200059,Yibing Wu,35,421,0.6043,0.6153,0.4435,0.0,0.813,0.3096,1.0,False
2025-0403#300,2025-03-19,Miami Masters,M,R128,Hard,3,126128,Roman Safiullin,202385,Jenson Brooksby,71,544,0.6372,0.5598,0.8413,1.0,0.1728,0.0252,1.0,False
2025-0403#299,2025-03-19,Miami Masters,M,R128,Hard,3,210150,Jakub Mensik,105138,Roberto Bautista Agut,54,50,0.5923,0.5977,0.4719,0.0,0.751,0.2789,0.0,False
2025-0403#298,2025-03-19,Miami Masters,M,R128,Hard,3,132283,Lorenzo Sonego,208363,Mariano Navone,38,62,0.5921,0.6319,0.3052,0.0,1.1867,0.4827,1.0,False
2025-0403#297,2025-03-19,Miami Masters,M,R128,Hard,3,202058,Thiago Agustin Tirante,207925,Flavio Cobolli,117,43,0.6539,0.6289,0.6222,1.0,0.4744,0.1427,0.0,False
2025-0403#296,2025-03-19,Miami Masters,M,R128,Hard,3,209260,Luciano Darderi,124079,Pedro Martinez,61,40,0.5895,0.5676,0.6131,1.0,0.4892,0.1497,0.0,False
2025-0403#295,2025-03-19,Miami Masters,M,R128,Hard,3,209409,Coleman Wong,127157,Daniel Altmaier,182,82,0.6591,0.675,0.4237,0.0,0.8587,0.3321,0.0,False
2025-0403#294,2025-03-19,Miami Masters,M,R128,Hard,3,207352,Bu Yunchaokete,111815,Cameron Norrie,69,81,0.6551,0.6355,0.5959,1.0,0.5177,0.1633,1.0,False
2025-0403#293,2025-03-19,Miami Masters,M,R128,Hard,3,211663,Joao Fonseca,210530,Learner Tien,60,66,0.5625,0.5678,0.4721,0.0,0.7505,0.2787,1.0,False
2025-0403#292,2025-03-19,Miami Masters,M,R128,Hard,3,200384,Hugo Gaston,106415,Yoshihito Nishioka,88,68,0.588,0.6044,0.4154,0.0,0.8785,0.3417,0.0,True
2025-0403#291,2025-03-19,Miami Masters,M,R128,Hard,3,200267,Zizou Bergs,132686,Nuno Borges,51,42,0.6182,0.6153,0.5144,1.0,0.6647,0.2358,0.0,False
2025-0403#290,2025-03-19,Miami Masters,M,R128,Hard,3,144719,Jaume Munar,126239,Arthur Rinderknech,56,74,0.6323,0.6223,0.5505,1.0,0.597,0.2021,1.0,False
2025-0403#289,2025-03-19,Miami Masters,M,R128,Hard,3,104792,Gael Monfils,206681,Fabian Marozsan,46,59,0.7125,0.6424,0.7992,1.0,0.2242,0.0403,1.0,False
2025-0403#288,2025-03-19,Miami Masters,M,R128,Hard,3,208118,Eliot Spizzirri,126129,Billy Harris,134,107,0.6208,0.6408,0.4006,0.0,0.9148,0.3593,0.0,False
2025-0403#287,2025-03-19,Miami Masters,M,R128,Hard,3,202358,Chun Hsin Tseng,208233,Mattia Bellucci,115,72,0.6447,0.6252,0.5963,1.0,0.517,0.163,0.0,False
2025-0403#286,2025-03-19,Miami Masters,M,R128,Hard,3,111460,Quentin Halys,205734,Thiago Seyboth Wild,57,96,0.698,0.6652,0.6519,1.0,0.4278,0.1212,1.0,False
2025-0403#285,2025-03-19,Miami Masters,M,R128,Hard,3,209262,Tristan Schoolkate,210319,Ethan Quinn,129,135,0.6358,0.663,0.3684,0.0,0.9985,0.3989,1.0,False
2025-0403#284,2025-03-19,Miami Masters,M,R128,Hard,3,200116,Camilo Ugo Carabelli,200587,Brandon Holt,65,116,0.6022,0.5561,0.7273,1.0,0.3184,0.0743,1.0,False
2025-0403#283,2025-03-19,Miami Masters,M,R128,Hard,3,208014,Rinky Hijikata,209098,Hamad Medjedovic,86,73,0.582,0.6857,0.0972,0.0,2.331,0.8151,0.0,False
2025-0403#282,2025-03-19,Miami Masters,M,R128,Hard,3,200175,Miomir Kecmanovic,206499,Aleksandar Kovacevic,48,79,0.6954,0.6422,0.74,1.0,0.3011,0.0676,1.0,False
2025-0403#281,2025-03-19,Miami Masters,M,R128,Hard,3,144895,Corentin Moutet,210696,Alexander Blockx,76,163,0.576,0.5327,0.7176,1.0,0.3318,0.0797,1.0,False
2025-0403#280,2025-03-19,Miami Masters,M,R128,Hard,3,124186,Alexandre Muller,210536,Rei Sakamoto,41,330,0.5961,0.5953,0.5046,1.0,0.6841,0.2455,1.0,False
2025-0403#279,2025-03-19,Miami Masters,M,R128,Hard,3,122330,Alexander Bublik,202104,Sebastian Baez,80,36,0.6535,0.65,0.5171,1.0,0.6595,0.2332,0.0,False
2025-0403#278,2025-03-19,Miami Masters,M,R128,Hard,3,210748,Federico Cina,207681,Francisco Comesana,441,67,0.6546,0.6271,0.634,1.0,0.4556,0.1339,0.0,False
2025-0403#277,2025-03-19,Miami Masters,M,R128,Hard,3,106401,Nick Kyrgios,111456,Mackenzie Mcdonald,892,101,0.6169,0.6546,0.3182,0.0,1.145,0.4648,0.0,False
2025-0403#276,2025-03-19,Miami Masters,M,R128,Hard,3,106148,Roberto Carballes Baena,106331,Christopher Oconnell,53,78,0.6619,0.6024,0.7729,1.0,0.2576,0.0516,1.0,False
2025-0403#275,2025-03-19,Miami Masters,M,R128,Hard,3,105676,David Goffin,126846,Aleksandar Vukic,55,77,0.6255,0.6335,0.4601,0.0,0.7763,0.2915,1.0,False
2025-0360#385,2025-03-31,Marrakech,250,F,Clay,3,209260,Luciano Darderi,134868,Tallon Griekspoor,57,37,0.6046,0.632,0.3632,0.0,1.0128,0.4055,0.0,False
2025-0360#384,2025-03-31,Marrakech,250,SF,Clay,3,134868,Tallon Griekspoor,111794,Kamil Majchrzak,37,122,0.617,0.6189,0.4902,0.0,0.7129,0.2599,1.0,False
2025-0360#383,2025-03-31,Marrakech,250,SF,Clay,3,209260,Luciano Darderi,106148,Roberto Carballes Baena,57,51,0.6076,0.614,0.4672,0.0,0.7609,0.2838,0.0,False
2025-0360#382,2025-03-31,Marrakech,250,QF,Clay,3,134868,Tallon Griekspoor,208233,Mattia Bellucci,37,71,0.6211,0.6139,0.5369,1.0,0.622,0.2145,1.0,False
2025-0360#381,2025-03-31,Marrakech,250,QF,Clay,3,111794,Kamil Majchrzak,124186,Alexandre Muller,122,41,0.5901,0.6124,0.3863,0.0,0.9513,0.3767,0.0,False
2025-0360#380,2025-03-31,Marrakech,250,QF,Clay,3,106148,Roberto Carballes Baena,132686,Nuno Borges,51,43,0.583,0.5942,0.4422,0.0,0.816,0.3111,0.0,False
2025-0360#379,2025-03-31,Marrakech,250,QF,Clay,3,209260,Luciano Darderi,200240,Vit Kopriva,57,106,0.6094,0.5375,0.8276,1.0,0.1892,0.0297,1.0,False
2025-0360#378,2025-03-31,Marrakech,250,R16,Clay,3,134868,Tallon Griekspoor,105807,Pablo Carreno Busta,37,110,0.6271,0.6343,0.4639,0.0,0.7681,0.2874,1.0,False
2025-0360#377,2025-03-31,Marrakech,250,R16,Clay,3,208233,Mattia Bellucci,105732,Pierre Hugues Herbert,71,169,0.6298,0.5408,0.877,1.0,0.1312,0.0151,1.0,False
2025-0360#376,2025-03-31,Marrakech,250,R16,Clay,3,124186,Alexandre Muller,106198,Hugo Dellien,41,102,0.5794,0.5867,0.4622,0.0,0.7717,0.2892,1.0,False
2025-0360#375,2025-03-31,Marrakech,250,R16,Clay,3,111794,Kamil Majchrzak,207411,Jesper De Jong,122,98,0.6083,0.6158,0.4615,0.0,0.7733,0.29,0.0,False
2025-0360#374,2025-03-31,Marrakech,250,R16,Clay,3,106148,Roberto Carballes Baena,202261,Otto Virtanen,51,135,0.6049,0.5998,0.5262,1.0,0.6421,0.2245,1.0,False
2025-0360#373,2025-03-31,Marrakech,250,R16,Clay,3,132686,Nuno Borges,209920,Raphael Collignon,43,92,0.6373,0.5819,0.7612,1.0,0.2728,0.057,1.0,False
2025-0360#372,2025-03-31,Marrakech,250,R16,Clay,3,209260,Luciano Darderi,200384,Hugo Gaston,57,84,0.5939,0.5944,0.4978,0.0,0.6976,0.2522,1.0,False
2025-0360#371,2025-03-31,Marrakech,250,R16,Clay,3,200240,Vit Kopriva,132283,Lorenzo Sonego,106,38,0.5625,0.661,0.1042,0.0,2.261,0.8024,0.0,False
2025-0360#370,2025-03-31,Marrakech,250,R32,Clay,3,105807,Pablo Carreno Busta,207794,Younes Lalami Laaroussi,110,1193,0.6056,0.6013,0.522,1.0,0.6501,0.2285,1.0,False
2025-0360#369,2025-03-31,Marrakech,250,R32,Clay,3,105732,Pierre Hugues Herbert,105948,Federico Coria,169,126,0.6609,0.587,0.8251,1.0,0.1923,0.0306,0.0,False
2025-0360#368,2025-03-31,Marrakech,250,R32,Clay,3,208233,Mattia Bellucci,200303,Pavel Kotov,71,107,0.629,0.6178,0.5561,1.0,0.5868,0.1971,1.0,False
2025-0360#367,2025-03-31,Marrakech,250,R32,Clay,3,106198,Hugo Dellien,126846,Aleksandar Vukic,102,76,0.6413,0.6019,0.6917,1.0,0.3687,0.0951,0.0,False
2025-0360#366,2025-03-31,Marrakech,250,R32,Clay,3,207411,Jesper De Jong,200611,Elliot Benchetrit,98,608,0.6243,0.5883,0.6783,1.0,0.3882,0.1035,1.0,False
2025-0360#365,2025-03-31,Marrakech,250,R32,Clay,3,111794,Kamil Majchrzak,144719,Jaume Munar,122,55,0.5638,0.6036,0.3013,0.0,1.1997,0.4882,0.0,False
2025-0360#364,2025-03-31,Marrakech,250,R32,Clay,3,106148,Roberto Carballes Baena,207220,Taha Baadi,51,703,0.5918,0.6101,0.4065,0.0,0.9002,0.3523,1.0,False
2025-0360#363,2025-03-31,Marrakech,250,R32,Clay,3,202261,Otto Virtanen,127157,Daniel Altmaier,135,83,0.6141,0.6184,0.478,0.0,0.738,0.2724,0.0,False
2025-0360#362,2025-03-31,Marrakech,250,R32,Clay,3,209920,Raphael Collignon,104926,Fabio Fognini,92,99,0.6216,0.5378,0.8638,1.0,0.1464,0.0186,1.0,False
2025-0360#361,2025-03-31,Marrakech,250,R32,Clay,3,209260,Luciano Darderi,207729,Tristan Boyer,57,121,0.5983,0.6053,0.4643,0.0,0.7673,0.287,1.0,False
2025-0360#360,2025-03-31,Marrakech,250,R32,Clay,3,200384,Hugo Gaston,207678,Juan Manuel Cerundolo,84,128,0.5732,0.5901,0.4126,0.0,0.8853,0.345,1.0,False
2025-0360#359,2025-03-31,Marrakech,250,R32,Clay,3,200240,Vit Kopriva,127339,Borna Gojo,106,414,0.5673,0.6432,0.1647,0.0,1.8036,0.6977,1.0,False
2025-0717#385,2025-03-31,Houston,250,F,Clay,3,202385,Jenson Brooksby,126207,Frances Tiafoe,507,17,0.591,0.6576,0.1996,0.0,1.6112,0.6406,0.0,False
2025-0717#384,2025-03-31,Houston,250,SF,Clay,3,202385,Jenson Brooksby,126205,Tommy Paul,507,13,0.5388,0.676,0.0396,0.0,3.2293,0.9224,0.0,False
2025-0717#383,2025-03-31,Houston,250,SF,Clay,3,126207,Frances Tiafoe,206909,Brandon Nakashima,17,33,0.6229,0.6557,0.3408,0.0,1.0765,0.4346,1.0,False
2025-0717#382,2025-03-31,Houston,250,QF,Clay,3,126205,Tommy Paul,212256,Colton Smith,13,200,0.6214,0.5453,0.8399,1.0,0.1745,0.0256,1.0,False
2025-0717#381,2025-03-31,Houston,250,QF,Clay,3,202385,Jenson Brooksby,206499,Aleksandar Kovacevic,507,79,0.5903,0.6034,0.4323,0.0,0.8385,0.3222,0.0,False
2025-0717#380,2025-03-31,Houston,250,QF,Clay,3,206909,Brandon Nakashima,111153,Christopher Eubanks,33,117,0.6565,0.5711,0.862,1.0,0.1485,0.019,1.0,False
2025-0717#379,2025-03-31,Houston,250,QF,Clay,3,126207,Frances Tiafoe,210506,Alex Michelsen,17,34,0.6335,0.631,0.5122,1.0,0.669,0.2379,1.0,False
2025-0717#378,2025-03-31,Houston,250,R16,Clay,3,126205,Tommy Paul,106426,Cristian Garin,13,133,0.6498,0.5714,0.8422,1.0,0.1717,0.0249,1.0,False
2025-0717#377,2025-03-31,Houston,250,R16,Clay,3,212256,Colton Smith,210319,Ethan Quinn,200,130,0.607,0.589,0.5921,1.0,0.5241,0.1664,0.0,False
2025-0717#376,2025-03-31,Houston,250,R16,Clay,3,202385,Jenson Brooksby,126214,Alejandro Tabilo,507,32,0.5936,0.6372,0.2891,0.0,1.2411,0.5054,0.0,False
2025-0717#375,2025-03-31,Houston,250,R16,Clay,3,206499,Aleksandar Kovacevic,144656,Corentin Denolly,79,328,0.6053,0.6299,0.3769,0.0,0.9759,0.3883,1.0,False
2025-0717#374,2025-03-31,Houston,250,R16,Clay,3,111153,Christopher Eubanks,105453,Kei Nishikori,117,66,0.5863,0.6131,0.3645,0.0,1.0091,0.4038,0.0,True
2025-0717#373,2025-03-31,Houston,250,R16,Clay,3,206909,Brandon Nakashima,111456,Mackenzie Mcdonald,33,100,0.6448,0.6014,0.7091,1.0,0.3438,0.0846,1.0,False
2025-0717#372,2025-03-31,Houston,250,R16,Clay,3,210506,Alex Michelsen,105173,Adrian Mannarino,34,144,0.6577,0.5552,0.9056,1.0,0.0991,0.0089,1.0,False
2025-0717#371,2025-03-31,Houston,250,R16,Clay,3,126207,Frances Tiafoe,200443,Adam Walton,17,85,0.6414,0.6139,0.636,1.0,0.4526,0.1325,1.0,False
2025-0717#370,2025-03-31,Houston,250,R32,Clay,3,106426,Cristian Garin,106310,Alexander Ritschard,133,125,0.6178,0.5822,0.6775,1.0,0.3894,0.104,0.0,False
2025-0717#369,2025-03-31,Houston,250,R32,Clay,3,212256,Colton Smith,105902,James Duckworth,200,89,0.6757,0.5933,0.8489,1.0,0.1638,0.0228,0.0,False
2025-0717#368,2025-03-31,Houston,250,R32,Clay,3,210319,Ethan Quinn,111442,Jordan Thompson,130,35,0.6213,0.6174,0.5196,1.0,0.6547,0.2308,0.0,False
2025-0717#367,2025-03-31,Houston,250,R32,Clay,3,202385,Jenson Brooksby,106121,Taro Daniel,507,124,0.609,0.5448,0.8004,1.0,0.2226,0.0398,0.0,False
2025-0717#366,2025-03-31,Houston,250,R32,Clay,3,144656,Corentin Denolly,200587,Brandon Holt,328,115,0.6294,0.5788,0.7427,1.0,0.2974,0.0662,0.0,False
2025-0717#365,2025-03-31,Houston,250,R32,Clay,3,206499,Aleksandar Kovacevic,144869,Tomas Martin Etcheverry,79,44,0.6188,0.6606,0.301,0.0,1.2006,0.4886,0.0,False
2025-0717#364,2025-03-31,Houston,250,R32,Clay,3,105453,Kei Nishikori,106283,Mitchell Krueger,66,141,0.5641,0.6165,0.2476,0.0,1.3958,0.566,1.0,False
2025-0717#363,2025-03-31,Houston,250,R32,Clay,3,111153,Christopher Eubanks,208014,Rinky Hijikata,117,82,0.6361,0.605,0.6538,1.0,0.425,0.1199,0.0,False
2025-0717#362,2025-03-31,Houston,250,R32,Clay,3,111456,Mackenzie Mcdonald,123755,Daniel Elahi Galan,100,114,0.6275,0.5944,0.664,1.0,0.4095,0.1129,1.0,False
2025-0717#361,2025-03-31,Houston,250,R32,Clay,3,210506,Alex Michelsen,210530,Learner Tien,34,69,0.5969,0.5619,0.6767,1.0,0.3906,0.1045,1.0,False
2025-0717#360,2025-03-31,Houston,250,R32,Clay,3,105173,Adrian Mannarino,105870,Yannick Hanfmann,144,123,0.523,0.6147,0.1138,0.0,2.1737,0.7854,0.0,False
2025-0717#359,2025-03-31,Houston,250,R32,Clay,3,200443,Adam Walton,111581,Michael Mmoh,85,282,0.6034,0.619,0.4209,0.0,0.8655,0.3354,1.0,False
2025-4462#385,2025-03-31,Bucharest,250,F,Clay,3,207925,Flavio Cobolli,202104,Sebastian Baez,45,36,0.6114,0.5982,0.5678,1.0,0.5659,0.1868,0.0,False
2025-4462#384,2025-03-31,Bucharest,250,SF,Clay,3,202104,Sebastian Baez,105916,Marton Fucsovics,36,90,0.5942,0.5855,0.5449,1.0,0.6072,0.2071,1.0,False
2025-4462#383,2025-03-31,Bucharest,250,SF,Clay,3,207925,Flavio Cobolli,106000,Damir Dzumhur,45,65,0.6215,0.5636,0.7739,1.0,0.2563,0.0511,1.0,False
2025-4462#382,2025-03-31,Bucharest,250,QF,Clay,3,202104,Sebastian Baez,207681,Francisco Comesana,36,64,0.6257,0.5937,0.6594,1.0,0.4164,0.116,1.0,False
2025-4462#381,2025-03-31,Bucharest,250,QF,Clay,3,105916,Marton Fucsovics,106331,Christopher Oconnell,90,87,0.6295,0.5834,0.7232,1.0,0.324,0.0766,0.0,False
2025-4462#380,2025-03-31,Bucharest,250,QF,Clay,3,207925,Flavio Cobolli,209209,Filip Misolic,45,232,0.6308,0.572,0.7759,1.0,0.2537,0.0502,1.0,False
2025-4462#379,2025-03-31,Bucharest,250,QF,Clay,3,106000,Damir Dzumhur,124079,Pedro Martinez,65,47,0.5382,0.5796,0.2917,0.0,1.232,0.5017,0.0,True
2025-4462#378,2025-03-31,Bucharest,250,R16,Clay,3,202104,Sebastian Baez,209113,Gabriel Diallo,36,81,0.6039,0.575,0.6467,1.0,0.4359,0.1248,1.0,False
2025-4462#377,2025-03-31,Bucharest,250,R16,Clay,3,207681,Francisco Comesana,105138,Roberto Bautista Agut,64,52,0.6138,0.6285,0.426,0.0,0.8532,0.3294,0.0,False
2025-4462#376,2025-03-31,Bucharest,250,R16,Clay,3,106331,Christopher Oconnell,111797,Nicolas Jarry,87,58,0.5341,0.5747,0.2948,0.0,1.2215,0.4973,0.0,False
2025-4462#375,2025-03-31,Bucharest,250,R16,Clay,3,105916,Marton Fucsovics,208363,Mariano Navone,90,61,0.5832,0.5963,0.4319,0.0,0.8395,0.3227,0.0,False
2025-4462#374,2025-03-31,Bucharest,250,R16,Clay,3,209209,Filip Misolic,200116,Camilo Ugo Carabelli,232,63,0.5388,0.5473,0.4551,0.0,0.7871,0.2969,0.0,False
2025-4462#373,2025-03-31,Bucharest,250,R16,Clay,3,207925,Flavio Cobolli,104755,Richard Gasquet,45,148,0.6397,0.5973,0.705,1.0,0.3496,0.087,1.0,False
2025-4462#372,2025-03-31,Bucharest,250,R16,Clay,3,106000,Damir Dzumhur,202262,Filip Cristian Jianu,65,241,0.5564,0.6086,0.2473,0.0,1.3972,0.5666,1.0,False
2025-4462#371,2025-03-31,Bucharest,250,R16,Clay,3,124079,Pedro Martinez,104527,Stan Wawrinka,47,161,0.6581,0.5914,0.8004,1.0,0.2226,0.0398,1.0,False
2025-4462#370,2025-03-31,Bucharest,250,R32,Clay,3,209113,Gabriel Diallo,202358,Chun Hsin Tseng,81,101,0.5849,0.6299,0.2815,0.0,1.2675,0.5162,1.0,False
2025-4462#369,2025-03-31,Bucharest,250,R32,Clay,3,207681,Francisco Comesana,105373,Martin Klizan,64,316,0.608,0.6105,0.4869,0.0,0.7197,0.2633,1.0,False
2025-4462#368,2025-03-31,Bucharest,250,R32,Clay,3,105138,Roberto Bautista Agut,207352,Bu Yunchaokete,52,67,0.6198,0.5882,0.6584,1.0,0.418,0.1167,1.0,False
2025-4462#367,2025-03-31,Bucharest,250,R32,Clay,3,106331,Christopher Oconnell,105583,Dusan Lajovic,87,109,0.5903,0.6229,0.3375,0.0,1.0862,0.4389,1.0,False
2025-4462#366,2025-03-31,Bucharest,250,R32,Clay,3,105916,Marton Fucsovics,208134,Luca Nardi,90,93,0.6184,0.5719,0.7265,1.0,0.3195,0.0748,1.0,False
2025-4462#365,2025-03-31,Bucharest,250,R32,Clay,3,208363,Mariano Navone,111513,Laslo Djere,61,78,0.5982,0.5748,0.6202,1.0,0.4778,0.1443,1.0,False
2025-4462#364,2025-03-31,Bucharest,250,R32,Clay,3,200116,Camilo Ugo Carabelli,105430,Radu Albot,63,223,0.5948,0.5676,0.6392,1.0,0.4475,0.1302,1.0,False
2025-4462#363,2025-03-31,Bucharest,250,R32,Clay,3,209209,Filip Misolic,207686,Alexander Shevchenko,232,105,0.5592,0.6033,0.2821,0.0,1.2656,0.5154,0.0,False
2025-4462#362,2025-03-31,Bucharest,250,R32,Clay,3,104755,Richard Gasquet,122298,Botic Van De Zandschulp,148,88,0.5694,0.6149,0.2773,0.0,1.2825,0.5222,0.0,False
2025-4462#361,2025-03-31,Bucharest,250,R32,Clay,3,106000,Damir Dzumhur,200473,Valentin Vacherot,65,259,0.5731,0.5876,0.4245,0.0,0.8567,0.3311,1.0,False
2025-4462#360,2025-03-31,Bucharest,250,R32,Clay,3,202262,Filip Cristian Jianu,210460,Nishesh Basavareddy,241,108,0.6181,0.601,0.5864,1.0,0.5337,0.1711,0.0,False
2025-4462#359,2025-03-31,Bucharest,250,R32,Clay,3,104527,Stan Wawrinka,207608,Timofey Skatov,161,174,0.6292,0.6489,0.4028,0.0,0.9094,0.3567,1.0,False
2025-0410#373,2025-04-07,Monte Carlo Masters,M,F,Clay,3,207989,Carlos Alcaraz,207518,Lorenzo Musetti,3,16,0.6262,0.5153,0.9274,1.0,0.0753,0.0053,1.0,False
2025-0410#372,2025-04-07,Monte Carlo Masters,M,SF,Clay,3,207518,Lorenzo Musetti,200282,Alex De Minaur,16,10,0.5118,0.58,0.1821,0.0,1.703,0.6689,0.0,False
2025-0410#371,2025-04-07,Monte Carlo Masters,M,SF,Clay,3,207989,Carlos Alcaraz,200221,Alejandro Davidovich Fokina,3,42,0.6379,0.5209,0.9368,1.0,0.0653,0.004,1.0,False
2025-0410#370,2025-04-07,Monte Carlo Masters,M,QF,Clay,3,207518,Lorenzo Musetti,126774,Stefanos Tsitsipas,16,8,0.6117,0.5965,0.5774,1.0,0.5492,0.1786,0.0,False
2025-0410#369,2025-04-07,Monte Carlo Masters,M,QF,Clay,3,200282,Alex De Minaur,105777,Grigor Dimitrov,10,18,0.6098,0.6063,0.5183,1.0,0.6573,0.2321,1.0,False
2025-0410#368,2025-04-07,Monte Carlo Masters,M,QF,Clay,3,200221,Alejandro Davidovich Fokina,200615,Alexei Popyrin,42,27,0.6408,0.615,0.6278,1.0,0.4656,0.1386,0.0,False
2025-0410#367,2025-04-07,Monte Carlo Masters,M,QF,Clay,3,207989,Carlos Alcaraz,209950,Arthur Fils,3,15,0.6369,0.5359,0.9057,1.0,0.099,0.0089,1.0,False
2025-0410#366,2025-04-07,Monte Carlo Masters,M,R16,Clay,3,207518,Lorenzo Musetti,126610,Matteo Berrettini,16,34,0.6246,0.6489,0.3803,0.0,0.9667,0.384,1.0,False
2025-0410#365,2025-04-07,Monte Carlo Masters,M,R16,Clay,3,126774,Stefanos Tsitsipas,132686,Nuno Borges,8,43,0.6194,0.6,0.5983,1.0,0.5137,0.1614,1.0,False
2025-0410#364,2025-04-07,Monte Carlo Masters,M,R16,Clay,3,105777,Grigor Dimitrov,126214,Alejandro Tabilo,18,32,0.6372,0.566,0.8209,1.0,0.1974,0.0321,1.0,False
2025-0410#363,2025-04-07,Monte Carlo Masters,M,R16,Clay,3,200282,Alex De Minaur,106421,Daniil Medvedev,10,11,0.5885,0.5691,0.6003,1.0,0.5104,0.1598,1.0,False
2025-0410#362,2025-04-07,Monte Carlo Masters,M,R16,Clay,3,200221,Alejandro Davidovich Fokina,207733,Jack Draper,42,6,0.5857,0.6363,0.2585,0.0,1.3528,0.5498,0.0,False
2025-0410#361,2025-04-07,Monte Carlo Masters,M,R16,Clay,3,200615,Alexei Popyrin,134770,Casper Ruud,27,7,0.6029,0.6635,0.2238,0.0,1.4972,0.6026,0.0,False
2025-0410#360,2025-04-07,Monte Carlo Masters,M,R16,Clay,3,209950,Arthur Fils,126094,Andrey Rublev,15,9,0.6254,0.6303,0.4754,0.0,0.7436,0.2752,0.0,False
2025-0410#359,2025-04-07,Monte Carlo Masters,M,R16,Clay,3,207989,Carlos Alcaraz,127157,Daniel Altmaier,3,84,0.6864,0.5584,0.9469,1.0,0.0545,0.0028,1.0,False
2025-0410#358,2025-04-07,Monte Carlo Masters,M,R32,Clay,3,126610,Matteo Berrettini,100644,Alexander Zverev,34,2,0.6025,0.6247,0.3887,0.0,0.945,0.3737,0.0,False
2025-0410#357,2025-04-07,Monte Carlo Masters,M,R32,Clay,3,207518,Lorenzo Musetti,208103,Jiri Lehecka,16,28,0.6278,0.6366,0.4561,0.0,0.7851,0.2958,1.0,False
2025-0410#356,2025-04-07,Monte Carlo Masters,M,R32,Clay,3,132686,Nuno Borges,124079,Pedro Martinez,43,51,0.6054,0.5594,0.7266,1.0,0.3193,0.0747,1.0,False
2025-0410#355,2025-04-07,Monte Carlo Masters,M,R32,Clay,3,126774,Stefanos Tsitsipas,111442,Jordan Thompson,8,38,0.6378,0.5986,0.6908,1.0,0.3699,0.0956,1.0,False
2025-0410#354,2025-04-07,Monte Carlo Masters,M,R32,Clay,3,126214,Alejandro Tabilo,104925,Novak Djokovic,32,5,0.5488,0.673,0.0565,0.0,2.8737,0.8902,0.0,False
2025-0410#353,2025-04-07,Monte Carlo Masters,M,R32,Clay,3,105777,Grigor Dimitrov,200473,Valentin Vacherot,18,255,0.6595,0.5643,0.888,1.0,0.1187,0.0125,1.0,False
2025-0410#352,2025-04-07,Monte Carlo Masters,M,R32,Clay,3,106421,Daniil Medvedev,124186,Alexandre Muller,11,39,0.6095,0.5489,0.7864,1.0,0.2403,0.0456,1.0,False
2025-0410#351,2025-04-07,Monte Carlo Masters,M,R32,Clay,3,200282,Alex De Minaur,207830,Tomas Machac,10,21,0.628,0.5549,0.8288,1.0,0.1878,0.0293,1.0,False
2025-0410#350,2025-04-07,Monte Carlo Masters,M,R32,Clay,3,207733,Jack Draper,106218,Marcos Giron,6,45,0.6365,0.5837,0.7508,1.0,0.2866,0.0621,1.0,False
2025-0410#349,2025-04-07,Monte Carlo Masters,M,R32,Clay,3,200221,Alejandro Davidovich Fokina,144869,Tomas Martin Etcheverry,42,46,0.5981,0.6108,0.4351,0.0,0.8323,0.3192,1.0,False
2025-0410#348,2025-04-07,Monte Carlo Masters,M,R32,Clay,3,200615,Alexei Popyrin,126207,Frances Tiafoe,27,17,0.6139,0.6295,0.4212,0.0,0.8646,0.335,0.0,False
2025-0410#347,2025-04-07,Monte Carlo Masters,M,R32,Clay,3,134770,Casper Ruud,105138,Roberto Bautista Agut,7,52,0.6155,0.5733,0.7082,1.0,0.3451,0.0852,1.0,False
2025-0410#346,2025-04-07,Monte Carlo Masters,M,R32,Clay,3,126094,Andrey Rublev,104792,Gael Monfils,9,44,0.6616,0.5519,0.9201,1.0,0.0833,0.0064,1.0,False
2025-0410#345,2025-04-07,Monte Carlo Masters,M,R32,Clay,3,209950,Arthur Fils,207925,Flavio Cobolli,15,36,0.6295,0.5884,0.7011,1.0,0.3551,0.0894,1.0,False
2025-0410#344,2025-04-07,Monte Carlo Masters,M,R32,Clay,3,127157,Daniel Altmaier,104755,Richard Gasquet,84,164,0.6114,0.584,0.6388,1.0,0.4481,0.1304,1.0,False
2025-0410#343,2025-04-07,Monte Carlo Masters,M,R32,Clay,3,207989,Carlos Alcaraz,202103,Francisco Cerundolo,3,22,0.5834,0.5047,0.8525,1.0,0.1596,0.0218,1.0,False
2025-0410#342,2025-04-07,Monte Carlo Masters,M,R64,Clay,3,126610,Matteo Berrettini,208363,Mariano Navone,34,70,0.6766,0.6324,0.7062,1.0,0.3479,0.0863,1.0,False
2025-0410#341,2025-04-07,Monte Carlo Masters,M,R64,Clay,3,208103,Jiri Lehecka,200624,Sebastian Korda,28,24,0.6338,0.6373,0.4822,0.0,0.7294,0.2681,0.0,False
2025-0410#340,2025-04-07,Monte Carlo Masters,M,R64,Clay,3,207518,Lorenzo Musetti,207352,Bu Yunchaokete,16,67,0.6106,0.6253,0.4252,0.0,0.8551,0.3303,1.0,False
2025-0410#339,2025-04-07,Monte Carlo Masters,M,R64,Clay,3,132686,Nuno Borges,208029,Holger Rune,43,12,0.5966,0.6229,0.3679,0.0,1.0,0.3996,0.0,True
2025-0410#338,2025-04-07,Monte Carlo Masters,M,R64,Clay,3,124079,Pedro Martinez,132283,Lorenzo Sonego,51,41,0.5893,0.6434,0.245,0.0,1.4064,0.57,0.0,False
2025-0410#337,2025-04-07,Monte Carlo Masters,M,R64,Clay,3,111442,Jordan Thompson,208659,Giovanni Mpetshi Perricard,38,30,0.6602,0.6201,0.6915,1.0,0.3689,0.0952,0.0,False
2025-0410#336,2025-04-07,Monte Carlo Masters,M,R64,Clay,3,126214,Alejandro Tabilo,104527,Stan Wawrinka,32,163,0.6218,0.593,0.6445,1.0,0.4392,0.1264,1.0,False
2025-0410#335,2025-04-07,Monte Carlo Masters,M,R64,Clay,3,200473,Valentin Vacherot,105526,Jan Lennard Struff,255,49,0.5802,0.6241,0.2856,0.0,1.2533,0.5104,0.0,False
2025-0410#334,2025-04-07,Monte Carlo Masters,M,R64,Clay,3,105777,Grigor Dimitrov,111797,Nicolas Jarry,18,58,0.6515,0.6234,0.6376,1.0,0.45,0.1313,1.0,False
2025-0410#333,2025-04-07,Monte Carlo Masters,M,R64,Clay,3,106421,Daniil Medvedev,111575,Karen Khachanov,11,25,0.6139,0.5993,0.5744,1.0,0.5545,0.1812,1.0,False
2025-0410#332,2025-04-07,Monte Carlo Masters,M,R64,Clay,3,124186,Alexandre Muller,200116,Camilo Ugo Carabelli,39,63,0.5792,0.567,0.5639,1.0,0.5729,0.1902,1.0,False
2025-0410#331,2025-04-07,Monte Carlo Masters,M,R64,Clay,3,207830,Tomas Machac,202104,Sebastian Baez,21,33,0.5754,0.5509,0.6274,1.0,0.4661,0.1388,1.0,False
2025-0410#330,2025-04-07,Monte Carlo Masters,M,R64,Clay,3,106218,Marcos Giron,133430,Denis Shapovalov,45,29,0.6149,0.6401,0.3753,0.0,0.98,0.3903,0.0,False
2025-0410#329,2025-04-07,Monte Carlo Masters,M,R64,Clay,3,144869,Tomas Martin Etcheverry,144895,Corentin Moutet,46,75,0.6396,0.5901,0.7366,1.0,0.3058,0.0694,1.0,False
2025-0410#328,2025-04-07,Monte Carlo Masters,M,R64,Clay,3,200221,Alejandro Davidovich Fokina,210097,Ben Shelton,42,14,0.6416,0.6486,0.4653,0.0,0.765,0.2859,0.0,False
2025-0410#327,2025-04-07,Monte Carlo Masters,M,R64,Clay,3,126207,Frances Tiafoe,200175,Miomir Kecmanovic,17,47,0.6266,0.6255,0.5055,1.0,0.6822,0.2445,1.0,False
2025-0410#326,2025-04-07,Monte Carlo Masters,M,R64,Clay,3,200615,Alexei Popyrin,200005,Ugo Humbert,27,20,0.6084,0.6564,0.2733,0.0,1.2973,0.5281,0.0,False
2025-0410#325,2025-04-07,Monte Carlo Masters,M,R64,Clay,3,105138,Roberto Bautista Agut,206909,Brandon Nakashima,52,31,0.6129,0.6225,0.4514,0.0,0.7954,0.301,0.0,False
2025-0410#324,2025-04-07,Monte Carlo Masters,M,R64,Clay,3,104792,Gael Monfils,206681,Fabian Marozsan,44,81,0.5702,0.63,0.2199,0.0,1.5146,0.6086,1.0,False
2025-0410#323,2025-04-07,Monte Carlo Masters,M,R64,Clay,3,207925,Flavio Cobolli,105583,Dusan Lajovic,36,109,0.618,0.5994,0.5945,1.0,0.5201,0.1645,1.0,False
2025-0410#322,2025-04-07,Monte Carlo Masters,M,R64,Clay,3,209950,Arthur Fils,134868,Tallon Griekspoor,15,35,0.6485,0.6295,0.5936,1.0,0.5215,0.1651,1.0,False
2025-0410#321,2025-04-07,Monte Carlo Masters,M,R64,Clay,3,127157,Daniel Altmaier,200000,Felix Auger Aliassime,84,19,0.5842,0.6539,0.1878,0.0,1.6722,0.6596,0.0,False
2025-0410#320,2025-04-07,Monte Carlo Masters,M,R64,Clay,3,104755,Richard Gasquet,208286,Matteo Arnaldi,164,40,0.5611,0.6339,0.1731,0.0,1.7537,0.6837,0.0,False
2025-0410#319,2025-04-07,Monte Carlo Masters,M,R64,Clay,3,202103,Francisco Cerundolo,104926,Fabio Fognini,22,113,0.6546,0.5834,0.8172,1.0,0.2018,0.0334,1.0,False
2025-0308#385,2025-04-14,Munich,500,F,Clay,3,100644,Alexander Zverev,210097,Ben Shelton,3,15,0.6645,0.5819,0.8522,1.0,0.16,0.0219,1.0,False
2025-0308#384,2025-04-14,Munich,500,SF,Clay,3,100644,Alexander Zverev,206681,Fabian Marozsan,3,77,0.7092,0.5975,0.9148,1.0,0.089,0.0073,1.0,False
2025-0308#383,2025-04-14,Munich,500,SF,Clay,3,210097,Ben Shelton,202103,Francisco Cerundolo,15,22,0.6194,0.6473,0.3635,0.0,1.012,0.4052,1.0,False
2025-0308#382,2025-04-14,Munich,500,QF,Clay,3,100644,Alexander Zverev,134868,Tallon Griekspoor,3,37,0.6859,0.5881,0.8889,1.0,0.1178,0.0124,1.0,False
2025-0308#381,2025-04-14,Munich,500,QF,Clay,3,206681,Fabian Marozsan,200267,Zizou Bergs,77,50,0.5981,0.652,0.2478,0.0,1.3952,0.5658,0.0,False
2025-0308#380,2025-04-14,Munich,500,QF,Clay,3,202103,Francisco Cerundolo,105676,David Goffin,22,52,0.6137,0.5689,0.72,1.0,0.3286,0.0784,1.0,False
2025-0308#379,2025-04-14,Munich,500,QF,Clay,3,210097,Ben Shelton,209260,Luciano Darderi,15,47,0.6929,0.6253,0.7959,1.0,0.2283,0.0417,1.0,False
2025-0308#378,2025-04-14,Munich,500,R16,Clay,3,100644,Alexander Zverev,127157,Daniel Altmaier,3,68,0.6763,0.5617,0.927,1.0,0.0758,0.0053,1.0,False
2025-0308#377,2025-04-14,Munich,500,R16,Clay,3,134868,Tallon Griekspoor,105870,Yannick Hanfmann,37,131,0.5931,0.6103,0.4123,0.0,0.886,0.3454,1.0,False
2025-0308#376,2025-04-14,Munich,500,R16,Clay,3,206681,Fabian Marozsan,200005,Ugo Humbert,77,21,0.5916,0.6409,0.2647,0.0,1.3292,0.5407,0.0,False
2025-0308#375,2025-04-14,Munich,500,R16,Clay,3,200267,Zizou Bergs,212309,Diego Dedura Palomero,50,549,0.6283,0.6182,0.5508,1.0,0.5963,0.2017,1.0,False
2025-0308#374,2025-04-14,Munich,500,R16,Clay,3,202103,Francisco Cerundolo,207686,Alexander Shevchenko,22,104,0.6064,0.5439,0.7942,1.0,0.2304,0.0423,1.0,False
2025-0308#373,2025-04-14,Munich,500,R16,Clay,3,105676,David Goffin,208363,Mariano Navone,52,70,0.5632,0.5843,0.3903,0.0,0.9408,0.3717,1.0,False
2025-0308#372,2025-04-14,Munich,500,R16,Clay,3,209260,Luciano Darderi,200175,Miomir Kecmanovic,47,48,0.5773,0.6266,0.2623,0.0,1.3384,0.5442,1.0,False
2025-0308#371,2025-04-14,Munich,500,R16,Clay,3,210097,Ben Shelton,122298,Botic Van De Zandschulp,15,89,0.6562,0.5796,0.8352,1.0,0.1801,0.0272,1.0,False
2025-0308#370,2025-04-14,Munich,500,R32,Clay,3,100644,Alexander Zverev,124186,Alexandre Muller,3,40,0.6541,0.5564,0.8952,1.0,0.1108,0.011,1.0,False
2025-0308#369,2025-04-14,Munich,500,R32,Clay,3,127157,Daniel Altmaier,202358,Chun Hsin Tseng,68,103,0.6054,0.616,0.446,0.0,0.8074,0.3069,1.0,False
2025-0308#368,2025-04-14,Munich,500,R32,Clay,3,134868,Tallon Griekspoor,210530,Learner Tien,37,69,0.6435,0.6375,0.5299,1.0,0.6351,0.221,1.0,False
2025-0308#367,2025-04-14,Munich,500,R32,Clay,3,105870,Yannick Hanfmann,210150,Jakub Mensik,131,23,0.573,0.6167,0.2852,0.0,1.2545,0.5109,0.0,False
2025-0308#366,2025-04-14,Munich,500,R32,Clay,3,200005,Ugo Humbert,111797,Nicolas Jarry,21,58,0.6587,0.5891,0.811,1.0,0.2095,0.0357,1.0,False
2025-0308#365,2025-04-14,Munich,500,R32,Clay,3,206681,Fabian Marozsan,211514,Justin Engel,77,347,0.5698,0.643,0.1737,0.0,1.7505,0.6828,1.0,False
2025-0308#364,2025-04-14,Munich,500,R32,Clay,3,200267,Zizou Bergs,122330,Alexander Bublik,50,78,0.6467,0.5907,0.762,1.0,0.2718,0.0566,1.0,False
2025-0308#363,2025-04-14,Munich,500,R32,Clay,3,212309,Diego Dedura Palomero,133430,Denis Shapovalov,549,29,0.5955,0.6427,0.2741,0.0,1.2941,0.5269,0.0,True
2025-0308#362,2025-04-14,Munich,500,R32,Clay,3,202103,Francisco Cerundolo,105526,Jan Lennard Struff,22,51,0.634,0.6235,0.5527,1.0,0.5929,0.2001,1.0,False
2025-0308#361,2025-04-14,Munich,500,R32,Clay,3,207686,Alexander Shevchenko,207925,Flavio Cobolli,104,36,0.5687,0.6209,0.2491,0.0,1.3898,0.5638,0.0,False
2025-0308#360,2025-04-14,Munich,500,R32,Clay,3,105676,David Goffin,126129,Billy Harris,52,106,0.6237,0.5925,0.6557,1.0,0.422,0.1185,1.0,False
2025-0308#359,2025-04-14,Munich,500,R32,Clay,3,208363,Mariano Navone,200000,Felix Auger Aliassime,70,19,0.5869,0.6414,0.2433,0.0,1.4136,0.5726,0.0,False
2025-0308#358,2025-04-14,Munich,500,R32,Clay,3,209260,Luciano Darderi,106331,Christopher Oconnell,47,87,0.6248,0.5738,0.7452,1.0,0.2942,0.0649,1.0,False
2025-0308#357,2025-04-14,Munich,500,R32,Clay,3,200175,Miomir Kecmanovic,106218,Marcos Giron,48,45,0.62,0.5972,0.6155,1.0,0.4854,0.1479,0.0,False
2025-0308#356,2025-04-14,Munich,500,R32,Clay,3,122298,Botic Van De Zandschulp,105138,Roberto Bautista Agut,89,53,0.6037,0.5807,0.6172,1.0,0.4826,0.1465,0.0,False
2025-0308#355,2025-04-14,Munich,500,R32,Clay,3,210097,Ben Shelton,127339,Borna Gojo,15,410,0.6681,0.5981,0.81,1.0,0.2107,0.0361,1.0,False
2025-0425#385,2025-04-14,Barcelona,500,F,Clay,3,208029,Holger Rune,207989,Carlos Alcaraz,13,2,0.5307,0.6538,0.0555,0.0,2.891,0.892,0.0,False
2025-0425#384,2025-04-14,Barcelona,500,SF,Clay,3,207989,Carlos Alcaraz,209950,Arthur Fils,2,14,0.6665,0.539,0.9493,1.0,0.0521,0.0026,1.0,False
2025-0425#383,2025-04-14,Barcelona,500,SF,Clay,3,208029,Holger Rune,111575,Karen Khachanov,13,27,0.605,0.6281,0.3841,0.0,0.9568,0.3793,1.0,False
2025-0425#382,2025-04-14,Barcelona,500,QF,Clay,3,207989,Carlos Alcaraz,200282,Alex De Minaur,2,7,0.4811,0.4513,0.6553,1.0,0.4227,0.1188,1.0,False
2025-0425#381,2025-04-14,Barcelona,500,QF,Clay,3,209950,Arthur Fils,126774,Stefanos Tsitsipas,14,16,0.625,0.6239,0.5055,1.0,0.6823,0.2446,1.0,True
2025-0425#380,2025-04-14,Barcelona,500,QF,Clay,3,111575,Karen Khachanov,200221,Alejandro Davidovich Fokina,27,30,0.6155,0.5916,0.6213,1.0,0.4759,0.1434,1.0,False
2025-0425#379,2025-04-14,Barcelona,500,QF,Clay,3,208029,Holger Rune,134770,Casper Ruud,13,10,0.5995,0.6284,0.3561,0.0,1.0326,0.4146,0.0,False
2025-0425#378,2025-04-14,Barcelona,500,R16,Clay,3,207989,Carlos Alcaraz,111513,Laslo Djere,2,80,0.6946,0.5795,0.9244,1.0,0.0786,0.0057,1.0,False
2025-0425#377,2025-04-14,Barcelona,500,R16,Clay,3,200282,Alex De Minaur,207985,Jacob Fearnley,7,74,0.6836,0.5833,0.8955,1.0,0.1104,0.0109,1.0,False
2025-0425#376,2025-04-14,Barcelona,500,R16,Clay,3,126774,Stefanos Tsitsipas,200624,Sebastian Korda,16,24,0.6274,0.6208,0.5333,1.0,0.6287,0.2178,1.0,False
2025-0425#375,2025-04-14,Barcelona,500,R16,Clay,3,209950,Arthur Fils,124079,Pedro Martinez,14,49,0.6463,0.5207,0.9491,1.0,0.0523,0.0026,1.0,False
2025-0425#374,2025-04-14,Barcelona,500,R16,Clay,3,111575,Karen Khachanov,144719,Jaume Munar,27,57,0.6394,0.6137,0.627,1.0,0.4669,0.1392,1.0,False
2025-0425#373,2025-04-14,Barcelona,500,R16,Clay,3,200221,Alejandro Davidovich Fokina,126094,Andrey Rublev,30,8,0.6066,0.6207,0.4285,0.0,0.8476,0.3267,0.0,False
2025-0425#372,2025-04-14,Barcelona,500,R16,Clay,3,208029,Holger Rune,202104,Sebastian Baez,13,35,0.6021,0.5793,0.6167,1.0,0.4834,0.1469,1.0,False
2025-0425#371,2025-04-14,Barcelona,500,R16,Clay,3,134770,Casper Ruud,209098,Hamad Medjedovic,10,72,0.6415,0.616,0.6261,1.0,0.4682,0.1398,1.0,False
2025-0425#370,2025-04-14,Barcelona,500,R32,Clay,3,207989,Carlos Alcaraz,210319,Ethan Quinn,2,126,0.6903,0.539,0.9726,1.0,0.0277,0.0007,1.0,False
2025-0425#369,2025-04-14,Barcelona,500,R32,Clay,3,111513,Laslo Djere,126239,Arthur Rinderknech,80,75,0.6519,0.5931,0.7722,1.0,0.2585,0.0519,0.0,False
2025-0425#368,2025-04-14,Barcelona,500,R32,Clay,3,207985,Jacob Fearnley,106148,Roberto Carballes Baena,74,55,0.6065,0.5837,0.6161,1.0,0.4843,0.1474,0.0,False
2025-0425#367,2025-04-14,Barcelona,500,R32,Clay,3,200282,Alex De Minaur,144869,Tomas Martin Etcheverry,7,46,0.6084,0.5402,0.8152,1.0,0.2043,0.0341,1.0,False
2025-0425#366,2025-04-14,Barcelona,500,R32,Clay,3,126774,Stefanos Tsitsipas,124187,Reilly Opelka,16,105,0.6947,0.6202,0.8189,1.0,0.1998,0.0328,1.0,False
2025-0425#365,2025-04-14,Barcelona,500,R32,Clay,3,200624,Sebastian Korda,208286,Matteo Arnaldi,24,42,0.6312,0.5996,0.6564,1.0,0.421,0.1181,1.0,False
2025-0425#364,2025-04-14,Barcelona,500,R32,Clay,3,124079,Pedro Martinez,206909,Brandon Nakashima,49,32,0.5827,0.6747,0.1236,0.0,2.091,0.7681,0.0,False
2025-0425#363,2025-04-14,Barcelona,500,R32,Clay,3,209950,Arthur Fils,105807,Pablo Carreno Busta,14,99,0.6227,0.5715,0.7462,1.0,0.2928,0.0644,1.0,False
2025-0425#362,2025-04-14,Barcelona,500,R32,Clay,3,144719,Jaume Munar,126207,Frances Tiafoe,57,18,0.6067,0.6271,0.3974,0.0,0.9229,0.3632,0.0,False
2025-0425#361,2025-04-14,Barcelona,500,R32,Clay,3,111575,Karen Khachanov,111815,Cameron Norrie,27,88,0.6286,0.5978,0.6536,1.0,0.4253,0.12,1.0,False
2025-0425#360,2025-04-14,Barcelona,500,R32,Clay,3,200221,Alejandro Davidovich Fokina,104527,Stan Wawrinka,30,162,0.6643,0.6263,0.6814,1.0,0.3835,0.1015,1.0,False
2025-0425#359,2025-04-14,Barcelona,500,R32,Clay,3,126094,Andrey Rublev,207411,Jesper De Jong,8,94,0.6466,0.5969,0.7359,1.0,0.3067,0.0698,1.0,False
2025-0425#358,2025-04-14,Barcelona,500,R32,Clay,3,208029,Holger Rune,105077,Albert Ramos,13,234,0.6621,0.5658,0.8903,1.0,0.1162,0.012,1.0,False
2025-0425#357,2025-04-14,Barcelona,500,R32,Clay,3,202104,Sebastian Baez,106000,Damir Dzumhur,35,65,0.5581,0.5325,0.6335,1.0,0.4565,0.1343,1.0,False
2025-0425#356,2025-04-14,Barcelona,500,R32,Clay,3,209098,Hamad Medjedovic,208659,Giovanni Mpetshi Perricard,72,34,0.689,0.6223,0.7933,1.0,0.2315,0.0427,0.0,False
2025-0425#355,2025-04-14,Barcelona,500,R32,Clay,3,134770,Casper Ruud,123755,Daniel Elahi Galan,10,117,0.6608,0.5713,0.873,1.0,0.1358,0.0161,1.0,False
2025-1536#369,2025-04-23,Madrid Masters,M,F,Clay,3,134770,Casper Ruud,207733,Jack Draper,15,6,0.6049,0.6338,0.3565,0.0,1.0315,0.4141,0.0,False
2025-1536#368,2025-04-23,Madrid Masters,M,SF,Clay,3,134770,Casper Ruud,202103,Francisco Cerundolo,15,21,0.5817,0.6071,0.3706,0.0,0.9927,0.3962,1.0,False
2025-1536#367,2025-04-23,Madrid Masters,M,SF,Clay,3,207733,Jack Draper,207518,Lorenzo Musetti,6,11,0.6128,0.575,0.6884,1.0,0.3734,0.0971,1.0,False
2025-1536#366,2025-04-23,Madrid Masters,M,QF,Clay,3,202103,Francisco Cerundolo,210150,Jakub Mensik,21,23,0.6621,0.6177,0.7102,1.0,0.3423,0.084,1.0,False
2025-1536#365,2025-04-23,Madrid Masters,M,QF,Clay,3,134770,Casper Ruud,106421,Daniil Medvedev,15,10,0.5943,0.6092,0.4237,0.0,0.8587,0.3321,0.0,False
2025-1536#364,2025-04-23,Madrid Masters,M,QF,Clay,3,207733,Jack Draper,208286,Matteo Arnaldi,6,44,0.6658,0.5874,0.8388,1.0,0.1758,0.026,1.0,False
2025-1536#363,2025-04-23,Madrid Masters,M,QF,Clay,3,207518,Lorenzo Musetti,209113,Gabriel Diallo,11,78,0.6415,0.5796,0.786,1.0,0.2408,0.0458,1.0,False
2025-1536#362,2025-04-23,Madrid Masters,M,R16,Clay,3,202103,Francisco Cerundolo,100644,Alexander Zverev,21,2,0.5772,0.6368,0.2219,0.0,1.5054,0.6054,0.0,False
2025-1536#361,2025-04-23,Madrid Masters,M,R16,Clay,3,210150,Jakub Mensik,122330,Alexander Bublik,23,75,0.6829,0.6,0.8485,1.0,0.1643,0.0229,1.0,False
2025-1536#360,2025-04-23,Madrid Masters,M,R16,Clay,3,134770,Casper Ruud,126203,Taylor Fritz,15,4,0.6118,0.6549,0.2941,0.0,1.2238,0.4983,0.0,False
2025-1536#359,2025-04-23,Madrid Masters,M,R16,Clay,3,106421,Daniil Medvedev,206909,Brandon Nakashima,10,32,0.6156,0.6142,0.5071,1.0,0.6791,0.243,1.0,False
2025-1536#358,2025-04-23,Madrid Masters,M,R16,Clay,3,207733,Jack Draper,126205,Tommy Paul,6,12,0.5733,0.5971,0.378,0.0,0.9727,0.3868,1.0,False
2025-1536#357,2025-04-23,Madrid Masters,M,R16,Clay,3,208286,Matteo Arnaldi,126207,Frances Tiafoe,44,17,0.6031,0.626,0.3849,0.0,0.9549,0.3784,0.0,False
2025-1536#356,2025-04-23,Madrid Masters,M,R16,Clay,3,207518,Lorenzo Musetti,200282,Alex De Minaur,11,7,0.4841,0.5464,0.2017,0.0,1.6008,0.6372,0.0,False
2025-1536#355,2025-04-23,Madrid Masters,M,R16,Clay,3,209113,Gabriel Diallo,105777,Grigor Dimitrov,78,16,0.6305,0.6591,0.3615,0.0,1.0175,0.4077,0.0,False
2025-1536#354,2025-04-23,Madrid Masters,M,R32,Clay,3,100644,Alexander Zverev,200221,Alejandro Davidovich Fokina,2,29,0.6465,0.5636,0.8567,1.0,0.1546,0.0205,1.0,False
2025-1536#353,2025-04-23,Madrid Masters,M,R32,Clay,3,202103,Francisco Cerundolo,207681,Francisco Comesana,21,70,0.658,0.5804,0.8381,1.0,0.1766,0.0262,1.0,False
2025-1536#352,2025-04-23,Madrid Masters,M,R32,Clay,3,210150,Jakub Mensik,210097,Ben Shelton,23,13,0.6317,0.6757,0.2944,0.0,1.223,0.4979,0.0,False
2025-1536#351,2025-04-23,Madrid Masters,M,R32,Clay,3,122330,Alexander Bublik,126094,Andrey Rublev,75,8,0.5778,0.6821,0.095,0.0,2.3536,0.819,0.0,False
2025-1536#350,2025-04-23,Madrid Masters,M,R32,Clay,3,126203,Taylor Fritz,126127,Benjamin Bonzi,4,62,0.6302,0.5897,0.6983,1.0,0.3591,0.091,1.0,True
2025-1536#349,2025-04-23,Madrid Masters,M,R32,Clay,3,134770,Casper Ruud,200624,Sebastian Korda,15,24,0.6217,0.6199,0.509,1.0,0.6754,0.2411,1.0,False
2025-1536#348,2025-04-23,Madrid Masters,M,R32,Clay,3,106421,Daniil Medvedev,207678,Juan Manuel Cerundolo,10,126,0.6475,0.5504,0.8948,1.0,0.1111,0.0111,1.0,False
2025-1536#347,2025-04-23,Madrid Masters,M,R32,Clay,3,206909,Brandon Nakashima,207925,Flavio Cobolli,32,36,0.6693,0.61,0.7705,1.0,0.2608,0.0527,1.0,False
2025-1536#346,2025-04-23,Madrid Masters,M,R32,Clay,3,207733,Jack Draper,126610,Matteo Berrettini,6,31,0.6057,0.6357,0.3513,0.0,1.0462,0.4209,1.0,True
2025-1536#345,2025-04-23,Madrid Masters,M,R32,Clay,3,126205,Tommy Paul,111575,Karen Khachanov,12,25,0.5973,0.5589,0.6927,1.0,0.3672,0.0945,1.0,False
2025-1536#344,2025-04-23,Madrid Masters,M,R32,Clay,3,126207,Frances Tiafoe,124186,Alexandre Muller,17,39,0.6318,0.5996,0.6594,1.0,0.4164,0.116,1.0,False
2025-1536#343,2025-04-23,Madrid Masters,M,R32,Clay,3,208286,Matteo Arnaldi,106000,Damir Dzumhur,44,63,0.5859,0.559,0.6384,1.0,0.4488,0.1308,1.0,False
2025-1536#342,2025-04-23,Madrid Masters,M,R32,Clay,3,200282,Alex De Minaur,133430,Denis Shapovalov,7,30,0.6095,0.5906,0.5963,1.0,0.517,0.163,1.0,False
2025-1536#341,2025-04-23,Madrid Masters,M,R32,Clay,3,207518,Lorenzo Musetti,126774,Stefanos Tsitsipas,11,18,0.6085,0.6188,0.4478,0.0,0.8034,0.3049,1.0,False
2025-1536#340,2025-04-23,Madrid Masters,M,R32,Clay,3,105777,Grigor Dimitrov,207985,Jacob Fearnley,16,68,0.6326,0.565,0.8089,1.0,0.2121,0.0365,1.0,False
2025-1536#339,2025-04-23,Madrid Masters,M,R32,Clay,3,209113,Gabriel Diallo,111815,Cameron Norrie,78,91,0.6221,0.6155,0.5335,1.0,0.6283,0.2176,1.0,False
2025-1536#338,2025-04-23,Madrid Masters,M,R64,Clay,3,100644,Alexander Zverev,105138,Roberto Bautista Agut,2,55,0.6479,0.5501,0.8965,1.0,0.1092,0.0107,1.0,False
2025-1536#337,2025-04-23,Madrid Masters,M,R64,Clay,3,200221,Alejandro Davidovich Fokina,132686,Nuno Borges,29,41,0.5969,0.5857,0.5583,1.0,0.5829,0.1951,1.0,False
2025-1536#336,2025-04-23,Madrid Masters,M,R64,Clay,3,202103,Francisco Cerundolo,208004,Harold Mayot,21,160,0.6643,0.5438,0.939,1.0,0.063,0.0037,1.0,False
2025-1536#335,2025-04-23,Madrid Masters,M,R64,Clay,3,207681,Francisco Comesana,209950,Arthur Fils,70,14,0.5944,0.6534,0.2277,0.0,1.4799,0.5965,0.0,False
2025-1536#334,2025-04-23,Madrid Masters,M,R64,Clay,3,210097,Ben Shelton,208363,Mariano Navone,13,85,0.6703,0.61,0.7741,1.0,0.256,0.051,1.0,False
2025-1536#333,2025-04-23,Madrid Masters,M,R64,Clay,3,210150,Jakub Mensik,210319,Ethan Quinn,23,119,0.6203,0.5994,0.6058,1.0,0.5013,0.1554,1.0,False
2025-1536#332,2025-04-23,Madrid Masters,M,R64,Clay,3,122330,Alexander Bublik,200615,Alexei Popyrin,75,26,0.5492,0.6296,0.1477,0.0,1.9126,0.7264,0.0,False
2025-1536#330,2025-04-23,Madrid Masters,M,R64,Clay,3,126203,Taylor Fritz,106331,Christopher Oconnell,4,87,0.6757,0.5695,0.9103,1.0,0.094,0.008,1.0,False
2025-1536#329,2025-04-23,Madrid Masters,M,R64,Clay,3,126127,Benjamin Bonzi,128034,Hubert Hurkacz,62,28,0.6341,0.637,0.4854,0.0,0.7228,0.2648,0.0,False
2025-1536#328,2025-04-23,Madrid Masters,M,R64,Clay,3,200624,Sebastian Korda,210748,Federico Cina,24,373,0.6505,0.6032,0.7246,1.0,0.3222,0.0759,1.0,False
2025-1536#327,2025-04-23,Madrid Masters,M,R64,Clay,3,134770,Casper Ruud,126239,Arthur Rinderknech,15,76,0.6689,0.5983,0.8123,1.0,0.2079,0.0352,1.0,False
2025-1536#325,2025-04-23,Madrid Masters,M,R64,Clay,3,207678,Juan Manuel Cerundolo,200000,Felix Auger Aliassime,126,19,0.5745,0.6535,0.1567,0.0,1.8536,0.7112,0.0,False
2025-1536#324,2025-04-23,Madrid Masters,M,R64,Clay,3,206909,Brandon Nakashima,124116,Sebastian Ofner,32,153,0.6422,0.6059,0.6768,1.0,0.3904,0.1045,1.0,False
2025-1536#323,2025-04-23,Madrid Masters,M,R64,Clay,3,207925,Flavio Cobolli,208029,Holger Rune,36,9,0.5856,0.6332,0.2708,0.0,1.3064,0.5317,0.0,True
2025-1536#322,2025-04-23,Madrid Masters,M,R64,Clay,3,207733,Jack Draper,134868,Tallon Griekspoor,6,34,0.6658,0.6209,0.7113,1.0,0.3406,0.0833,1.0,False
2025-1536#321,2025-04-23,Madrid Masters,M,R64,Clay,3,126610,Matteo Berrettini,106218,Marcos Giron,31,45,0.6411,0.6161,0.6236,1.0,0.4722,0.1416,1.0,False
2025-1536#320,2025-04-23,Madrid Masters,M,R64,Clay,3,111575,Karen Khachanov,124187,Reilly Opelka,25,103,0.6592,0.6293,0.6447,1.0,0.439,0.1263,1.0,False
2025-1536#319,2025-04-23,Madrid Masters,M,R64,Clay,3,126205,Tommy Paul,211663,Joao Fonseca,12,65,0.6552,0.5589,0.8915,1.0,0.1148,0.0118,1.0,False
2025-1536#318,2025-04-23,Madrid Masters,M,R64,Clay,3,126207,Frances Tiafoe,209260,Luciano Darderi,17,46,0.6668,0.6299,0.6759,1.0,0.3917,0.105,1.0,True
2025-1536#317,2025-04-23,Madrid Masters,M,R64,Clay,3,124186,Alexandre Muller,200005,Ugo Humbert,39,22,0.596,0.6296,0.3338,0.0,1.0972,0.4438,0.0,False
2025-1536#316,2025-04-23,Madrid Masters,M,R64,Clay,3,106000,Damir Dzumhur,202104,Sebastian Baez,63,33,0.5253,0.5611,0.316,0.0,1.1519,0.4678,0.0,False
2025-1536#315,2025-04-23,Madrid Masters,M,R64,Clay,3,208286,Matteo Arnaldi,104925,Novak Djokovic,44,5,0.5847,0.6878,0.0989,0.0,2.3135,0.8119,0.0,False
2025-1536#314,2025-04-23,Madrid Masters,M,R64,Clay,3,200282,Alex De Minaur,132283,Lorenzo Sonego,7,43,0.6324,0.567,0.8007,1.0,0.2223,0.0397,1.0,False
2025-1536#313,2025-04-23,Madrid Masters,M,R64,Clay,3,133430,Denis Shapovalov,105453,Kei Nishikori,30,64,0.647,0.5543,0.8839,1.0,0.1234,0.0135,1.0,False
2025-1536#312,2025-04-23,Madrid Masters,M,R64,Clay,3,126774,Stefanos Tsitsipas,105526,Jan Lennard Struff,18,79,0.6442,0.5694,0.8315,1.0,0.1845,0.0284,1.0,False
2025-1536#311,2025-04-23,Madrid Masters,M,R64,Clay,3,207518,Lorenzo Musetti,144869,Tomas Martin Etcheverry,11,51,0.6171,0.6169,0.5013,1.0,0.6905,0.2487,1.0,False
2025-1536#310,2025-04-23,Madrid Masters,M,R64,Clay,3,105777,Grigor Dimitrov,111797,Nicolas Jarry,16,57,0.6614,0.6215,0.6905,1.0,0.3704,0.0958,1.0,False
2025-1536#309,2025-04-23,Madrid Masters,M,R64,Clay,3,207985,Jacob Fearnley,207830,Tomas Machac,68,20,0.5928,0.6312,0.3116,0.0,1.1661,0.4739,0.0,False
2025-1536#308,2025-04-23,Madrid Masters,M,R64,Clay,3,111815,Cameron Norrie,208103,Jiri Lehecka,91,27,0.6176,0.6273,0.4514,0.0,0.7954,0.301,0.0,False
2025-1536#307,2025-04-23,Madrid Masters,M,R64,Clay,3,209113,Gabriel Diallo,111794,Kamil Majchrzak,78,90,0.5877,0.6306,0.2907,0.0,1.2356,0.5032,1.0,False
2025-1536#306,2025-04-23,Madrid Masters,M,R128,Clay,3,105138,Roberto Bautista Agut,144719,Jaume Munar,55,53,0.5661,0.6136,0.2682,0.0,1.316,0.5355,0.0,False
2025-1536#305,2025-04-23,Madrid Masters,M,R128,Clay,3,132686,Nuno Borges,105807,Pablo Carreno Busta,41,96,0.6158,0.5624,0.7566,1.0,0.2789,0.0592,1.0,False
2025-1536#304,2025-04-23,Madrid Masters,M,R128,Clay,3,208004,Harold Mayot,144895,Corentin Moutet,160,82,0.585,0.6157,0.3459,0.0,1.0617,0.4279,0.0,True
2025-1536#303,2025-04-23,Madrid Masters,M,R128,Clay,3,207681,Francisco Comesana,124079,Pedro Martinez,70,48,0.6094,0.5631,0.7274,1.0,0.3183,0.0743,0.0,False
2025-1536#302,2025-04-23,Madrid Masters,M,R128,Clay,3,208363,Mariano Navone,208659,Giovanni Mpetshi Perricard,85,37,0.6718,0.7125,0.3161,0.0,1.1516,0.4677,0.0,False
2025-1536#301,2025-04-23,Madrid Masters,M,R128,Clay,3,210319,Ethan Quinn,105583,Dusan Lajovic,119,138,0.61,0.5829,0.6373,1.0,0.4505,0.1315,1.0,False
2025-1536#300,2025-04-23,Madrid Masters,M,R128,Clay,3,122330,Alexander Bublik,210506,Alex Michelsen,75,38,0.5944,0.6543,0.2241,0.0,1.4958,0.6021,0.0,False
2025-1536#299,2025-04-23,Madrid Masters,M,R128,Clay,3,104792,Gael Monfils,127339,Borna Gojo,42,353,0.6127,0.6137,0.4944,0.0,0.7043,0.2556,1.0,False
2025-1536#298,2025-04-23,Madrid Masters,M,R128,Clay,3,106331,Christopher Oconnell,200116,Camilo Ugo Carabelli,87,59,0.6015,0.627,0.3719,0.0,0.989,0.3945,0.0,False
2025-1536#297,2025-04-23,Madrid Masters,M,R128,Clay,3,126127,Benjamin Bonzi,105227,Marin Cilic,62,109,0.6085,0.6054,0.5158,1.0,0.6621,0.2345,1.0,False
2025-1536#296,2025-04-23,Madrid Masters,M,R128,Clay,3,210748,Federico Cina,209409,Coleman Wong,373,169,0.6272,0.6249,0.5119,1.0,0.6696,0.2382,0.0,False
2025-1536#295,2025-04-23,Madrid Masters,M,R128,Clay,3,126239,Arthur Rinderknech,126128,Roman Safiullin,76,73,0.6079,0.6345,0.3675,0.0,1.0011,0.4001,0.0,False
2025-1536#294,2025-04-23,Madrid Masters,M,R128,Clay,3,111513,Laslo Djere,104926,Fabio Fognini,71,112,0.6602,0.5699,0.8751,1.0,0.1334,0.0156,1.0,False
2025-1536#293,2025-04-23,Madrid Masters,M,R128,Clay,3,207678,Juan Manuel Cerundolo,206499,Aleksandar Kovacevic,126,77,0.6138,0.6114,0.5122,1.0,0.6691,0.238,0.0,False
2025-1536#292,2025-04-23,Madrid Masters,M,R128,Clay,3,124116,Sebastian Ofner,200384,Hugo Gaston,153,80,0.6229,0.5935,0.6474,1.0,0.4348,0.1244,0.0,False
2025-1536#291,2025-04-23,Madrid Masters,M,R128,Clay,3,207925,Flavio Cobolli,206681,Fabian Marozsan,36,58,0.6349,0.6056,0.6452,1.0,0.4381,0.1259,1.0,False
2025-1536#290,2025-04-23,Madrid Masters,M,R128,Clay,3,134868,Tallon Griekspoor,200240,Vit Kopriva,34,95,0.6551,0.5783,0.8361,1.0,0.179,0.0269,1.0,False
2025-1536#289,2025-04-23,Madrid Masters,M,R128,Clay,3,106218,Marcos Giron,210530,Learner Tien,45,69,0.6007,0.6202,0.4014,0.0,0.9127,0.3583,1.0,False
2025-1536#288,2025-04-23,Madrid Masters,M,R128,Clay,3,124187,Reilly Opelka,208014,Rinky Hijikata,103,84,0.7064,0.6138,0.8706,1.0,0.1386,0.0167,0.0,False
2025-1536#287,2025-04-23,Madrid Masters,M,R128,Clay,3,211663,Joao Fonseca,209284,Elmer Moller,65,114,0.6239,0.6137,0.5512,1.0,0.5956,0.2014,1.0,False
2025-1536#286,2025-04-23,Madrid Masters,M,R128,Clay,3,209260,Luciano Darderi,111460,Quentin Halys,46,52,0.6486,0.6101,0.6865,1.0,0.3762,0.0983,1.0,False
2025-1536#285,2025-04-23,Madrid Masters,M,R128,Clay,3,124186,Alexandre Muller,105676,David Goffin,39,49,0.5853,0.5846,0.5037,1.0,0.6859,0.2464,1.0,True
2025-1536#284,2025-04-23,Madrid Masters,M,R128,Clay,3,106000,Damir Dzumhur,208233,Mattia Bellucci,63,66,0.5976,0.6241,0.3671,0.0,1.0021,0.4006,1.0,False
2025-1536#283,2025-04-23,Madrid Masters,M,R128,Clay,3,208286,Matteo Arnaldi,106432,Borna Coric,44,104,0.643,0.6016,0.7002,1.0,0.3564,0.0899,1.0,False
2025-1536#282,2025-04-23,Madrid Masters,M,R128,Clay,3,132283,Lorenzo Sonego,200175,Miomir Kecmanovic,43,47,0.6295,0.6342,0.4766,0.0,0.7411,0.2739,1.0,False
2025-1536#281,2025-04-23,Madrid Masters,M,R128,Clay,3,105453,Kei Nishikori,126846,Aleksandar Vukic,64,83,0.6288,0.61,0.5947,1.0,0.5197,0.1642,1.0,False
2025-1536#280,2025-04-23,Madrid Masters,M,R128,Clay,3,105526,Jan Lennard Struff,122298,Botic Van De Zandschulp,79,88,0.5922,0.586,0.5324,1.0,0.6304,0.2187,1.0,True
2025-1536#279,2025-04-23,Madrid Masters,M,R128,Clay,3,144869,Tomas Martin Etcheverry,209098,Hamad Medjedovic,51,61,0.6241,0.632,0.4603,0.0,0.7758,0.2912,1.0,False
2025-1536#278,2025-04-23,Madrid Masters,M,R128,Clay,3,111797,Nicolas Jarry,127157,Daniel Altmaier,57,67,0.628,0.6232,0.5246,1.0,0.6452,0.226,1.0,False
2025-1536#277,2025-04-23,Madrid Masters,M,R128,Clay,3,207985,Jacob Fearnley,207352,Bu Yunchaokete,68,72,0.6084,0.6403,0.3433,0.0,1.0692,0.4313,1.0,False
2025-1536#276,2025-04-23,Madrid Masters,M,R128,Clay,3,111815,Cameron Norrie,212021,Martin Landaluce,91,148,0.641,0.6056,0.673,1.0,0.396,0.1069,1.0,False
2025-1536#275,2025-04-23,Madrid Masters,M,R128,Clay,3,209113,Gabriel Diallo,200267,Zizou Bergs,78,50,0.6045,0.6448,0.3049,0.0,1.1878,0.4832,0.0,False
2025-0416#369,2025-05-07,Rome Masters,M,F,Clay,3,207989,Carlos Alcaraz,206173,Jannik Sinner,3,1,0.536,0.5515,0.4181,0.0,0.872,0.3386,0.0,False
2025-0416#368,2025-05-07,Rome Masters,M,SF,Clay,3,206173,Jannik Sinner,126205,Tommy Paul,1,12,0.5766,0.5415,0.6795,1.0,0.3865,0.1027,1.0,False
2025-0416#367,2025-05-07,Rome Masters,M,SF,Clay,3,207989,Carlos Alcaraz,207518,Lorenzo Musetti,3,9,0.6396,0.5067,0.9592,1.0,0.0417,0.0017,1.0,False
2025-0416#366,2025-05-07,Rome Masters,M,QF,Clay,3,206173,Jannik Sinner,134770,Casper Ruud,1,7,0.6667,0.5493,0.9334,1.0,0.0689,0.0044,1.0,False
2025-0416#365,2025-05-07,Rome Masters,M,QF,Clay,3,126205,Tommy Paul,128034,Hubert Hurkacz,12,31,0.678,0.636,0.6964,1.0,0.3618,0.0922,1.0,False
2025-0416#364,2025-05-07,Rome Masters,M,QF,Clay,3,207989,Carlos Alcaraz,207733,Jack Draper,3,5,0.6116,0.5496,0.7915,1.0,0.2339,0.0435,1.0,False
2025-0416#363,2025-05-07,Rome Masters,M,QF,Clay,3,207518,Lorenzo Musetti,100644,Alexander Zverev,9,2,0.5846,0.6351,0.2584,0.0,1.3534,0.55,0.0,False
2025-0416#362,2025-05-07,Rome Masters,M,R16,Clay,3,206173,Jannik Sinner,202103,Francisco Cerundolo,1,18,0.634,0.5404,0.8883,1.0,0.1185,0.0125,1.0,False
2025-0416#361,2025-05-07,Rome Masters,M,R16,Clay,3,134770,Casper Ruud,144719,Jaume Munar,7,66,0.6239,0.5783,0.7218,1.0,0.326,0.0774,1.0,False
2025-0416#360,2025-05-07,Rome Masters,M,R16,Clay,3,128034,Hubert Hurkacz,210150,Jakub Mensik,31,21,0.6405,0.6425,0.4898,0.0,0.7138,0.2603,0.0,False
2025-0416#359,2025-05-07,Rome Masters,M,R16,Clay,3,126205,Tommy Paul,200282,Alex De Minaur,12,8,0.5148,0.5176,0.485,0.0,0.7237,0.2653,0.0,False
2025-0416#358,2025-05-07,Rome Masters,M,R16,Clay,3,207733,Jack Draper,144895,Corentin Moutet,5,83,0.6444,0.5455,0.8996,1.0,0.1058,0.0101,1.0,False
2025-0416#357,2025-05-07,Rome Masters,M,R16,Clay,3,207989,Carlos Alcaraz,111575,Karen Khachanov,3,24,0.6305,0.5471,0.861,1.0,0.1497,0.0193,1.0,False
2025-0416#356,2025-05-07,Rome Masters,M,R16,Clay,3,207518,Lorenzo Musetti,106421,Daniil Medvedev,9,11,0.5548,0.5992,0.2796,0.0,1.2744,0.519,1.0,False
2025-0416#355,2025-05-07,Rome Masters,M,R16,Clay,3,100644,Alexander Zverev,209950,Arthur Fils,2,14,0.657,0.5887,0.8063,1.0,0.2152,0.0375,1.0,False
2025-0416#354,2025-05-07,Rome Masters,M,R32,Clay,3,206173,Jannik Sinner,207411,Jesper De Jong,1,93,0.7081,0.5483,0.9774,1.0,0.0229,0.0005,1.0,False
2025-0416#353,2025-05-07,Rome Masters,M,R32,Clay,3,202103,Francisco Cerundolo,124116,Sebastian Ofner,18,143,0.6517,0.5926,0.7734,1.0,0.257,0.0513,1.0,False
2025-0416#352,2025-05-07,Rome Masters,M,R32,Clay,3,144719,Jaume Munar,200624,Sebastian Korda,66,23,0.5928,0.6317,0.3094,0.0,1.1732,0.477,0.0,False
2025-0416#351,2025-05-07,Rome Masters,M,R32,Clay,3,134770,Casper Ruud,126610,Matteo Berrettini,7,30,0.6129,0.6402,0.3646,0.0,1.009,0.4038,1.0,True
2025-0416#350,2025-05-07,Rome Masters,M,R32,Clay,3,128034,Hubert Hurkacz,106218,Marcos Giron,31,45,0.6265,0.6114,0.576,1.0,0.5516,0.1798,1.0,False
2025-0416#349,2025-05-07,Rome Masters,M,R32,Clay,3,210150,Jakub Mensik,206681,Fabian Marozsan,21,61,0.6092,0.5715,0.6881,1.0,0.3738,0.0973,1.0,False
2025-0416#348,2025-05-07,Rome Masters,M,R32,Clay,3,126205,Tommy Paul,207830,Tomas Machac,12,20,0.616,0.552,0.7985,1.0,0.225,0.0406,1.0,False
2025-0416#347,2025-05-07,Rome Masters,M,R32,Clay,3,200282,Alex De Minaur,106198,Hugo Dellien,8,103,0.6222,0.523,0.9037,1.0,0.1012,0.0093,1.0,False
2025-0416#346,2025-05-07,Rome Masters,M,R32,Clay,3,207733,Jack Draper,200240,Vit Kopriva,5,92,0.693,0.5283,0.982,1.0,0.0182,0.0003,1.0,False
2025-0416#345,2025-05-07,Rome Masters,M,R32,Clay,3,144895,Corentin Moutet,208029,Holger Rune,83,10,0.5598,0.6351,0.1649,0.0,1.8022,0.6973,0.0,False
2025-0416#344,2025-05-07,Rome Masters,M,R32,Clay,3,111575,Karen Khachanov,208859,Francesco Passaro,24,101,0.6322,0.62,0.5615,1.0,0.5772,0.1923,1.0,False
2025-0416#343,2025-05-07,Rome Masters,M,R32,Clay,3,207989,Carlos Alcaraz,111513,Laslo Djere,3,64,0.655,0.5542,0.9023,1.0,0.1028,0.0095,1.0,False
2025-0416#342,2025-05-07,Rome Masters,M,R32,Clay,3,207518,Lorenzo Musetti,206909,Brandon Nakashima,9,29,0.6314,0.6481,0.4175,0.0,0.8735,0.3393,1.0,False
2025-0416#341,2025-05-07,Rome Masters,M,R32,Clay,3,106421,Daniil Medvedev,200615,Alexei Popyrin,11,25,0.6546,0.6357,0.5926,1.0,0.5232,0.1659,1.0,False
2025-0416#340,2025-05-07,Rome Masters,M,R32,Clay,3,209950,Arthur Fils,126774,Stefanos Tsitsipas,14,19,0.6203,0.6245,0.4785,0.0,0.7371,0.2719,1.0,False
2025-0416#339,2025-05-07,Rome Masters,M,R32,Clay,3,100644,Alexander Zverev,209147,Vilius Gaubas,2,154,0.6842,0.5888,0.8835,1.0,0.1239,0.0136,1.0,False
2025-0416#338,2025-05-07,Rome Masters,M,R64,Clay,3,206173,Jannik Sinner,208363,Mariano Navone,1,99,0.6643,0.5253,0.9636,1.0,0.0371,0.0013,1.0,False
2025-0416#337,2025-05-07,Rome Masters,M,R64,Clay,3,207411,Jesper De Jong,200221,Alejandro Davidovich Fokina,93,26,0.5865,0.6299,0.2888,0.0,1.2422,0.5059,0.0,False
2025-0416#336,2025-05-07,Rome Masters,M,R64,Clay,3,202103,Francisco Cerundolo,111797,Nicolas Jarry,18,53,0.7122,0.6017,0.9116,1.0,0.0926,0.0078,1.0,False
2025-0416#335,2025-05-07,Rome Masters,M,R64,Clay,3,124116,Sebastian Ofner,126207,Frances Tiafoe,143,16,0.5903,0.6301,0.3046,0.0,1.1887,0.4836,0.0,False
2025-0416#334,2025-05-07,Rome Masters,M,R64,Clay,3,144719,Jaume Munar,210097,Ben Shelton,66,13,0.6106,0.6543,0.2911,0.0,1.2342,0.5026,0.0,False
2025-0416#333,2025-05-07,Rome Masters,M,R64,Clay,3,200624,Sebastian Korda,126846,Aleksandar Vukic,23,79,0.6452,0.615,0.648,1.0,0.4338,0.1239,1.0,False
2025-0416#332,2025-05-07,Rome Masters,M,R64,Clay,3,126610,Matteo Berrettini,207985,Jacob Fearnley,30,57,0.6839,0.5783,0.9075,1.0,0.0971,0.0086,1.0,False
2025-0416#331,2025-05-07,Rome Masters,M,R64,Clay,3,134770,Casper Ruud,122330,Alexander Bublik,7,76,0.6797,0.5842,0.8845,1.0,0.1228,0.0133,1.0,False
2025-0416#330,2025-05-07,Rome Masters,M,R64,Clay,3,106218,Marcos Giron,126203,Taylor Fritz,45,4,0.598,0.6415,0.2901,0.0,1.2374,0.5039,0.0,False
2025-0416#329,2025-05-07,Rome Masters,M,R64,Clay,3,128034,Hubert Hurkacz,124079,Pedro Martinez,31,49,0.663,0.5962,0.7996,1.0,0.2237,0.0402,1.0,False
2025-0416#328,2025-05-07,Rome Masters,M,R64,Clay,3,210150,Jakub Mensik,209263,Matteo Gigante,21,164,0.6426,0.6049,0.6835,1.0,0.3805,0.1002,1.0,False
2025-0416#327,2025-05-07,Rome Masters,M,R64,Clay,3,206681,Fabian Marozsan,126094,Andrey Rublev,61,17,0.5906,0.644,0.2479,0.0,1.3947,0.5656,0.0,False
2025-0416#326,2025-05-07,Rome Masters,M,R64,Clay,3,126205,Tommy Paul,105138,Roberto Bautista Agut,12,56,0.6197,0.5552,0.7997,1.0,0.2235,0.0401,1.0,False
2025-0416#325,2025-05-07,Rome Masters,M,R64,Clay,3,207830,Tomas Machac,210530,Learner Tien,20,70,0.6089,0.5521,0.7715,1.0,0.2595,0.0522,1.0,False
2025-0416#324,2025-05-07,Rome Masters,M,R64,Clay,3,106198,Hugo Dellien,205734,Thiago Seyboth Wild,103,120,0.6188,0.5884,0.6522,1.0,0.4275,0.121,1.0,False
2025-0416#323,2025-05-07,Rome Masters,M,R64,Clay,3,200282,Alex De Minaur,208134,Luca Nardi,8,95,0.7385,0.5294,0.9953,1.0,0.0047,0.0,1.0,False
2025-0416#322,2025-05-07,Rome Masters,M,R64,Clay,3,207733,Jack Draper,209260,Luciano Darderi,5,46,0.6987,0.5864,0.9182,1.0,0.0853,0.0067,1.0,False
2025-0416#321,2025-05-07,Rome Masters,M,R64,Clay,3,200240,Vit Kopriva,202104,Sebastian Baez,92,33,0.5471,0.6135,0.1923,0.0,1.6485,0.6523,0.0,False
2025-0416#320,2025-05-07,Rome Masters,M,R64,Clay,3,144895,Corentin Moutet,200005,Ugo Humbert,83,22,0.5913,0.6419,0.2597,0.0,1.3481,0.548,0.0,True
2025-0416#319,2025-05-07,Rome Masters,M,R64,Clay,3,208029,Holger Rune,207681,Francisco Comesana,10,63,0.653,0.6081,0.7142,1.0,0.3367,0.0817,1.0,False
2025-0416#318,2025-05-07,Rome Masters,M,R64,Clay,3,208859,Francesco Passaro,105777,Grigor Dimitrov,101,15,0.615,0.6368,0.3911,0.0,0.9388,0.3708,0.0,False
2025-0416#317,2025-05-07,Rome Masters,M,R64,Clay,3,111575,Karen Khachanov,208882,Roman Andres Burruchaga,24,135,0.6635,0.584,0.8426,1.0,0.1713,0.0248,1.0,False
2025-0416#316,2025-05-07,Rome Masters,M,R64,Clay,3,111513,Laslo Djere,210506,Alex Michelsen,64,32,0.5969,0.6054,0.4558,0.0,0.7856,0.2961,0.0,False
2025-0416#315,2025-05-07,Rome Masters,M,R64,Clay,3,207989,Carlos Alcaraz,105583,Dusan Lajovic,3,131,0.6678,0.5308,0.9611,1.0,0.0397,0.0015,1.0,False
2025-0416#314,2025-05-07,Rome Masters,M,R64,Clay,3,207518,Lorenzo Musetti,202261,Otto Virtanen,9,130,0.6525,0.5818,0.816,1.0,0.2033,0.0339,1.0,False
2025-0416#312,2025-05-07,Rome Masters,M,R64,Clay,3,200615,Alexei Popyrin,126535,Carlos Taberner,25,139,0.6144,0.6183,0.4803,0.0,0.7334,0.2701,1.0,False
2025-0416#311,2025-05-07,Rome Masters,M,R64,Clay,3,106421,Daniil Medvedev,111815,Cameron Norrie,11,91,0.6086,0.5476,0.7881,1.0,0.2381,0.0449,1.0,False
2025-0416#310,2025-05-07,Rome Masters,M,R64,Clay,3,209950,Arthur Fils,134868,Tallon Griekspoor,14,35,0.6558,0.6179,0.6823,1.0,0.3822,0.1009,1.0,False
2025-0416#309,2025-05-07,Rome Masters,M,R64,Clay,3,126774,Stefanos Tsitsipas,124186,Alexandre Muller,19,39,0.6359,0.5908,0.718,1.0,0.3313,0.0795,1.0,False
2025-0416#308,2025-05-07,Rome Masters,M,R64,Clay,3,209147,Vilius Gaubas,133430,Denis Shapovalov,154,28,0.6009,0.6541,0.2507,0.0,1.3836,0.5615,0.0,False
2025-0416#307,2025-05-07,Rome Masters,M,R64,Clay,3,100644,Alexander Zverev,200116,Camilo Ugo Carabelli,2,60,0.6829,0.557,0.9445,1.0,0.0571,0.0031,1.0,False
2025-0416#306,2025-05-07,Rome Masters,M,R128,Clay,3,208363,Mariano Navone,210748,Federico Cina,99,323,0.5813,0.5775,0.52,1.0,0.654,0.2304,1.0,False
2025-0416#305,2025-05-07,Rome Masters,M,R128,Clay,3,207411,Jesper De Jong,207686,Alexander Shevchenko,93,97,0.6169,0.5823,0.6727,1.0,0.3965,0.1071,1.0,False
2025-0416#304,2025-05-07,Rome Masters,M,R128,Clay,3,111797,Nicolas Jarry,200384,Hugo Gaston,53,78,0.6225,0.6447,0.3903,0.0,0.9408,0.3717,1.0,False
2025-0416#303,2025-05-07,Rome Masters,M,R128,Clay,3,124116,Sebastian Ofner,106148,Roberto Carballes Baena,143,59,0.5959,0.6001,0.4779,0.0,0.7383,0.2725,0.0,True
2025-0416#302,2025-05-07,Rome Masters,M,R128,Clay,3,144719,Jaume Munar,144642,Tomas Barrios Vera,66,118,0.6452,0.5136,0.9571,1.0,0.0439,0.0018,1.0,False
2025-0416#301,2025-05-07,Rome Masters,M,R128,Clay,3,126846,Aleksandar Vukic,134457,Nicolas Moreno De Alboran,79,149,0.6233,0.6366,0.4335,0.0,0.8358,0.3209,1.0,False
2025-0416#300,2025-05-07,Rome Masters,M,R128,Clay,3,207985,Jacob Fearnley,104926,Fabio Fognini,57,107,0.6209,0.5139,0.9205,1.0,0.0828,0.0063,1.0,False
2025-0416#299,2025-05-07,Rome Masters,M,R128,Clay,3,122330,Alexander Bublik,126128,Roman Safiullin,76,77,0.5879,0.639,0.2566,0.0,1.3604,0.5527,1.0,False
2025-0416#298,2025-05-07,Rome Masters,M,R128,Clay,3,106218,Marcos Giron,209113,Gabriel Diallo,45,54,0.601,0.6182,0.413,0.0,0.8844,0.3446,1.0,False
2025-0416#297,2025-05-07,Rome Masters,M,R128,Clay,3,124079,Pedro Martinez,208233,Mattia Bellucci,49,68,0.5584,0.6305,0.1749,0.0,1.7438,0.6809,1.0,False
2025-0416#296,2025-05-07,Rome Masters,M,R128,Clay,3,209263,Matteo Gigante,126239,Arthur Rinderknech,164,75,0.6305,0.6049,0.6281,1.0,0.4651,0.1383,0.0,False
2025-0416#295,2025-05-07,Rome Masters,M,R128,Clay,3,206681,Fabian Marozsan,211663,Joao Fonseca,61,65,0.5812,0.6315,0.2592,0.0,1.3503,0.5488,1.0,False
2025-0416#294,2025-05-07,Rome Masters,M,R128,Clay,3,105138,Roberto Bautista Agut,208286,Matteo Arnaldi,56,37,0.6024,0.6093,0.4646,0.0,0.7667,0.2867,0.0,False
2025-0416#293,2025-05-07,Rome Masters,M,R128,Clay,3,210530,Learner Tien,124187,Reilly Opelka,70,94,0.689,0.7031,0.4345,0.0,0.8336,0.3198,1.0,False
2025-0416#292,2025-05-07,Rome Masters,M,R128,Clay,3,205734,Thiago Seyboth Wild,132686,Nuno Borges,120,40,0.5911,0.6317,0.3014,0.0,1.1993,0.488,0.0,False
2025-0416#291,2025-05-07,Rome Masters,M,R128,Clay,3,208134,Luca Nardi,207925,Flavio Cobolli,95,34,0.524,0.624,0.0948,0.0,2.3565,0.8195,0.0,False
2025-0416#290,2025-05-07,Rome Masters,M,R128,Clay,3,209260,Luciano Darderi,207352,Bu Yunchaokete,46,73,0.6205,0.6904,0.1958,0.0,1.6308,0.6468,1.0,False
2025-0416#289,2025-05-07,Rome Masters,M,R128,Clay,3,200240,Vit Kopriva,111460,Quentin Halys,92,52,0.5735,0.6662,0.1196,0.0,2.1239,0.7752,0.0,False
2025-0416#288,2025-05-07,Rome Masters,M,R128,Clay,3,144895,Corentin Moutet,208014,Rinky Hijikata,83,82,0.5814,0.5629,0.5963,1.0,0.5171,0.163,0.0,False
2025-0416#287,2025-05-07,Rome Masters,M,R128,Clay,3,207681,Francisco Comesana,127157,Daniel Altmaier,63,71,0.6309,0.6155,0.5776,1.0,0.5489,0.1784,1.0,False
2025-0416#286,2025-05-07,Rome Masters,M,R128,Clay,3,208859,Francesco Passaro,202358,Chun Hsin Tseng,101,102,0.6177,0.6186,0.4952,0.0,0.7028,0.2548,1.0,False
2025-0416#285,2025-05-07,Rome Masters,M,R128,Clay,3,208882,Roman Andres Burruchaga,132283,Lorenzo Sonego,135,44,0.603,0.6709,0.1981,0.0,1.619,0.643,0.0,False
2025-0416#284,2025-05-07,Rome Masters,M,R128,Clay,3,111513,Laslo Djere,144869,Tomas Martin Etcheverry,64,51,0.6147,0.6069,0.5398,1.0,0.6166,0.2118,0.0,False
2025-0416#283,2025-05-07,Rome Masters,M,R128,Clay,3,105583,Dusan Lajovic,106415,Yoshihito Nishioka,131,74,0.5995,0.6054,0.4698,0.0,0.7555,0.2811,0.0,False
2025-0416#282,2025-05-07,Rome Masters,M,R128,Clay,3,202261,Otto Virtanen,209098,Hamad Medjedovic,130,72,0.5705,0.6494,0.1561,0.0,1.8575,0.7122,0.0,False
2025-0416#281,2025-05-07,Rome Masters,M,R128,Clay,3,111442,Jordan Thompson,208659,Giovanni Mpetshi Perricard,41,36,0.6737,0.6188,0.7519,1.0,0.2851,0.0616,0.0,False
2025-0416#280,2025-05-07,Rome Masters,M,R128,Clay,3,126535,Carlos Taberner,206499,Aleksandar Kovacevic,139,80,0.6284,0.6076,0.6047,1.0,0.5031,0.1563,0.0,False
2025-0416#279,2025-05-07,Rome Masters,M,R128,Clay,3,111815,Cameron Norrie,106331,Christopher Oconnell,91,81,0.6365,0.6116,0.6241,1.0,0.4714,0.1413,0.0,False
2025-0416#278,2025-05-07,Rome Masters,M,R128,Clay,3,134868,Tallon Griekspoor,200175,Miomir Kecmanovic,35,47,0.6179,0.6431,0.3758,0.0,0.9786,0.3896,1.0,False
2025-0416#277,2025-05-07,Rome Masters,M,R128,Clay,3,124186,Alexandre Muller,208103,Jiri Lehecka,39,38,0.6067,0.632,0.3737,0.0,0.9844,0.3923,0.0,False
2025-0416#276,2025-05-07,Rome Masters,M,R128,Clay,3,209147,Vilius Gaubas,106000,Damir Dzumhur,154,69,0.596,0.5506,0.7249,1.0,0.3217,0.0757,0.0,False
2025-0416#275,2025-05-07,Rome Masters,M,R128,Clay,3,200116,Camilo Ugo Carabelli,105807,Pablo Carreno Busta,60,98,0.6,0.585,0.5775,1.0,0.5491,0.1785,1.0,False
2025-0322#385,2025-05-18,Geneva,250,F,Clay,3,104925,Novak Djokovic,128034,Hubert Hurkacz,6,31,0.6577,0.569,0.8712,1.0,0.1379,0.0166,1.0,False
2025-0322#384,2025-05-18,Geneva,250,SF,Clay,3,128034,Hubert Hurkacz,124116,Sebastian Ofner,31,128,0.6417,0.6063,0.6732,1.0,0.3958,0.1068,1.0,False
2025-0322#383,2025-05-18,Geneva,250,SF,Clay,3,104925,Novak Djokovic,111815,Cameron Norrie,6,90,0.6583,0.534,0.9458,1.0,0.0558,0.0029,1.0,False
2025-0322#382,2025-05-18,Geneva,250,QF,Clay,3,128034,Hubert Hurkacz,126203,Taylor Fritz,31,4,0.6066,0.6408,0.3325,0.0,1.101,0.4455,0.0,False
2025-0322#381,2025-05-18,Geneva,250,QF,Clay,3,124116,Sebastian Ofner,111575,Karen Khachanov,128,24,0.5956,0.6356,0.305,0.0,1.1874,0.483,0.0,False
2025-0322#380,2025-05-18,Geneva,250,QF,Clay,3,111815,Cameron Norrie,200615,Alexei Popyrin,90,25,0.62,0.6236,0.4818,0.0,0.7303,0.2686,0.0,False
2025-0322#379,2025-05-18,Geneva,250,QF,Clay,3,104925,Novak Djokovic,208286,Matteo Arnaldi,6,39,0.6819,0.5675,0.9254,1.0,0.0775,0.0056,1.0,False
2025-0322#378,2025-05-18,Geneva,250,R16,Clay,3,126203,Taylor Fritz,111460,Quentin Halys,4,50,0.6874,0.6098,0.8311,1.0,0.185,0.0285,1.0,False
2025-0322#377,2025-05-18,Geneva,250,R16,Clay,3,128034,Hubert Hurkacz,126239,Arthur Rinderknech,31,72,0.6364,0.5747,0.7865,1.0,0.2401,0.0456,1.0,False
2025-0322#376,2025-05-18,Geneva,250,R16,Clay,3,111575,Karen Khachanov,105453,Kei Nishikori,24,62,0.6355,0.5811,0.7576,1.0,0.2776,0.0588,1.0,True
2025-0322#375,2025-05-18,Geneva,250,R16,Clay,3,124116,Sebastian Ofner,132686,Nuno Borges,128,41,0.5939,0.6193,0.3717,0.0,0.9896,0.3947,0.0,False
2025-0322#374,2025-05-18,Geneva,250,R16,Clay,3,200615,Alexei Popyrin,207985,Jacob Fearnley,25,54,0.6225,0.597,0.628,1.0,0.4653,0.1384,1.0,False
2025-0322#373,2025-05-18,Geneva,250,R16,Clay,3,111815,Cameron Norrie,207830,Tomas Machac,90,21,0.5982,0.617,0.4045,0.0,0.9051,0.3546,0.0,True
2025-0322#372,2025-05-18,Geneva,250,R16,Clay,3,208286,Matteo Arnaldi,206681,Fabian Marozsan,39,56,0.6144,0.5913,0.6173,1.0,0.4824,0.1465,1.0,False
2025-0322#371,2025-05-18,Geneva,250,R16,Clay,3,104925,Novak Djokovic,105916,Marton Fucsovics,6,134,0.6347,0.594,0.6984,1.0,0.3589,0.0909,1.0,False
2025-0322#370,2025-05-18,Geneva,250,R32,Clay,3,111460,Quentin Halys,144719,Jaume Munar,50,58,0.6257,0.6506,0.3781,0.0,0.9727,0.3868,1.0,False
2025-0322#369,2025-05-18,Geneva,250,R32,Clay,3,126239,Arthur Rinderknech,200175,Miomir Kecmanovic,72,46,0.6178,0.6518,0.3352,0.0,1.0931,0.442,0.0,False
2025-0322#368,2025-05-18,Geneva,250,R32,Clay,3,128034,Hubert Hurkacz,209070,Arthur Cazaux,31,113,0.6657,0.6133,0.7432,1.0,0.2967,0.0659,1.0,False
2025-0322#367,2025-05-18,Geneva,250,R32,Clay,3,105453,Kei Nishikori,210530,Learner Tien,62,67,0.5571,0.6179,0.2141,0.0,1.5413,0.6176,1.0,False
2025-0322#366,2025-05-18,Geneva,250,R32,Clay,3,124116,Sebastian Ofner,123809,Ivan Gakhov,128,265,0.6067,0.6241,0.4121,0.0,0.8864,0.3456,1.0,False
2025-0322#365,2025-05-18,Geneva,250,R32,Clay,3,132686,Nuno Borges,210506,Alex Michelsen,41,33,0.5861,0.628,0.295,0.0,1.2208,0.497,0.0,False
2025-0322#364,2025-05-18,Geneva,250,R32,Clay,3,200615,Alexei Popyrin,111797,Nicolas Jarry,25,150,0.613,0.5818,0.6565,1.0,0.4208,0.118,1.0,False
2025-0322#363,2025-05-18,Geneva,250,R32,Clay,3,207985,Jacob Fearnley,105583,Dusan Lajovic,54,124,0.6304,0.5696,0.7839,1.0,0.2434,0.0467,1.0,False
2025-0322#362,2025-05-18,Geneva,250,R32,Clay,3,111815,Cameron Norrie,208502,Dominic Stricker,90,233,0.6488,0.6126,0.6759,1.0,0.3916,0.105,1.0,False
2025-0322#361,2025-05-18,Geneva,250,R32,Clay,3,208286,Matteo Arnaldi,200384,Hugo Gaston,39,74,0.6095,0.565,0.7191,1.0,0.3298,0.0789,1.0,False
2025-0322#360,2025-05-18,Geneva,250,R32,Clay,3,206681,Fabian Marozsan,106264,Karue Sell,56,300,0.6033,0.6045,0.4941,0.0,0.7051,0.256,1.0,False
2025-0322#359,2025-05-18,Geneva,250,R32,Clay,3,105916,Marton Fucsovics,200267,Zizou Bergs,134,49,0.5885,0.639,0.2592,0.0,1.3502,0.5488,0.0,False
2025-0414#385,2025-05-18,Hamburg,500,F,Clay,3,207925,Flavio Cobolli,126094,Andrey Rublev,35,17,0.5905,0.6434,0.25,0.0,1.3862,0.5625,0.0,False
2025-0414#384,2025-05-18,Hamburg,500,SF,Clay,3,126094,Andrey Rublev,200000,Felix Auger Aliassime,17,30,0.6151,0.6242,0.4539,0.0,0.79,0.2983,1.0,False
2025-0414#383,2025-05-18,Hamburg,500,SF,Clay,3,207925,Flavio Cobolli,144869,Tomas Martin Etcheverry,35,55,0.5991,0.6343,0.3269,0.0,1.1179,0.453,1.0,False
2025-0414#382,2025-05-18,Hamburg,500,QF,Clay,3,200000,Felix Auger Aliassime,124186,Alexandre Muller,30,40,0.6452,0.5756,0.8137,1.0,0.2062,0.0347,1.0,False
2025-0414#381,2025-05-18,Hamburg,500,QF,Clay,3,126094,Andrey Rublev,209260,Luciano Darderi,17,45,0.674,0.6094,0.7891,1.0,0.2368,0.0445,1.0,False
2025-0414#380,2025-05-18,Hamburg,500,QF,Clay,3,144869,Tomas Martin Etcheverry,208103,Jiri Lehecka,55,37,0.6137,0.6138,0.4995,0.0,0.6942,0.2505,0.0,False
2025-0414#379,2025-05-18,Hamburg,500,QF,Clay,3,207925,Flavio Cobolli,105138,Roberto Bautista Agut,35,57,0.601,0.5894,0.5598,1.0,0.5801,0.1938,1.0,False
2025-0414#378,2025-05-18,Hamburg,500,R16,Clay,3,124186,Alexandre Muller,100644,Alexander Zverev,40,3,0.5368,0.6482,0.0745,0.0,2.5969,0.8565,0.0,False
2025-0414#377,2025-05-18,Hamburg,500,R16,Clay,3,200000,Felix Auger Aliassime,208659,Giovanni Mpetshi Perricard,30,32,0.6646,0.5916,0.8212,1.0,0.197,0.032,1.0,False
2025-0414#376,2025-05-18,Hamburg,500,R16,Clay,3,126094,Andrey Rublev,211514,Justin Engel,17,333,0.6597,0.6079,0.7421,1.0,0.2983,0.0665,1.0,False
2025-0414#375,2025-05-18,Hamburg,500,R16,Clay,3,209260,Luciano Darderi,206909,Brandon Nakashima,45,29,0.6187,0.7013,0.1568,0.0,1.8531,0.7111,0.0,False
2025-0414#374,2025-05-18,Hamburg,500,R16,Clay,3,144869,Tomas Martin Etcheverry,200116,Camilo Ugo Carabelli,55,52,0.6329,0.5725,0.7818,1.0,0.2461,0.0476,0.0,False
2025-0414#373,2025-05-18,Hamburg,500,R16,Clay,3,208103,Jiri Lehecka,202103,Francisco Cerundolo,37,18,0.6043,0.6454,0.3015,0.0,1.1989,0.4879,0.0,False
2025-0414#372,2025-05-18,Hamburg,500,R16,Clay,3,207925,Flavio Cobolli,200221,Alejandro Davidovich Fokina,35,26,0.573,0.6194,0.274,0.0,1.2948,0.5271,0.0,False
2025-0414#371,2025-05-18,Hamburg,500,R16,Clay,3,105138,Roberto Bautista Agut,126207,Frances Tiafoe,57,15,0.5754,0.6193,0.2846,0.0,1.2566,0.5118,0.0,False
2025-0414#370,2025-05-18,Hamburg,500,R32,Clay,3,100644,Alexander Zverev,206499,Aleksandar Kovacevic,3,80,0.7082,0.5939,0.9201,1.0,0.0832,0.0064,1.0,False
2025-0414#369,2025-05-18,Hamburg,500,R32,Clay,3,124186,Alexandre Muller,111200,Elias Ymer,40,279,0.6349,0.6028,0.6586,1.0,0.4176,0.1165,1.0,False
2025-0414#368,2025-05-18,Hamburg,500,R32,Clay,3,208659,Giovanni Mpetshi Perricard,122330,Alexander Bublik,32,51,0.6089,0.6158,0.4649,0.0,0.7659,0.2863,1.0,False
2025-0414#367,2025-05-18,Hamburg,500,R32,Clay,3,200000,Felix Auger Aliassime,127157,Daniel Altmaier,30,66,0.6585,0.5672,0.8783,1.0,0.1298,0.0148,1.0,False
2025-0414#366,2025-05-18,Hamburg,500,R32,Clay,3,126094,Andrey Rublev,106000,Damir Dzumhur,17,69,0.6304,0.5614,0.8146,1.0,0.2051,0.0344,1.0,False
2025-0414#365,2025-05-18,Hamburg,500,R32,Clay,3,211514,Justin Engel,105526,Jan Lennard Struff,333,86,0.6537,0.6127,0.6967,1.0,0.3614,0.092,0.0,False
2025-0414#364,2025-05-18,Hamburg,500,R32,Clay,3,209260,Luciano Darderi,212309,Diego Dedura Palomero,45,372,0.5402,0.6523,0.0739,0.0,2.6051,0.8577,1.0,False
2025-0414#363,2025-05-18,Hamburg,500,R32,Clay,3,206909,Brandon Nakashima,209920,Raphael Collignon,29,84,0.6927,0.5969,0.8823,1.0,0.1253,0.0139,1.0,True
2025-0414#362,2025-05-18,Hamburg,500,R32,Clay,3,200116,Camilo Ugo Carabelli,202104,Sebastian Baez,52,36,0.5489,0.5649,0.4157,0.0,0.8777,0.3414,0.0,False
2025-0414#361,2025-05-18,Hamburg,500,R32,Clay,3,144869,Tomas Martin Etcheverry,207681,Francisco Comesana,55,64,0.6436,0.617,0.6312,1.0,0.4602,0.136,1.0,False
2025-0414#360,2025-05-18,Hamburg,500,R32,Clay,3,208103,Jiri Lehecka,127339,Borna Gojo,37,255,0.6398,0.6353,0.5225,1.0,0.6491,0.228,1.0,False
2025-0414#359,2025-05-18,Hamburg,500,R32,Clay,3,202103,Francisco Cerundolo,124079,Pedro Martinez,18,48,0.6284,0.5214,0.9195,1.0,0.0839,0.0065,1.0,False
2025-0414#358,2025-05-18,Hamburg,500,R32,Clay,3,200221,Alejandro Davidovich Fokina,104792,Gael Monfils,26,42,0.6456,0.6589,0.4351,0.0,0.8322,0.3191,1.0,False
2025-0414#357,2025-05-18,Hamburg,500,R32,Clay,3,207925,Flavio Cobolli,126964,Vitaliy Sachko,35,235,0.6078,0.6124,0.476,0.0,0.7423,0.2745,1.0,False
2025-0414#356,2025-05-18,Hamburg,500,R32,Clay,3,105138,Roberto Bautista Agut,106218,Marcos Giron,57,43,0.604,0.6085,0.477,0.0,0.7403,0.2736,0.0,False
2025-0414#355,2025-05-18,Hamburg,500,R32,Clay,3,126207,Frances Tiafoe,207352,Bu Yunchaokete,15,70,0.6349,0.618,0.5847,1.0,0.5366,0.1725,1.0,False
2025-520#401,2025-05-26,Roland Garros,G,F,Clay,5,207989,Carlos Alcaraz,206173,Jannik Sinner,2,1,0.4875,0.5228,0.2763,0.0,1.2863,0.5237,0.0,False
2025-520#400,2025-05-26,Roland Garros,G,SF,Clay,5,206173,Jannik Sinner,104925,Novak Djokovic,1,6,0.5604,0.5597,0.5048,1.0,0.6836,0.2452,1.0,False
2025-520#399,2025-05-26,Roland Garros,G,SF,Clay,5,207989,Carlos Alcaraz,207518,Lorenzo Musetti,2,7,0.6587,0.5185,0.9885,1.0,0.0116,0.0001,1.0,True
2025-520#398,2025-05-26,Roland Garros,G,QF,Clay,5,206173,Jannik Sinner,122330,Alexander Bublik,1,62,0.8174,0.6214,0.9974,1.0,0.0026,0.0,1.0,False
2025-520#397,2025-05-26,Roland Garros,G,QF,Clay,5,207989,Carlos Alcaraz,126205,Tommy Paul,2,12,0.521,0.4996,0.6409,1.0,0.4448,0.1289,1.0,False
2025-520#396,2025-05-26,Roland Garros,G,QF,Clay,5,104925,Novak Djokovic,100644,Alexander Zverev,6,3,0.584,0.5565,0.6755,1.0,0.3922,0.1053,0.0,False
2025-520#395,2025-05-26,Roland Garros,G,QF,Clay,5,207518,Lorenzo Musetti,126207,Frances Tiafoe,7,16,0.6435,0.6205,0.642,1.0,0.4431,0.1282,1.0,False
2025-520#394,2025-05-26,Roland Garros,G,R16,Clay,5,206173,Jannik Sinner,126094,Andrey Rublev,1,15,0.6376,0.5372,0.9491,1.0,0.0522,0.0026,1.0,False
2025-520#393,2025-05-26,Roland Garros,G,R16,Clay,5,207989,Carlos Alcaraz,210097,Ben Shelton,2,13,0.6541,0.5785,0.8863,1.0,0.1207,0.0129,1.0,False
2025-520#392,2025-05-26,Roland Garros,G,R16,Clay,5,100644,Alexander Zverev,134868,Tallon Griekspoor,3,35,0.6891,0.5957,0.9271,1.0,0.0757,0.0053,1.0,True
2025-520#391,2025-05-26,Roland Garros,G,R16,Clay,5,122330,Alexander Bublik,207733,Jack Draper,62,5,0.6028,0.7451,0.0162,0.0,4.12,0.9678,0.0,False
2025-520#390,2025-05-26,Roland Garros,G,R16,Clay,5,104925,Novak Djokovic,111815,Cameron Norrie,6,81,0.6616,0.5416,0.9733,1.0,0.0271,0.0007,1.0,False
2025-520#389,2025-05-26,Roland Garros,G,R16,Clay,5,207518,Lorenzo Musetti,208029,Holger Rune,7,10,0.6078,0.6308,0.357,0.0,1.0301,0.4135,1.0,False
2025-520#388,2025-05-26,Roland Garros,G,R16,Clay,5,126205,Tommy Paul,200615,Alexei Popyrin,12,25,0.6834,0.6001,0.9031,1.0,0.102,0.0094,1.0,False
2025-520#387,2025-05-26,Roland Garros,G,R16,Clay,5,126207,Frances Tiafoe,127157,Daniel Altmaier,16,66,0.6429,0.5863,0.8175,1.0,0.2015,0.0333,1.0,False
2025-520#386,2025-05-26,Roland Garros,G,R32,Clay,5,206173,Jannik Sinner,208103,Jiri Lehecka,1,34,0.6673,0.5331,0.9846,1.0,0.0155,0.0002,1.0,False
2025-520#385,2025-05-26,Roland Garros,G,R32,Clay,5,207989,Carlos Alcaraz,106000,Damir Dzumhur,2,69,0.6252,0.4731,0.994,1.0,0.006,0.0,1.0,False
2025-520#384,2025-05-26,Roland Garros,G,R32,Clay,5,100644,Alexander Zverev,207925,Flavio Cobolli,3,26,0.6764,0.5495,0.9785,1.0,0.0217,0.0005,1.0,False
2025-520#383,2025-05-26,Roland Garros,G,R32,Clay,5,207733,Jack Draper,211663,Joao Fonseca,5,65,0.6508,0.5881,0.8409,1.0,0.1733,0.0253,1.0,False
2025-520#382,2025-05-26,Roland Garros,G,R32,Clay,5,104925,Novak Djokovic,209209,Filip Misolic,6,153,0.6521,0.5534,0.9442,1.0,0.0574,0.0031,1.0,False
2025-520#381,2025-05-26,Roland Garros,G,R32,Clay,5,207518,Lorenzo Musetti,208363,Mariano Navone,7,97,0.5627,0.5527,0.5657,1.0,0.5696,0.1886,1.0,False
2025-520#380,2025-05-26,Roland Garros,G,R32,Clay,5,208029,Holger Rune,111460,Quentin Halys,10,52,0.6554,0.6372,0.6111,1.0,0.4924,0.1512,1.0,False
2025-520#379,2025-05-26,Roland Garros,G,R32,Clay,5,126205,Tommy Paul,111575,Karen Khachanov,12,24,0.6016,0.569,0.7031,1.0,0.3523,0.0882,1.0,False
2025-520#378,2025-05-26,Roland Garros,G,R32,Clay,5,210097,Ben Shelton,209263,Matteo Gigante,13,167,0.6629,0.6055,0.8166,1.0,0.2026,0.0336,1.0,False
2025-520#376,2025-05-26,Roland Garros,G,R32,Clay,5,126207,Frances Tiafoe,200624,Sebastian Korda,16,23,0.6162,0.6317,0.4027,0.0,0.9096,0.3568,1.0,False
2025-520#375,2025-05-26,Roland Garros,G,R32,Clay,5,200615,Alexei Popyrin,132686,Nuno Borges,25,41,0.6168,0.619,0.4859,0.0,0.7217,0.2643,1.0,False
2025-520#374,2025-05-26,Roland Garros,G,R32,Clay,5,127157,Daniel Altmaier,209098,Hamad Medjedovic,66,74,0.6009,0.6534,0.2028,0.0,1.5956,0.6355,1.0,False
2025-520#373,2025-05-26,Roland Garros,G,R32,Clay,5,122330,Alexander Bublik,210012,Henrique Rocha,62,200,0.5905,0.6394,0.2168,0.0,1.5286,0.6133,1.0,False
2025-520#372,2025-05-26,Roland Garros,G,R32,Clay,5,134868,Tallon Griekspoor,210319,Ethan Quinn,35,106,0.647,0.62,0.6644,1.0,0.4089,0.1126,1.0,False
2025-520#371,2025-05-26,Roland Garros,G,R32,Clay,5,111815,Cameron Norrie,207985,Jacob Fearnley,81,55,0.6113,0.6055,0.5371,1.0,0.6215,0.2143,0.0,False
2025-520#370,2025-05-26,Roland Garros,G,R64,Clay,5,206173,Jannik Sinner,104755,Richard Gasquet,1,166,0.7068,0.567,0.9854,1.0,0.0147,0.0002,1.0,False
2025-520#369,2025-05-26,Roland Garros,G,R64,Clay,5,207989,Carlos Alcaraz,206681,Fabian Marozsan,2,56,0.7189,0.5603,0.9931,1.0,0.0069,0.0,1.0,False
2025-520#368,2025-05-26,Roland Garros,G,R64,Clay,5,100644,Alexander Zverev,207411,Jesper De Jong,3,88,0.6896,0.5847,0.9496,1.0,0.0517,0.0025,1.0,False
2025-520#367,2025-05-26,Roland Garros,G,R64,Clay,5,207733,Jack Draper,104792,Gael Monfils,5,42,0.6778,0.5969,0.8975,1.0,0.1081,0.0105,1.0,False
2025-520#366,2025-05-26,Roland Garros,G,R64,Clay,5,104925,Novak Djokovic,144895,Corentin Moutet,6,73,0.6355,0.5701,0.8547,1.0,0.157,0.0211,1.0,False
2025-520#365,2025-05-26,Roland Garros,G,R64,Clay,5,132686,Nuno Borges,134770,Casper Ruud,41,8,0.5923,0.6196,0.3295,0.0,1.1101,0.4495,0.0,False
2025-520#364,2025-05-26,Roland Garros,G,R64,Clay,5,207518,Lorenzo Musetti,123755,Daniel Elahi Galan,7,122,0.6512,0.5569,0.9357,1.0,0.0665,0.0041,1.0,False
2025-520#363,2025-05-26,Roland Garros,G,R64,Clay,5,122330,Alexander Bublik,200282,Alex De Minaur,62,9,0.6874,0.7833,0.0886,0.0,2.424,0.8307,0.0,False
2025-520#362,2025-05-26,Roland Garros,G,R64,Clay,5,208029,Holger Rune,207182,Emilio Nava,10,137,0.6618,0.5816,0.8987,1.0,0.1068,0.0103,1.0,False
2025-520#361,2025-05-26,Roland Garros,G,R64,Clay,5,126205,Tommy Paul,105916,Marton Fucsovics,12,124,0.6482,0.5743,0.8821,1.0,0.1255,0.0139,1.0,False
2025-520#359,2025-05-26,Roland Garros,G,R64,Clay,5,209950,Arthur Fils,144719,Jaume Munar,14,57,0.6278,0.5687,0.8311,1.0,0.185,0.0285,1.0,False
2025-520#358,2025-05-26,Roland Garros,G,R64,Clay,5,126207,Frances Tiafoe,105807,Pablo Carreno Busta,16,99,0.6191,0.5866,0.7006,1.0,0.3558,0.0896,1.0,False
2025-520#357,2025-05-26,Roland Garros,G,R64,Clay,5,126094,Andrey Rublev,200443,Adam Walton,15,91,0.6528,0.5974,0.8102,1.0,0.2105,0.036,1.0,False
2025-520#356,2025-05-26,Roland Garros,G,R64,Clay,5,210012,Henrique Rocha,210150,Jakub Mensik,200,19,0.5823,0.6075,0.3405,0.0,1.0774,0.435,0.0,False
2025-520#355,2025-05-26,Roland Garros,G,R64,Clay,5,209263,Matteo Gigante,126774,Stefanos Tsitsipas,167,20,0.5988,0.6475,0.2196,0.0,1.5161,0.6091,0.0,False
2025-520#354,2025-05-26,Roland Garros,G,R64,Clay,5,207985,Jacob Fearnley,200005,Ugo Humbert,55,21,0.5882,0.6379,0.2127,0.0,1.5479,0.6199,0.0,True
2025-520#353,2025-05-26,Roland Garros,G,R64,Clay,5,200624,Sebastian Korda,202385,Jenson Brooksby,23,161,0.6321,0.5909,0.7458,1.0,0.2933,0.0646,1.0,False
2025-520#352,2025-05-26,Roland Garros,G,R64,Clay,5,111575,Karen Khachanov,124116,Sebastian Ofner,24,108,0.6426,0.6057,0.7208,1.0,0.3274,0.078,1.0,False
2025-520#351,2025-05-26,Roland Garros,G,R64,Clay,5,200615,Alexei Popyrin,126214,Alejandro Tabilo,25,61,0.6244,0.6007,0.6482,1.0,0.4336,0.1238,1.0,False
2025-520#350,2025-05-26,Roland Garros,G,R64,Clay,5,208103,Jiri Lehecka,200221,Alejandro Davidovich Fokina,34,29,0.5976,0.599,0.4906,0.0,0.7121,0.2595,0.0,False
2025-520#349,2025-05-26,Roland Garros,G,R64,Clay,5,209209,Filip Misolic,133430,Denis Shapovalov,153,31,0.5367,0.661,0.0226,0.0,3.7908,0.9554,0.0,False
2025-520#348,2025-05-26,Roland Garros,G,R64,Clay,5,106000,Damir Dzumhur,208659,Giovanni Mpetshi Perricard,69,37,0.6893,0.7033,0.4179,0.0,0.8726,0.3389,0.0,False
2025-520#347,2025-05-26,Roland Garros,G,R64,Clay,5,127157,Daniel Altmaier,200240,Vit Kopriva,66,86,0.6234,0.5935,0.6848,1.0,0.3786,0.0993,1.0,False
2025-520#346,2025-05-26,Roland Garros,G,R64,Clay,5,207925,Flavio Cobolli,208286,Matteo Arnaldi,26,36,0.5912,0.6022,0.4295,0.0,0.8452,0.3255,1.0,False
2025-520#345,2025-05-26,Roland Garros,G,R64,Clay,5,211663,Joao Fonseca,105732,Pierre Hugues Herbert,65,147,0.6501,0.5115,0.988,1.0,0.012,0.0001,1.0,False
2025-520#344,2025-05-26,Roland Garros,G,R64,Clay,5,134868,Tallon Griekspoor,209113,Gabriel Diallo,35,54,0.6122,0.6439,0.3083,0.0,1.1767,0.4784,1.0,False
2025-520#343,2025-05-26,Roland Garros,G,R64,Clay,5,111460,Quentin Halys,200175,Miomir Kecmanovic,52,46,0.6269,0.6414,0.4097,0.0,0.8924,0.3485,0.0,False
2025-520#342,2025-05-26,Roland Garros,G,R64,Clay,5,209098,Hamad Medjedovic,207678,Juan Manuel Cerundolo,74,109,0.6324,0.5925,0.7393,1.0,0.3021,0.068,1.0,False
2025-520#341,2025-05-26,Roland Garros,G,R64,Clay,5,208363,Mariano Navone,124187,Reilly Opelka,97,93,0.6972,0.7028,0.4674,0.0,0.7606,0.2837,0.0,False
2025-520#340,2025-05-26,Roland Garros,G,R64,Clay,5,111815,Cameron Norrie,144870,Federico Agustin Gomez,81,144,0.6328,0.6206,0.5768,1.0,0.5502,0.1791,1.0,False
2025-520#339,2025-05-26,Roland Garros,G,R64,Clay,5,210319,Ethan Quinn,207686,Alexander Shevchenko,106,103,0.6005,0.5728,0.6744,1.0,0.3939,0.106,0.0,False
2025-520#338,2025-05-26,Roland Garros,G,R128,Clay,5,206173,Jannik Sinner,126239,Arthur Rinderknech,1,75,0.7357,0.5804,0.9911,1.0,0.0089,0.0001,1.0,False
2025-520#337,2025-05-26,Roland Garros,G,R128,Clay,5,207989,Carlos Alcaraz,206748,Giulio Zeppieri,2,310,0.6569,0.5164,0.9887,1.0,0.0114,0.0001,1.0,False
2025-520#336,2025-05-26,Roland Garros,G,R128,Clay,5,100644,Alexander Zverev,210530,Learner Tien,3,67,0.7037,0.5646,0.9852,1.0,0.0149,0.0002,1.0,False
2025-520#335,2025-05-26,Roland Garros,G,R128,Clay,5,127157,Daniel Altmaier,126203,Taylor Fritz,66,4,0.5552,0.676,0.0272,0.0,3.6045,0.9463,0.0,False
2025-520#334,2025-05-26,Roland Garros,G,R128,Clay,5,207733,Jack Draper,208233,Mattia Bellucci,5,68,0.6835,0.5921,0.9238,1.0,0.0793,0.0058,1.0,False
2025-520#333,2025-05-26,Roland Garros,G,R128,Clay,5,104925,Novak Djokovic,111456,Mackenzie Mcdonald,6,98,0.6474,0.5336,0.9677,1.0,0.0328,0.001,1.0,False
2025-520#332,2025-05-26,Roland Garros,G,R128,Clay,5,134770,Casper Ruud,105077,Albert Ramos,8,251,0.6544,0.5502,0.9533,1.0,0.0478,0.0022,1.0,False
2025-520#331,2025-05-26,Roland Garros,G,R128,Clay,5,207518,Lorenzo Musetti,105870,Yannick Hanfmann,7,142,0.6634,0.5808,0.9052,1.0,0.0996,0.009,1.0,False
2025-520#330,2025-05-26,Roland Garros,G,R128,Clay,5,200282,Alex De Minaur,111513,Laslo Djere,9,59,0.6267,0.5649,0.8421,1.0,0.1719,0.0249,1.0,False
2025-520#329,2025-05-26,Roland Garros,G,R128,Clay,5,208029,Holger Rune,105138,Roberto Bautista Agut,10,49,0.594,0.5783,0.6011,1.0,0.509,0.1591,1.0,False
2025-520#328,2025-05-26,Roland Garros,G,R128,Clay,5,111815,Cameron Norrie,106421,Daniil Medvedev,81,11,0.5622,0.6249,0.1539,0.0,1.8717,0.7159,0.0,False
2025-520#327,2025-05-26,Roland Garros,G,R128,Clay,5,126205,Tommy Paul,209284,Elmer Moller,12,112,0.6679,0.5401,0.9799,1.0,0.0203,0.0004,1.0,False
2025-520#326,2025-05-26,Roland Garros,G,R128,Clay,5,210097,Ben Shelton,132283,Lorenzo Sonego,13,44,0.6088,0.5856,0.6469,1.0,0.4356,0.1247,1.0,False
2025-520#325,2025-05-26,Roland Garros,G,R128,Clay,5,209950,Arthur Fils,111797,Nicolas Jarry,14,149,0.6985,0.6089,0.9163,1.0,0.0874,0.007,1.0,False
2025-520#324,2025-05-26,Roland Garros,G,R128,Clay,5,126207,Frances Tiafoe,126128,Roman Safiullin,16,72,0.6252,0.6048,0.6279,1.0,0.4654,0.1385,1.0,False
2025-520#323,2025-05-26,Roland Garros,G,R128,Clay,5,210319,Ethan Quinn,105777,Grigor Dimitrov,106,17,0.5773,0.6621,0.0887,0.0,2.4226,0.8305,0.0,True
2025-520#322,2025-05-26,Roland Garros,G,R128,Clay,5,126094,Andrey Rublev,144750,Lloyd Harris,15,227,0.645,0.6248,0.6247,1.0,0.4704,0.1408,1.0,False
2025-520#321,2025-05-26,Roland Garros,G,R128,Clay,5,209113,Gabriel Diallo,202103,Francisco Cerundolo,54,18,0.5882,0.6568,0.1379,0.0,1.9813,0.7432,0.0,False
2025-520#320,2025-05-26,Roland Garros,G,R128,Clay,5,210150,Jakub Mensik,124186,Alexandre Muller,19,39,0.6201,0.5992,0.6315,1.0,0.4596,0.1358,1.0,False
2025-520#319,2025-05-26,Roland Garros,G,R128,Clay,5,126774,Stefanos Tsitsipas,144869,Tomas Martin Etcheverry,20,53,0.6349,0.616,0.6183,1.0,0.4809,0.1457,1.0,False
2025-520#318,2025-05-26,Roland Garros,G,R128,Clay,5,111460,Quentin Halys,207830,Tomas Machac,52,22,0.6614,0.6609,0.5029,1.0,0.6874,0.2471,0.0,True
2025-520#317,2025-05-26,Roland Garros,G,R128,Clay,5,200005,Ugo Humbert,106331,Christopher Oconnell,21,82,0.6598,0.5951,0.8471,1.0,0.1659,0.0234,1.0,False
2025-520#316,2025-05-26,Roland Garros,G,R128,Clay,5,200624,Sebastian Korda,209260,Luciano Darderi,23,45,0.662,0.5903,0.8718,1.0,0.1372,0.0164,1.0,False
2025-520#315,2025-05-26,Roland Garros,G,R128,Clay,5,111575,Karen Khachanov,126846,Aleksandar Vukic,24,80,0.6489,0.6024,0.7696,1.0,0.2619,0.0531,1.0,False
2025-520#314,2025-05-26,Roland Garros,G,R128,Clay,5,200615,Alexei Popyrin,106415,Yoshihito Nishioka,25,77,0.6199,0.6286,0.4449,0.0,0.8099,0.3082,1.0,True
2025-520#313,2025-05-26,Roland Garros,G,R128,Clay,5,200221,Alejandro Davidovich Fokina,208010,Pablo Llamas Ruiz,29,872,0.6236,0.5828,0.7454,1.0,0.2938,0.0648,1.0,False
2025-520#312,2025-05-26,Roland Garros,G,R128,Clay,5,133430,Denis Shapovalov,124079,Pedro Martinez,31,48,0.6623,0.5115,0.9927,1.0,0.0073,0.0001,1.0,False
2025-520#311,2025-05-26,Roland Garros,G,R128,Clay,5,208363,Mariano Navone,206909,Brandon Nakashima,97,32,0.5994,0.6741,0.1208,0.0,2.114,0.7731,0.0,False
2025-520#310,2025-05-26,Roland Garros,G,R128,Clay,5,208286,Matteo Arnaldi,200000,Felix Auger Aliassime,36,27,0.5975,0.6483,0.2095,0.0,1.5632,0.6249,0.0,False
2025-520#309,2025-05-26,Roland Garros,G,R128,Clay,5,211663,Joao Fonseca,128034,Hubert Hurkacz,65,28,0.6326,0.6505,0.3894,0.0,0.9432,0.3729,0.0,False
2025-520#308,2025-05-26,Roland Garros,G,R128,Clay,5,208659,Giovanni Mpetshi Perricard,200267,Zizou Bergs,37,50,0.6399,0.6363,0.5229,1.0,0.6484,0.2276,1.0,False
2025-520#307,2025-05-26,Roland Garros,G,R128,Clay,5,207678,Juan Manuel Cerundolo,210506,Alex Michelsen,109,33,0.5809,0.6386,0.1772,0.0,1.7305,0.677,0.0,False
2025-520#306,2025-05-26,Roland Garros,G,R128,Clay,5,132686,Nuno Borges,208021,Kyrian Jacquet,41,150,0.6182,0.5761,0.7532,1.0,0.2834,0.0609,1.0,False
2025-520#305,2025-05-26,Roland Garros,G,R128,Clay,5,202385,Jenson Brooksby,210262,Jaime Faria,161,115,0.5971,0.622,0.3444,0.0,1.0661,0.4299,0.0,False
2025-520#304,2025-05-26,Roland Garros,G,R128,Clay,5,122330,Alexander Bublik,105902,James Duckworth,62,92,0.5749,0.5062,0.8742,1.0,0.1344,0.0158,1.0,False
2025-520#303,2025-05-26,Roland Garros,G,R128,Clay,5,105807,Pablo Carreno Busta,207681,Francisco Comesana,99,64,0.5935,0.6051,0.4253,0.0,0.855,0.3303,0.0,False
2025-520#302,2025-05-26,Roland Garros,G,R128,Clay,5,207925,Flavio Cobolli,105227,Marin Cilic,26,104,0.6023,0.6212,0.3807,0.0,0.9656,0.3835,1.0,False
2025-520#301,2025-05-26,Roland Garros,G,R128,Clay,5,207411,Jesper De Jong,208859,Francesco Passaro,88,139,0.5885,0.5979,0.4391,0.0,0.8229,0.3146,1.0,False
2025-520#300,2025-05-26,Roland Garros,G,R128,Clay,5,106000,Damir Dzumhur,202058,Thiago Agustin Tirante,69,132,0.5687,0.5952,0.3318,0.0,1.1033,0.4465,1.0,False
2025-520#299,2025-05-26,Roland Garros,G,R128,Clay,5,207985,Jacob Fearnley,104527,Stan Wawrinka,55,138,0.6392,0.5826,0.818,1.0,0.2009,0.0331,1.0,False
2025-520#298,2025-05-26,Roland Garros,G,R128,Clay,5,105916,Marton Fucsovics,209262,Tristan Schoolkate,124,128,0.5963,0.6073,0.4293,0.0,0.8456,0.3257,1.0,False
2025-520#297,2025-05-26,Roland Garros,G,R128,Clay,5,123755,Daniel Elahi Galan,208316,Valentin Royer,122,120,0.5858,0.6417,0.1854,0.0,1.6851,0.6635,0.0,False
2025-520#296,2025-05-26,Roland Garros,G,R128,Clay,5,104755,Richard Gasquet,209279,Terence Atmane,166,121,0.5645,0.6157,0.2015,0.0,1.6021,0.6377,0.0,False
2025-520#295,2025-05-26,Roland Garros,G,R128,Clay,5,200384,Hugo Gaston,200259,Ugo Blanchet,83,193,0.5626,0.625,0.1552,0.0,1.8631,0.7137,1.0,False
2025-520#294,2025-05-26,Roland Garros,G,R128,Clay,5,209263,Matteo Gigante,133975,Benjamin Hassan,167,220,0.5876,0.6333,0.2317,0.0,1.4622,0.5903,1.0,False
2025-520#293,2025-05-26,Roland Garros,G,R128,Clay,5,144870,Federico Agustin Gomez,206499,Aleksandar Kovacevic,144,76,0.6035,0.6118,0.4468,0.0,0.8057,0.306,0.0,False
2025-520#292,2025-05-26,Roland Garros,G,R128,Clay,5,134868,Tallon Griekspoor,106218,Marcos Giron,35,43,0.6173,0.6165,0.5052,1.0,0.6829,0.2449,1.0,False
2025-520#291,2025-05-26,Roland Garros,G,R128,Clay,5,105732,Pierre Hugues Herbert,126127,Benjamin Bonzi,147,60,0.5929,0.6761,0.0956,0.0,2.3481,0.818,0.0,False
2025-520#290,2025-05-26,Roland Garros,G,R128,Clay,5,200175,Miomir Kecmanovic,202104,Sebastian Baez,46,38,0.6109,0.5855,0.6601,1.0,0.4153,0.1155,0.0,False
2025-520#289,2025-05-26,Roland Garros,G,R128,Clay,5,200240,Vit Kopriva,106329,Thiago Monteiro,86,131,0.6013,0.6058,0.4705,0.0,0.754,0.2804,1.0,False
2025-520#288,2025-05-26,Roland Garros,G,R128,Clay,5,208103,Jiri Lehecka,111442,Jordan Thompson,34,40,0.6318,0.6429,0.431,0.0,0.8418,0.3238,1.0,False
2025-520#287,2025-05-26,Roland Garros,G,R128,Clay,5,206681,Fabian Marozsan,208134,Luca Nardi,56,95,0.5881,0.5307,0.8298,1.0,0.1866,0.029,1.0,False
2025-520#286,2025-05-26,Roland Garros,G,R128,Clay,5,209098,Hamad Medjedovic,111794,Kamil Majchrzak,74,96,0.619,0.6273,0.4477,0.0,0.8037,0.3051,1.0,False
2025-520#285,2025-05-26,Roland Garros,G,R128,Clay,5,209209,Filip Misolic,207352,Bu Yunchaokete,153,70,0.5853,0.6214,0.2797,0.0,1.2742,0.5189,0.0,False
2025-520#284,2025-05-26,Roland Garros,G,R128,Clay,5,104792,Gael Monfils,106198,Hugo Dellien,42,90,0.5914,0.6225,0.3077,0.0,1.1785,0.4792,1.0,False
2025-520#283,2025-05-26,Roland Garros,G,R128,Clay,5,144895,Corentin Moutet,202127,Clement Tabur,73,280,0.5834,0.598,0.4058,0.0,0.902,0.3531,1.0,False
2025-520#282,2025-05-26,Roland Garros,G,R128,Clay,5,144719,Jaume Munar,200116,Camilo Ugo Carabelli,57,51,0.5933,0.5587,0.7153,1.0,0.3351,0.0811,0.0,False
2025-520#281,2025-05-26,Roland Garros,G,R128,Clay,5,207182,Emilio Nava,122298,Botic Van De Zandschulp,137,89,0.5894,0.586,0.522,1.0,0.6502,0.2285,0.0,False
2025-520#280,2025-05-26,Roland Garros,G,R128,Clay,5,124116,Sebastian Ofner,105526,Jan Lennard Struff,108,87,0.6157,0.6054,0.5655,1.0,0.57,0.1888,0.0,False
2025-520#279,2025-05-26,Roland Garros,G,R128,Clay,5,124187,Reilly Opelka,208014,Rinky Hijikata,93,78,0.6917,0.6063,0.907,1.0,0.0976,0.0087,0.0,False
2025-520#278,2025-05-26,Roland Garros,G,R128,Clay,5,210012,Henrique Rocha,105932,Nikoloz Basilashvili,200,133,0.6185,0.5696,0.7868,1.0,0.2398,0.0455,0.0,False
2025-520#277,2025-05-26,Roland Garros,G,R128,Clay,5,207686,Alexander Shevchenko,105583,Dusan Lajovic,103,125,0.6112,0.5869,0.6535,1.0,0.4254,0.12,1.0,False
2025-520#276,2025-05-26,Roland Garros,G,R128,Clay,5,126214,Alejandro Tabilo,209070,Arthur Cazaux,61,113,0.6158,0.6133,0.5165,1.0,0.6606,0.2337,1.0,False
2025-520#275,2025-05-26,Roland Garros,G,R128,Clay,5,200443,Adam Walton,109739,Maximilian Marterer,91,239,0.6324,0.5806,0.7982,1.0,0.2254,0.0407,1.0,False
2025-0321#385,2025-06-09,Stuttgart,250,F,Grass,3,126203,Taylor Fritz,100644,Alexander Zverev,7,3,0.6952,0.7358,0.3213,0.0,1.1353,0.4606,0.0,False
2025-0321#384,2025-06-09,Stuttgart,250,SF,Grass,3,100644,Alexander Zverev,210097,Ben Shelton,3,12,0.7467,0.6746,0.7965,1.0,0.2275,0.0414,1.0,False
2025-0321#383,2025-06-09,Stuttgart,250,SF,Grass,3,126203,Taylor Fritz,200000,Felix Auger Aliassime,7,29,0.7315,0.732,0.4979,0.0,0.6974,0.2521,1.0,False
2025-0321#382,2025-06-09,Stuttgart,250,QF,Grass,3,100644,Alexander Zverev,206909,Brandon Nakashima,3,31,0.7461,0.6293,0.9161,1.0,0.0876,0.007,1.0,False
2025-0321#381,2025-06-09,Stuttgart,250,QF,Grass,3,210097,Ben Shelton,208103,Jiri Lehecka,12,33,0.6983,0.6892,0.5424,1.0,0.6118,0.2094,1.0,False
2025-0321#380,2025-06-09,Stuttgart,250,QF,Grass,3,200000,Felix Auger Aliassime,211514,Justin Engel,29,281,0.6907,0.6278,0.7789,1.0,0.2499,0.0489,1.0,False
2025-0321#379,2025-06-09,Stuttgart,250,QF,Grass,3,126203,Taylor Fritz,105916,Marton Fucsovics,7,112,0.7011,0.6113,0.8643,1.0,0.1459,0.0184,1.0,False
2025-0321#378,2025-06-09,Stuttgart,250,R16,Grass,3,100644,Alexander Zverev,144895,Corentin Moutet,3,91,0.6955,0.5427,0.9734,1.0,0.027,0.0007,1.0,False
2025-0321#377,2025-06-09,Stuttgart,250,R16,Grass,3,206909,Brandon Nakashima,210530,Learner Tien,31,68,0.6555,0.5727,0.8548,1.0,0.1569,0.0211,1.0,False
2025-0321#376,2025-06-09,Stuttgart,250,R16,Grass,3,210097,Ben Shelton,105732,Pierre Hugues Herbert,12,132,0.6355,0.6509,0.4241,0.0,0.8577,0.3316,1.0,False
2025-0321#375,2025-06-09,Stuttgart,250,R16,Grass,3,208103,Jiri Lehecka,105526,Jan Lennard Struff,33,103,0.6596,0.68,0.4026,0.0,0.9097,0.3568,1.0,False
2025-0321#374,2025-06-09,Stuttgart,250,R16,Grass,3,211514,Justin Engel,210506,Alex Michelsen,281,35,0.6169,0.6547,0.3176,0.0,1.147,0.4657,0.0,False
2025-0321#373,2025-06-09,Stuttgart,250,R16,Grass,3,200000,Felix Auger Aliassime,208659,Giovanni Mpetshi Perricard,29,36,0.7646,0.7376,0.616,1.0,0.4846,0.1475,1.0,False
2025-0321#372,2025-06-09,Stuttgart,250,R16,Grass,3,105916,Marton Fucsovics,126239,Arthur Rinderknech,112,81,0.6493,0.6386,0.5526,1.0,0.5931,0.2002,0.0,False
2025-0321#371,2025-06-09,Stuttgart,250,R16,Grass,3,126203,Taylor Fritz,111460,Quentin Halys,7,47,0.7752,0.7444,0.6304,1.0,0.4613,0.1366,1.0,False
2025-0321#370,2025-06-09,Stuttgart,250,R32,Grass,3,144895,Corentin Moutet,104926,Fabio Fognini,91,117,0.6014,0.5771,0.6246,1.0,0.4706,0.1409,1.0,False
2025-0321#369,2025-06-09,Stuttgart,250,R32,Grass,3,210530,Learner Tien,106415,Yoshihito Nishioka,68,78,0.5912,0.6284,0.3168,0.0,1.1496,0.4668,1.0,True
2025-0321#368,2025-06-09,Stuttgart,250,R32,Grass,3,206909,Brandon Nakashima,207985,Jacob Fearnley,31,49,0.6556,0.6276,0.6365,1.0,0.4518,0.1322,1.0,False
2025-0321#367,2025-06-09,Stuttgart,250,R32,Grass,3,105732,Pierre Hugues Herbert,106000,Damir Dzumhur,132,67,0.6037,0.5926,0.5573,1.0,0.5847,0.196,0.0,True
2025-0321#366,2025-06-09,Stuttgart,250,R32,Grass,3,105526,Jan Lennard Struff,208286,Matteo Arnaldi,103,41,0.6553,0.6047,0.7378,1.0,0.3041,0.0688,0.0,False
2025-0321#365,2025-06-09,Stuttgart,250,R32,Grass,3,208103,Jiri Lehecka,126127,Benjamin Bonzi,33,61,0.6538,0.6611,0.4644,0.0,0.7671,0.2869,1.0,False
2025-0321#364,2025-06-09,Stuttgart,250,R32,Grass,3,210506,Alex Michelsen,104792,Gael Monfils,35,42,0.6133,0.6685,0.2457,0.0,1.4035,0.5689,1.0,False
2025-0321#363,2025-06-09,Stuttgart,250,R32,Grass,3,211514,Justin Engel,105902,James Duckworth,281,94,0.6497,0.6355,0.5705,1.0,0.5613,0.1845,0.0,False
2025-0321#362,2025-06-09,Stuttgart,250,R32,Grass,3,208659,Giovanni Mpetshi Perricard,126128,Roman Safiullin,36,74,0.6976,0.7165,0.4135,0.0,0.8831,0.344,1.0,False
2025-0321#361,2025-06-09,Stuttgart,250,R32,Grass,3,126239,Arthur Rinderknech,133430,Denis Shapovalov,81,30,0.6773,0.671,0.5301,1.0,0.6346,0.2208,0.0,False
2025-0321#360,2025-06-09,Stuttgart,250,R32,Grass,3,105916,Marton Fucsovics,105870,Yannick Hanfmann,112,135,0.6175,0.6073,0.5519,1.0,0.5943,0.2008,1.0,False
2025-0321#359,2025-06-09,Stuttgart,250,R32,Grass,3,111460,Quentin Halys,132283,Lorenzo Sonego,47,45,0.7352,0.6931,0.685,1.0,0.3784,0.0993,0.0,False
2025-0440#385,2025-06-09,s Hertogenbosch,250,F,Grass,3,209113,Gabriel Diallo,200267,Zizou Bergs,55,63,0.6415,0.6534,0.4411,0.0,0.8185,0.3124,1.0,False
2025-0440#384,2025-06-09,s Hertogenbosch,250,SF,Grass,3,200267,Zizou Bergs,124187,Reilly Opelka,63,87,0.6912,0.7121,0.4038,0.0,0.9069,0.3555,1.0,False
2025-0440#383,2025-06-09,s Hertogenbosch,250,SF,Grass,3,209113,Gabriel Diallo,200005,Ugo Humbert,55,20,0.6468,0.6749,0.3659,0.0,1.0053,0.4021,0.0,False
2025-0440#382,2025-06-09,s Hertogenbosch,250,QF,Grass,3,124187,Reilly Opelka,106421,Daniil Medvedev,87,11,0.6931,0.69,0.515,1.0,0.6637,0.2353,0.0,False
2025-0440#381,2025-06-09,s Hertogenbosch,250,QF,Grass,3,200267,Zizou Bergs,210136,Mark Lajal,63,195,0.662,0.6193,0.7027,1.0,0.3528,0.0884,1.0,False
2025-0440#380,2025-06-09,s Hertogenbosch,250,QF,Grass,3,209113,Gabriel Diallo,111575,Karen Khachanov,55,24,0.6388,0.6753,0.3272,0.0,1.1172,0.4527,0.0,False
2025-0440#379,2025-06-09,s Hertogenbosch,250,QF,Grass,3,200005,Ugo Humbert,132686,Nuno Borges,20,38,0.6449,0.6255,0.5963,1.0,0.517,0.163,1.0,False
2025-0440#378,2025-06-09,s Hertogenbosch,250,R16,Grass,3,106421,Daniil Medvedev,105173,Adrian Mannarino,11,127,0.6584,0.5757,0.8537,1.0,0.1582,0.0214,1.0,False
2025-0440#377,2025-06-09,s Hertogenbosch,250,R16,Grass,3,124187,Reilly Opelka,111797,Nicolas Jarry,87,150,0.7706,0.7373,0.6418,1.0,0.4434,0.1283,1.0,False
2025-0440#376,2025-06-09,s Hertogenbosch,250,R16,Grass,3,200267,Zizou Bergs,200615,Alexei Popyrin,63,21,0.6487,0.6639,0.4264,0.0,0.8523,0.329,0.0,False
2025-0440#374,2025-06-09,s Hertogenbosch,250,R16,Grass,3,209113,Gabriel Diallo,111442,Jordan Thompson,55,37,0.6555,0.6742,0.4103,0.0,0.8909,0.3478,0.0,False
2025-0440#373,2025-06-09,s Hertogenbosch,250,R16,Grass,3,111575,Karen Khachanov,111456,Mackenzie Mcdonald,24,99,0.6522,0.5892,0.7881,1.0,0.2381,0.0449,1.0,False
2025-0440#371,2025-06-09,s Hertogenbosch,250,R16,Grass,3,200005,Ugo Humbert,105554,Daniel Evans,20,217,0.6654,0.5919,0.8228,1.0,0.1951,0.0314,1.0,False
2025-0440#370,2025-06-09,s Hertogenbosch,250,R32,Grass,3,105173,Adrian Mannarino,106331,Christopher Oconnell,127,80,0.5984,0.6321,0.3333,0.0,1.0987,0.4445,0.0,False
2025-0440#369,2025-06-09,s Hertogenbosch,250,R32,Grass,3,124187,Reilly Opelka,207411,Jesper De Jong,87,92,0.7002,0.6829,0.5808,1.0,0.5433,0.1757,1.0,False
2025-0440#368,2025-06-09,s Hertogenbosch,250,R32,Grass,3,111797,Nicolas Jarry,209260,Luciano Darderi,150,48,0.6468,0.6352,0.5577,1.0,0.5839,0.1956,0.0,False
2025-0440#367,2025-06-09,s Hertogenbosch,250,R32,Grass,3,200267,Zizou Bergs,210696,Alexander Blockx,63,145,0.6587,0.5891,0.8109,1.0,0.2096,0.0358,1.0,False
2025-0440#366,2025-06-09,s Hertogenbosch,250,R32,Grass,3,210136,Mark Lajal,111513,Laslo Djere,195,64,0.6242,0.6793,0.2486,0.0,1.3917,0.5645,0.0,False
2025-0440#365,2025-06-09,s Hertogenbosch,250,R32,Grass,3,128034,Hubert Hurkacz,105138,Roberto Bautista Agut,32,50,0.7098,0.6274,0.8403,1.0,0.174,0.0255,1.0,False
2025-0440#364,2025-06-09,s Hertogenbosch,250,R32,Grass,3,111442,Jordan Thompson,206499,Aleksandar Kovacevic,37,76,0.692,0.6648,0.6278,1.0,0.4656,0.1386,1.0,False
2025-0440#363,2025-06-09,s Hertogenbosch,250,R32,Grass,3,209113,Gabriel Diallo,126846,Aleksandar Vukic,55,79,0.6754,0.675,0.5022,1.0,0.6888,0.2478,1.0,False
2025-0440#362,2025-06-09,s Hertogenbosch,250,R32,Grass,3,111456,Mackenzie Mcdonald,208233,Mattia Bellucci,99,72,0.6161,0.6349,0.4061,0.0,0.9013,0.3528,0.0,False
2025-0440#361,2025-06-09,s Hertogenbosch,250,R32,Grass,3,132686,Nuno Borges,210460,Nishesh Basavareddy,38,105,0.6549,0.5966,0.7693,1.0,0.2623,0.0532,1.0,False
2025-0440#360,2025-06-09,s Hertogenbosch,250,R32,Grass,3,202261,Otto Virtanen,144869,Tomas Martin Etcheverry,101,62,0.655,0.6787,0.3871,0.0,0.949,0.3756,0.0,False
2025-0440#359,2025-06-09,s Hertogenbosch,250,R32,Grass,3,105554,Daniel Evans,208014,Rinky Hijikata,217,75,0.6192,0.5768,0.7087,1.0,0.3443,0.0848,0.0,False
2025-0311#385,2025-06-16,Queen's Club,500,F,Grass,3,207989,Carlos Alcaraz,208103,Jiri Lehecka,2,30,0.6812,0.6098,0.812,1.0,0.2083,0.0354,1.0,False
2025-0311#384,2025-06-16,Queen's Club,500,SF,Grass,3,207989,Carlos Alcaraz,105138,Roberto Bautista Agut,2,51,0.664,0.5474,0.9326,1.0,0.0698,0.0045,1.0,False
2025-0311#383,2025-06-16,Queen's Club,500,SF,Grass,3,208103,Jiri Lehecka,207733,Jack Draper,30,6,0.635,0.6936,0.2383,0.0,1.4344,0.5802,0.0,False
2025-0311#382,2025-06-16,Queen's Club,500,QF,Grass,3,207989,Carlos Alcaraz,126239,Arthur Rinderknech,2,80,0.7179,0.6281,0.8599,1.0,0.151,0.0196,1.0,False
2025-0311#381,2025-06-16,Queen's Club,500,QF,Grass,3,105138,Roberto Bautista Agut,208029,Holger Rune,51,9,0.6064,0.6403,0.3334,0.0,1.0983,0.4443,0.0,False
2025-0311#380,2025-06-16,Queen's Club,500,QF,Grass,3,208103,Jiri Lehecka,207985,Jacob Fearnley,30,60,0.6337,0.6324,0.5065,1.0,0.6803,0.2436,1.0,False
2025-0311#379,2025-06-16,Queen's Club,500,QF,Grass,3,207733,Jack Draper,206909,Brandon Nakashima,6,32,0.7037,0.6378,0.7866,1.0,0.24,0.0455,1.0,False
2025-0311#378,2025-06-16,Queen's Club,500,R16,Grass,3,207989,Carlos Alcaraz,144719,Jaume Munar,2,59,0.6471,0.5785,0.8097,1.0,0.2111,0.0362,1.0,False
2025-0311#377,2025-06-16,Queen's Club,500,R16,Grass,3,126239,Arthur Rinderknech,124187,Reilly Opelka,80,75,0.7364,0.7472,0.4526,0.0,0.7928,0.2997,0.0,False
2025-0311#376,2025-06-16,Queen's Club,500,R16,Grass,3,208029,Holger Rune,111456,Mackenzie Mcdonald,9,98,0.6416,0.613,0.6408,1.0,0.4451,0.129,1.0,False
2025-0311#375,2025-06-16,Queen's Club,500,R16,Grass,3,105138,Roberto Bautista Agut,210150,Jakub Mensik,51,17,0.653,0.7066,0.2611,0.0,1.343,0.546,0.0,False
2025-0311#374,2025-06-16,Queen's Club,500,R16,Grass,3,208103,Jiri Lehecka,209113,Gabriel Diallo,30,44,0.682,0.6734,0.541,1.0,0.6143,0.2106,1.0,False
2025-0311#373,2025-06-16,Queen's Club,500,R16,Grass,3,207985,Jacob Fearnley,144895,Corentin Moutet,60,89,0.628,0.6055,0.613,1.0,0.4894,0.1498,1.0,False
2025-0311#372,2025-06-16,Queen's Club,500,R16,Grass,3,206909,Brandon Nakashima,105554,Daniel Evans,32,199,0.6827,0.6066,0.8272,1.0,0.1897,0.0298,1.0,False
2025-0311#371,2025-06-16,Queen's Club,500,R16,Grass,3,207733,Jack Draper,200615,Alexei Popyrin,6,21,0.704,0.6449,0.7609,1.0,0.2732,0.0572,1.0,False
2025-0311#370,2025-06-16,Queen's Club,500,R32,Grass,3,207989,Carlos Alcaraz,200443,Adam Walton,2,86,0.7017,0.5847,0.9265,1.0,0.0763,0.0054,1.0,False
2025-0311#369,2025-06-16,Queen's Club,500,R32,Grass,3,144719,Jaume Munar,111442,Jordan Thompson,59,37,0.6272,0.6549,0.365,0.0,1.0079,0.4033,0.0,True
2025-0311#368,2025-06-16,Queen's Club,500,R32,Grass,3,124187,Reilly Opelka,200116,Camilo Ugo Carabelli,75,53,0.6601,0.5692,0.8767,1.0,0.1316,0.0152,0.0,False
2025-0311#367,2025-06-16,Queen's Club,500,R32,Grass,3,126239,Arthur Rinderknech,210097,Ben Shelton,80,10,0.7066,0.7303,0.3938,0.0,0.9319,0.3675,0.0,False
2025-0311#366,2025-06-16,Queen's Club,500,R32,Grass,3,208029,Holger Rune,106331,Christopher Oconnell,9,79,0.6773,0.6259,0.7369,1.0,0.3054,0.0692,1.0,False
2025-0311#365,2025-06-16,Queen's Club,500,R32,Grass,3,111456,Mackenzie Mcdonald,104792,Gael Monfils,98,42,0.5843,0.6538,0.1887,0.0,1.6674,0.6581,0.0,False
2025-0311#364,2025-06-16,Queen's Club,500,R32,Grass,3,105138,Roberto Bautista Agut,132686,Nuno Borges,51,38,0.5951,0.6303,0.3261,0.0,1.1205,0.4541,0.0,False
2025-0311#363,2025-06-16,Queen's Club,500,R32,Grass,3,210150,Jakub Mensik,111815,Cameron Norrie,17,61,0.6993,0.6563,0.6963,1.0,0.362,0.0922,1.0,False
2025-0311#362,2025-06-16,Queen's Club,500,R32,Grass,3,208103,Jiri Lehecka,200282,Alex De Minaur,30,12,0.6013,0.6535,0.2548,0.0,1.3674,0.5554,0.0,False
2025-0311#361,2025-06-16,Queen's Club,500,R32,Grass,3,209113,Gabriel Diallo,126129,Billy Harris,44,113,0.7083,0.6404,0.7924,1.0,0.2326,0.0431,1.0,False
2025-0311#360,2025-06-16,Queen's Club,500,R32,Grass,3,207985,Jacob Fearnley,106109,Alex Bolt,60,194,0.6215,0.64,0.4079,0.0,0.8967,0.3506,1.0,False
2025-0311#359,2025-06-16,Queen's Club,500,R32,Grass,3,144895,Corentin Moutet,126203,Taylor Fritz,89,4,0.5733,0.6971,0.061,0.0,2.7965,0.8817,0.0,False
2025-0311#358,2025-06-16,Queen's Club,500,R32,Grass,3,105554,Daniel Evans,126207,Frances Tiafoe,199,13,0.5964,0.6858,0.1332,0.0,2.0157,0.7513,0.0,False
2025-0311#357,2025-06-16,Queen's Club,500,R32,Grass,3,206909,Brandon Nakashima,208659,Giovanni Mpetshi Perricard,32,36,0.7668,0.7567,0.5432,1.0,0.6102,0.2086,1.0,False
2025-0311#356,2025-06-16,Queen's Club,500,R32,Grass,3,200615,Alexei Popyrin,126846,Aleksandar Vukic,21,83,0.7026,0.685,0.582,1.0,0.5412,0.1747,1.0,False
2025-0311#355,2025-06-16,Queen's Club,500,R32,Grass,3,207733,Jack Draper,202385,Jenson Brooksby,6,149,0.6823,0.5804,0.8996,1.0,0.1058,0.0101,1.0,False
2025-0500#385,2025-06-16,Halle,500,F,Grass,3,122330,Alexander Bublik,106421,Daniil Medvedev,45,11,0.6337,0.6539,0.401,0.0,0.9139,0.3588,0.0,False
2025-0500#384,2025-06-16,Halle,500,SF,Grass,3,122330,Alexander Bublik,111575,Karen Khachanov,45,22,0.67,0.6949,0.3836,0.0,0.9582,0.38,0.0,False
2025-0500#383,2025-06-16,Halle,500,SF,Grass,3,106421,Daniil Medvedev,100644,Alexander Zverev,11,3,0.6308,0.6349,0.4797,0.0,0.7346,0.2707,0.0,False
2025-0500#382,2025-06-16,Halle,500,QF,Grass,3,122330,Alexander Bublik,207830,Tomas Machac,45,23,0.644,0.6399,0.5207,1.0,0.6525,0.2297,0.0,False
2025-0500#381,2025-06-16,Halle,500,QF,Grass,3,111575,Karen Khachanov,144869,Tomas Martin Etcheverry,22,63,0.6603,0.6319,0.6377,1.0,0.4498,0.1312,1.0,False
2025-0500#380,2025-06-16,Halle,500,QF,Grass,3,106421,Daniil Medvedev,210506,Alex Michelsen,11,33,0.665,0.5938,0.815,1.0,0.2045,0.0342,1.0,False
2025-0500#379,2025-06-16,Halle,500,QF,Grass,3,100644,Alexander Zverev,207925,Flavio Cobolli,3,24,0.6944,0.5836,0.9161,1.0,0.0876,0.007,1.0,False
2025-0500#378,2025-06-16,Halle,500,R16,Grass,3,122330,Alexander Bublik,206173,Jannik Sinner,45,1,0.7074,0.741,0.352,0.0,1.0441,0.4199,0.0,False
2025-0500#377,2025-06-16,Halle,500,R16,Grass,3,207830,Tomas Machac,206681,Fabian Marozsan,23,58,0.6423,0.6253,0.5843,1.0,0.5373,0.1728,1.0,False
2025-0500#376,2025-06-16,Halle,500,R16,Grass,3,144869,Tomas Martin Etcheverry,126094,Andrey Rublev,63,14,0.6366,0.6866,0.2711,0.0,1.3052,0.5313,0.0,False
2025-0500#375,2025-06-16,Halle,500,R16,Grass,3,111575,Karen Khachanov,200000,Felix Auger Aliassime,22,27,0.652,0.69,0.3232,0.0,1.1296,0.4581,1.0,False
2025-0500#374,2025-06-16,Halle,500,R16,Grass,3,210506,Alex Michelsen,126774,Stefanos Tsitsipas,33,25,0.6273,0.6517,0.3807,0.0,0.9658,0.3836,0.0,False
2025-0500#373,2025-06-16,Halle,500,R16,Grass,3,106421,Daniil Medvedev,111460,Quentin Halys,11,48,0.6729,0.6474,0.6227,1.0,0.4737,0.1423,1.0,False
2025-0500#372,2025-06-16,Halle,500,R16,Grass,3,207925,Flavio Cobolli,133430,Denis Shapovalov,24,31,0.5905,0.6429,0.2519,0.0,1.3788,0.5597,1.0,False
2025-0500#371,2025-06-16,Halle,500,R16,Grass,3,100644,Alexander Zverev,132283,Lorenzo Sonego,3,46,0.7536,0.6211,0.9411,1.0,0.0607,0.0035,1.0,False
2025-0500#370,2025-06-16,Halle,500,R32,Grass,3,206173,Jannik Sinner,105870,Yannick Hanfmann,1,138,0.7634,0.5734,0.9888,1.0,0.0113,0.0001,1.0,False
2025-0500#369,2025-06-16,Halle,500,R32,Grass,3,122330,Alexander Bublik,124186,Alexandre Muller,45,40,0.6659,0.6422,0.6145,1.0,0.487,0.1486,0.0,False
2025-0500#368,2025-06-16,Halle,500,R32,Grass,3,206681,Fabian Marozsan,200175,Miomir Kecmanovic,58,47,0.6194,0.6398,0.3985,0.0,0.9201,0.3618,0.0,False
2025-0500#367,2025-06-16,Halle,500,R32,Grass,3,207830,Tomas Machac,207411,Jesper De Jong,23,93,0.6363,0.6312,0.5258,1.0,0.6429,0.2249,1.0,False
2025-0500#366,2025-06-16,Halle,500,R32,Grass,3,126094,Andrey Rublev,124116,Sebastian Ofner,14,122,0.6908,0.6638,0.6269,1.0,0.4669,0.1392,1.0,False
2025-0500#365,2025-06-16,Halle,500,R32,Grass,3,144869,Tomas Martin Etcheverry,124079,Pedro Martinez,63,54,0.6245,0.5357,0.8773,1.0,0.131,0.0151,0.0,False
2025-0500#364,2025-06-16,Halle,500,R32,Grass,3,200000,Felix Auger Aliassime,111513,Laslo Djere,27,65,0.6871,0.6445,0.6976,1.0,0.3602,0.0915,1.0,False
2025-0500#363,2025-06-16,Halle,500,R32,Grass,3,111575,Karen Khachanov,200267,Zizou Bergs,22,49,0.6487,0.6363,0.5611,1.0,0.5778,0.1926,1.0,False
2025-0500#362,2025-06-16,Halle,500,R32,Grass,3,210506,Alex Michelsen,202103,Francisco Cerundolo,33,18,0.6049,0.6321,0.3641,0.0,1.0104,0.4044,0.0,False
2025-0500#361,2025-06-16,Halle,500,R32,Grass,3,126774,Stefanos Tsitsipas,209260,Luciano Darderi,25,56,0.6731,0.6244,0.7264,1.0,0.3197,0.0749,1.0,False
2025-0500#360,2025-06-16,Halle,500,R32,Grass,3,111460,Quentin Halys,126127,Benjamin Bonzi,48,62,0.7067,0.6983,0.539,1.0,0.6181,0.2126,1.0,False
2025-0500#359,2025-06-16,Halle,500,R32,Grass,3,106421,Daniil Medvedev,127157,Daniel Altmaier,11,52,0.6812,0.6057,0.8259,1.0,0.1913,0.0303,1.0,False
2025-0500#358,2025-06-16,Halle,500,R32,Grass,3,133430,Denis Shapovalov,200005,Ugo Humbert,31,20,0.6633,0.6433,0.597,1.0,0.5159,0.1624,0.0,False
2025-0500#357,2025-06-16,Halle,500,R32,Grass,3,207925,Flavio Cobolli,211663,Joao Fonseca,24,57,0.6244,0.634,0.4522,0.0,0.7936,0.3,1.0,False
2025-0500#356,2025-06-16,Halle,500,R32,Grass,3,132283,Lorenzo Sonego,105526,Jan Lennard Struff,46,103,0.6589,0.6843,0.3798,0.0,0.9682,0.3847,1.0,False
2025-0500#355,2025-06-16,Halle,500,R32,Grass,3,100644,Alexander Zverev,106218,Marcos Giron,3,43,0.7354,0.5917,0.9591,1.0,0.0417,0.0017,1.0,False
2025-8994#385,2025-06-22,Mallorca,250,F,Grass,3,134868,Tallon Griekspoor,144895,Corentin Moutet,34,83,0.6527,0.6036,0.7321,1.0,0.3119,0.0718,1.0,False
2025-8994#384,2025-06-22,Mallorca,250,SF,Grass,3,144895,Corentin Moutet,210506,Alex Michelsen,83,33,0.5903,0.6337,0.2894,0.0,1.24,0.505,0.0,False
2025-8994#383,2025-06-22,Mallorca,250,SF,Grass,3,134868,Tallon Griekspoor,200000,Felix Auger Aliassime,34,27,0.6936,0.7377,0.3071,0.0,1.1807,0.4801,0.0,False
2025-8994#382,2025-06-22,Mallorca,250,QF,Grass,3,144895,Corentin Moutet,210530,Learner Tien,83,67,0.6238,0.6072,0.5836,1.0,0.5385,0.1734,0.0,False
2025-8994#381,2025-06-22,Mallorca,250,QF,Grass,3,210506,Alex Michelsen,105138,Roberto Bautista Agut,33,43,0.6328,0.6151,0.5889,1.0,0.5295,0.169,1.0,False
2025-8994#380,2025-06-22,Mallorca,250,QF,Grass,3,134868,Tallon Griekspoor,209113,Gabriel Diallo,34,41,0.6928,0.6994,0.4695,0.0,0.7562,0.2815,1.0,False
2025-8994#379,2025-06-22,Mallorca,250,QF,Grass,3,200000,Felix Auger Aliassime,209098,Hamad Medjedovic,27,73,0.7039,0.6511,0.7365,1.0,0.3059,0.0694,1.0,False
2025-8994#378,2025-06-22,Mallorca,250,R16,Grass,3,210530,Learner Tien,210097,Ben Shelton,67,10,0.6043,0.655,0.2615,0.0,1.3412,0.5453,0.0,False
2025-8994#377,2025-06-22,Mallorca,250,R16,Grass,3,144895,Corentin Moutet,127157,Daniel Altmaier,83,59,0.6103,0.6344,0.3802,0.0,0.9671,0.3842,0.0,False
2025-8994#376,2025-06-22,Mallorca,250,R16,Grass,3,210506,Alex Michelsen,200587,Brandon Holt,33,101,0.6459,0.6079,0.6845,1.0,0.379,0.0995,1.0,False
2025-8994#375,2025-06-22,Mallorca,250,R16,Grass,3,105138,Roberto Bautista Agut,106071,Bernard Tomic,43,248,0.6197,0.6314,0.4413,0.0,0.818,0.3122,1.0,False
2025-8994#374,2025-06-22,Mallorca,250,R16,Grass,3,209113,Gabriel Diallo,111513,Laslo Djere,41,62,0.6638,0.667,0.4844,0.0,0.7248,0.2658,1.0,False
2025-8994#373,2025-06-22,Mallorca,250,R16,Grass,3,134868,Tallon Griekspoor,210319,Ethan Quinn,34,95,0.6698,0.6287,0.6945,1.0,0.3646,0.0933,1.0,False
2025-8994#372,2025-06-22,Mallorca,250,R16,Grass,3,209098,Hamad Medjedovic,126128,Roman Safiullin,73,75,0.6509,0.6509,0.4999,0.0,0.6934,0.2501,1.0,False
2025-8994#371,2025-06-22,Mallorca,250,R16,Grass,3,200000,Felix Auger Aliassime,126239,Arthur Rinderknech,27,70,0.7377,0.6916,0.7014,1.0,0.3547,0.0892,1.0,False
2025-8994#370,2025-06-22,Mallorca,250,R32,Grass,3,210530,Learner Tien,211514,Justin Engel,67,219,0.6167,0.6394,0.3875,0.0,0.948,0.3752,1.0,False
2025-8994#369,2025-06-22,Mallorca,250,R32,Grass,3,144895,Corentin Moutet,124079,Pedro Martinez,83,52,0.6042,0.5725,0.6604,1.0,0.4149,0.1153,0.0,False
2025-8994#368,2025-06-22,Mallorca,250,R32,Grass,3,127157,Daniel Altmaier,104926,Fabio Fognini,59,130,0.6497,0.6003,0.7338,1.0,0.3095,0.0709,1.0,False
2025-8994#367,2025-06-22,Mallorca,250,R32,Grass,3,200587,Brandon Holt,126127,Benjamin Bonzi,101,64,0.5999,0.6609,0.2213,0.0,1.5082,0.6063,0.0,False
2025-8994#366,2025-06-22,Mallorca,250,R32,Grass,3,106071,Bernard Tomic,208014,Rinky Hijikata,248,88,0.6577,0.5685,0.8725,1.0,0.1364,0.0163,0.0,False
2025-8994#365,2025-06-22,Mallorca,250,R32,Grass,3,105138,Roberto Bautista Agut,144869,Tomas Martin Etcheverry,43,53,0.6336,0.6411,0.4627,0.0,0.7707,0.2887,1.0,False
2025-8994#364,2025-06-22,Mallorca,250,R32,Grass,3,209113,Gabriel Diallo,144719,Jaume Munar,41,54,0.6534,0.6451,0.5407,1.0,0.6149,0.211,1.0,False
2025-8994#363,2025-06-22,Mallorca,250,R32,Grass,3,111513,Laslo Djere,207352,Bu Yunchaokete,62,69,0.6644,0.6356,0.6389,1.0,0.4481,0.1304,1.0,False
2025-8994#362,2025-06-22,Mallorca,250,R32,Grass,3,210319,Ethan Quinn,200116,Camilo Ugo Carabelli,95,55,0.6166,0.5983,0.5927,1.0,0.523,0.1659,0.0,False
2025-8994#361,2025-06-22,Mallorca,250,R32,Grass,3,126128,Roman Safiullin,124186,Alexandre Muller,75,40,0.6528,0.6124,0.6942,1.0,0.365,0.0935,0.0,False
2025-8994#360,2025-06-22,Mallorca,250,R32,Grass,3,209098,Hamad Medjedovic,210460,Nishesh Basavareddy,73,99,0.6647,0.584,0.8463,1.0,0.1669,0.0236,1.0,False
2025-8994#359,2025-06-22,Mallorca,250,R32,Grass,3,126239,Arthur Rinderknech,106000,Damir Dzumhur,70,68,0.649,0.6078,0.6983,1.0,0.3591,0.091,0.0,False
2025-0741#385,2025-06-23,Eastbourne,250,F,Grass,3,126203,Taylor Fritz,202385,Jenson Brooksby,5,149,0.6959,0.5709,0.941,1.0,0.0608,0.0035,1.0,False
2025-0741#384,2025-06-23,Eastbourne,250,SF,Grass,3,126203,Taylor Fritz,200221,Alejandro Davidovich Fokina,5,28,0.6804,0.6075,0.8171,1.0,0.202,0.0335,1.0,False
2025-0741#383,2025-06-23,Eastbourne,250,SF,Grass,3,202385,Jenson Brooksby,200005,Ugo Humbert,149,20,0.5701,0.6581,0.1308,0.0,2.0337,0.7554,0.0,False
2025-0741#382,2025-06-23,Eastbourne,250,QF,Grass,3,126203,Taylor Fritz,106218,Marcos Giron,5,46,0.7475,0.6254,0.9255,1.0,0.0774,0.0055,1.0,False
2025-0741#381,2025-06-23,Eastbourne,250,QF,Grass,3,200221,Alejandro Davidovich Fokina,210150,Jakub Mensik,28,17,0.6491,0.678,0.3626,0.0,1.0145,0.4063,0.0,False
2025-0741#380,2025-06-23,Eastbourne,250,QF,Grass,3,200005,Ugo Humbert,126129,Billy Harris,20,142,0.7122,0.6236,0.858,1.0,0.1532,0.0202,1.0,False
2025-0741#379,2025-06-23,Eastbourne,250,QF,Grass,3,202385,Jenson Brooksby,105554,Daniel Evans,149,170,0.605,0.6057,0.4967,0.0,0.6997,0.2533,1.0,False
2025-0741#378,2025-06-23,Eastbourne,250,R16,Grass,3,126203,Taylor Fritz,211663,Joao Fonseca,5,57,0.7203,0.6573,0.7715,1.0,0.2594,0.0522,1.0,False
2025-0741#377,2025-06-23,Eastbourne,250,R16,Grass,3,106218,Marcos Giron,207985,Jacob Fearnley,46,51,0.6424,0.6268,0.5775,1.0,0.5491,0.1785,1.0,False
2025-0741#376,2025-06-23,Eastbourne,250,R16,Grass,3,210150,Jakub Mensik,124187,Reilly Opelka,17,72,0.732,0.6957,0.6613,1.0,0.4136,0.1147,1.0,False
2025-0741#375,2025-06-23,Eastbourne,250,R16,Grass,3,200221,Alejandro Davidovich Fokina,105902,James Duckworth,28,106,0.6503,0.5914,0.7727,1.0,0.2579,0.0517,1.0,False
2025-0741#374,2025-06-23,Eastbourne,250,R16,Grass,3,126129,Billy Harris,208233,Mattia Bellucci,142,74,0.6393,0.6729,0.3402,0.0,1.0784,0.4354,0.0,False
2025-0741#373,2025-06-23,Eastbourne,250,R16,Grass,3,200005,Ugo Humbert,132283,Lorenzo Sonego,20,48,0.6926,0.6477,0.7065,1.0,0.3474,0.0861,1.0,False
2025-0741#372,2025-06-23,Eastbourne,250,R16,Grass,3,202385,Jenson Brooksby,132686,Nuno Borges,149,37,0.5859,0.6414,0.2387,0.0,1.4324,0.5795,0.0,False
2025-0741#371,2025-06-23,Eastbourne,250,R16,Grass,3,105554,Daniel Evans,126205,Tommy Paul,170,13,0.5852,0.6524,0.1963,0.0,1.628,0.6459,0.0,False
2025-0741#370,2025-06-23,Eastbourne,250,R32,Grass,3,211663,Joao Fonseca,200267,Zizou Bergs,57,50,0.642,0.6443,0.4889,0.0,0.7156,0.2612,0.0,False
2025-0741#369,2025-06-23,Eastbourne,250,R32,Grass,3,106218,Marcos Giron,209260,Luciano Darderi,46,56,0.6504,0.6235,0.6321,1.0,0.4588,0.1354,1.0,False
2025-0741#368,2025-06-23,Eastbourne,250,R32,Grass,3,207985,Jacob Fearnley,207925,Flavio Cobolli,51,24,0.6233,0.6162,0.5364,1.0,0.6229,0.215,0.0,False
2025-0741#367,2025-06-23,Eastbourne,250,R32,Grass,3,124187,Reilly Opelka,207785,George Loffhagen,72,302,0.706,0.6908,0.5707,1.0,0.5609,0.1843,1.0,False
2025-0741#366,2025-06-23,Eastbourne,250,R32,Grass,3,105902,James Duckworth,126846,Aleksandar Vukic,106,80,0.6322,0.6959,0.2195,0.0,1.5166,0.6093,0.0,False
2025-0741#365,2025-06-23,Eastbourne,250,R32,Grass,3,200221,Alejandro Davidovich Fokina,202358,Chun Hsin Tseng,28,96,0.6319,0.5939,0.6865,1.0,0.3762,0.0983,1.0,False
2025-0741#364,2025-06-23,Eastbourne,250,R32,Grass,3,126129,Billy Harris,111815,Cameron Norrie,142,61,0.6122,0.655,0.2958,0.0,1.218,0.4959,0.0,False
2025-0741#363,2025-06-23,Eastbourne,250,R32,Grass,3,208233,Mattia Bellucci,111460,Quentin Halys,74,47,0.6869,0.7255,0.3277,0.0,1.1156,0.452,0.0,False
2025-0741#362,2025-06-23,Eastbourne,250,R32,Grass,3,132283,Lorenzo Sonego,206681,Fabian Marozsan,48,58,0.649,0.624,0.6228,1.0,0.4735,0.1423,1.0,False
2025-0741#361,2025-06-23,Eastbourne,250,R32,Grass,3,132686,Nuno Borges,209957,Jack Pinnington Jones,37,282,0.6465,0.6318,0.5726,1.0,0.5575,0.1827,1.0,False
2025-0741#360,2025-06-23,Eastbourne,250,R32,Grass,3,202385,Jenson Brooksby,207681,Francisco Comesana,149,65,0.6015,0.6324,0.3466,0.0,1.0597,0.427,0.0,False
2025-0741#359,2025-06-23,Eastbourne,250,R32,Grass,3,105554,Daniel Evans,200175,Miomir Kecmanovic,170,49,0.5955,0.6465,0.2584,0.0,1.3532,0.5499,0.0,False
2025-540#100,2025-06-30,Wimbledon,G,R128,Grass,5,206173,Jannik Sinner,208134,Luca Nardi,1,95,0.7364,0.5812,0.991,1.0,0.009,0.0001,1.0,False
2025-540#101,2025-06-30,Wimbledon,G,R128,Grass,5,126846,Aleksandar Vukic,202358,Chun Hsin Tseng,93,96,0.6506,0.6281,0.6375,1.0,0.4501,0.1314,1.0,False
2025-540#102,2025-06-30,Wimbledon,G,R128,Grass,5,124079,Pedro Martinez,207785,George Loffhagen,52,293,0.5696,0.636,0.1417,0.0,1.9543,0.7367,1.0,False
2025-540#103,2025-06-30,Wimbledon,G,R128,Grass,5,208363,Mariano Navone,133430,Denis Shapovalov,91,30,0.5717,0.6552,0.0908,0.0,2.3991,0.8267,0.0,False
2025-540#104,2025-06-30,Wimbledon,G,R128,Grass,5,105777,Grigor Dimitrov,106415,Yoshihito Nishioka,21,82,0.6852,0.5979,0.9134,1.0,0.0905,0.0075,1.0,False
2025-540#105,2025-06-30,Wimbledon,G,R128,Grass,5,144895,Corentin Moutet,207681,Francisco Comesana,69,65,0.613,0.6247,0.4259,0.0,0.8536,0.3296,0.0,False
2025-540#106,2025-06-30,Wimbledon,G,R128,Grass,5,124116,Sebastian Ofner,209098,Hamad Medjedovic,165,68,0.6532,0.6705,0.3953,0.0,0.9282,0.3657,0.0,True
2025-540#107,2025-06-30,Wimbledon,G,R128,Grass,5,126205,Tommy Paul,208902,Johannus Monday,13,224,0.6642,0.614,0.784,1.0,0.2434,0.0467,1.0,False
2025-540#108,2025-06-30,Wimbledon,G,R128,Grass,5,210097,Ben Shelton,106109,Alex Bolt,10,179,0.7038,0.6673,0.707,1.0,0.3468,0.0859,1.0,False
2025-540#109,2025-06-30,Wimbledon,G,R128,Grass,5,208014,Rinky Hijikata,105676,David Goffin,87,63,0.5689,0.6628,0.0671,0.0,2.7016,0.8703,0.0,False
2025-540#110,2025-06-30,Wimbledon,G,R128,Grass,5,105916,Marton Fucsovics,206499,Aleksandar Kovacevic,105,76,0.6606,0.6351,0.6538,1.0,0.425,0.1199,0.0,False
2025-540#111,2025-06-30,Wimbledon,G,R128,Grass,5,104792,Gael Monfils,200005,Ugo Humbert,48,18,0.6686,0.6807,0.427,0.0,0.8509,0.3283,0.0,False
2025-540#112,2025-06-30,Wimbledon,G,R128,Grass,5,206909,Brandon Nakashima,207352,Bu Yunchaokete,34,71,0.6902,0.6456,0.7511,1.0,0.2862,0.0619,1.0,False
2025-540#113,2025-06-30,Wimbledon,G,R128,Grass,5,124187,Reilly Opelka,207686,Alexander Shevchenko,70,98,0.6705,0.5921,0.8915,1.0,0.1148,0.0118,1.0,False
2025-540#114,2025-06-30,Wimbledon,G,R128,Grass,5,132283,Lorenzo Sonego,210262,Jaime Faria,47,116,0.6681,0.6855,0.3968,0.0,0.9244,0.3639,1.0,False
2025-540#115,2025-06-30,Wimbledon,G,R128,Grass,5,105932,Nikoloz Basilashvili,207518,Lorenzo Musetti,126,7,0.6056,0.6403,0.2905,0.0,1.2363,0.5034,0.0,False
2025-540#116,2025-06-30,Wimbledon,G,R128,Grass,5,207733,Jack Draper,202104,Sebastian Baez,4,38,0.6718,0.5654,0.9546,1.0,0.0464,0.0021,1.0,True
2025-540#117,2025-06-30,Wimbledon,G,R128,Grass,5,105227,Marin Cilic,209920,Raphael Collignon,83,85,0.6721,0.5963,0.8833,1.0,0.124,0.0136,1.0,False
2025-540#118,2025-06-30,Wimbledon,G,R128,Grass,5,206681,Fabian Marozsan,210317,James Mccabe,58,181,0.651,0.6636,0.4234,0.0,0.8596,0.3325,1.0,False
2025-540#119,2025-06-30,Wimbledon,G,R128,Grass,5,144719,Jaume Munar,122330,Alexander Bublik,55,31,0.6506,0.6455,0.5313,1.0,0.6323,0.2196,0.0,False
2025-540#120,2025-06-30,Wimbledon,G,R128,Grass,5,207925,Flavio Cobolli,202320,Beibit Zhukayev,24,247,0.6435,0.6869,0.2541,0.0,1.3701,0.5564,1.0,False
2025-540#121,2025-06-30,Wimbledon,G,R128,Grass,5,209957,Jack Pinnington Jones,144869,Tomas Martin Etcheverry,281,53,0.6051,0.6437,0.27,0.0,1.3094,0.5329,0.0,False
2025-540#122,2025-06-30,Wimbledon,G,R128,Grass,5,106218,Marcos Giron,200116,Camilo Ugo Carabelli,45,56,0.6352,0.563,0.8787,1.0,0.1293,0.0147,1.0,False
2025-540#123,2025-06-30,Wimbledon,G,R128,Grass,5,210150,Jakub Mensik,200384,Hugo Gaston,17,86,0.6778,0.6249,0.7931,1.0,0.2318,0.0428,1.0,False
2025-540#124,2025-06-30,Wimbledon,G,R128,Grass,5,200282,Alex De Minaur,106148,Roberto Carballes Baena,11,74,0.6338,0.5864,0.777,1.0,0.2523,0.0497,1.0,False
2025-540#125,2025-06-30,Wimbledon,G,R128,Grass,5,209070,Arthur Cazaux,200443,Adam Walton,115,90,0.6494,0.6535,0.4748,0.0,0.7449,0.2759,0.0,False
2025-540#126,2025-06-30,Wimbledon,G,R128,Grass,5,200416,August Holmgren,111460,Quentin Halys,192,46,0.6768,0.6874,0.4372,0.0,0.8274,0.3167,0.0,False
2025-540#127,2025-06-30,Wimbledon,G,R128,Grass,5,207830,Tomas Machac,106000,Damir Dzumhur,23,67,0.6257,0.5931,0.7001,1.0,0.3566,0.09,1.0,False
2025-540#128,2025-06-30,Wimbledon,G,R128,Grass,5,200175,Miomir Kecmanovic,210506,Alex Michelsen,49,32,0.6223,0.6321,0.4385,0.0,0.8245,0.3153,0.0,False
2025-540#129,2025-06-30,Wimbledon,G,R128,Grass,5,207411,Jesper De Jong,111153,Christopher Eubanks,106,130,0.6589,0.6623,0.4788,0.0,0.7364,0.2716,1.0,False
2025-540#130,2025-06-30,Wimbledon,G,R128,Grass,5,105554,Daniel Evans,126652,Jay Clarke,154,196,0.6054,0.6465,0.2573,0.0,1.3577,0.5517,1.0,False
2025-540#131,2025-06-30,Wimbledon,G,R128,Grass,5,104925,Novak Djokovic,124186,Alexandre Muller,6,41,0.6965,0.5372,0.9942,1.0,0.0058,0.0,1.0,False
2025-540#132,2025-06-30,Wimbledon,G,R128,Grass,5,126203,Taylor Fritz,208659,Giovanni Mpetshi Perricard,5,36,0.8093,0.7726,0.6871,1.0,0.3753,0.0979,1.0,False
2025-540#133,2025-06-30,Wimbledon,G,R128,Grass,5,209113,Gabriel Diallo,127157,Daniel Altmaier,40,57,0.6752,0.6563,0.6134,1.0,0.4888,0.1495,1.0,False
2025-540#134,2025-06-30,Wimbledon,G,R128,Grass,5,122298,Botic Van De Zandschulp,208286,Matteo Arnaldi,92,43,0.6178,0.6101,0.549,1.0,0.5996,0.2034,0.0,False
2025-540#135,2025-06-30,Wimbledon,G,R128,Grass,5,200221,Alejandro Davidovich Fokina,200587,Brandon Holt,27,99,0.6539,0.6027,0.791,1.0,0.2344,0.0437,1.0,False
2025-540#136,2025-06-30,Wimbledon,G,R128,Grass,5,209259,Arthur Fery,200615,Alexei Popyrin,461,22,0.6118,0.6502,0.272,0.0,1.302,0.53,0.0,False
2025-540#137,2025-06-30,Wimbledon,G,R128,Grass,5,209260,Luciano Darderi,126128,Roman Safiullin,59,75,0.6231,0.6683,0.2411,0.0,1.4226,0.5759,1.0,False
2025-540#138,2025-06-30,Wimbledon,G,R128,Grass,5,111442,Jordan Thompson,200240,Vit Kopriva,44,78,0.6738,0.5926,0.8991,1.0,0.1064,0.0102,1.0,False
2025-540#139,2025-06-30,Wimbledon,G,R128,Grass,5,126127,Benjamin Bonzi,106421,Daniil Medvedev,64,9,0.6118,0.6787,0.1491,0.0,1.9032,0.7241,0.0,False
2025-540#140,2025-06-30,Wimbledon,G,R128,Grass,5,132686,Nuno Borges,202103,Francisco Cerundolo,37,19,0.6146,0.6241,0.44,0.0,0.8211,0.3136,0.0,False
2025-540#141,2025-06-30,Wimbledon,G,R128,Grass,5,126129,Billy Harris,105583,Dusan Lajovic,151,118,0.5737,0.6203,0.2247,0.0,1.4928,0.601,0.0,False
2025-540#142,2025-06-30,Wimbledon,G,R128,Grass,5,208278,Shintaro Mochizuki,206748,Giulio Zeppieri,144,351,0.6178,0.6088,0.5571,1.0,0.585,0.1962,1.0,False
2025-540#143,2025-06-30,Wimbledon,G,R128,Grass,5,111575,Karen Khachanov,111456,Mackenzie Mcdonald,20,88,0.6586,0.5994,0.8252,1.0,0.1922,0.0306,1.0,False
2025-540#144,2025-06-30,Wimbledon,G,R128,Grass,5,111794,Kamil Majchrzak,126610,Matteo Berrettini,109,35,0.6393,0.7034,0.1657,0.0,1.7977,0.6961,0.0,False
2025-540#145,2025-06-30,Wimbledon,G,R128,Grass,5,210319,Ethan Quinn,211902,Henry Searle,89,421,0.6521,0.6583,0.4616,0.0,0.7731,0.2899,1.0,False
2025-540#146,2025-06-30,Wimbledon,G,R128,Grass,5,106426,Cristian Garin,208210,Chris Rodesch,110,163,0.6457,0.6776,0.3127,0.0,1.1627,0.4724,1.0,False
2025-540#147,2025-06-30,Wimbledon,G,R128,Grass,5,126239,Arthur Rinderknech,100644,Alexander Zverev,72,3,0.6772,0.7708,0.091,0.0,2.3973,0.8264,0.0,False
2025-540#148,2025-06-30,Wimbledon,G,R128,Grass,5,111797,Nicolas Jarry,208029,Holger Rune,143,8,0.6539,0.6906,0.2892,0.0,1.2405,0.5052,0.0,False
2025-540#149,2025-06-30,Wimbledon,G,R128,Grass,5,210530,Learner Tien,210460,Nishesh Basavareddy,62,100,0.6165,0.6136,0.5181,1.0,0.6576,0.2322,1.0,False
2025-540#150,2025-06-30,Wimbledon,G,R128,Grass,5,211663,Joao Fonseca,207985,Jacob Fearnley,54,51,0.6434,0.635,0.5524,1.0,0.5935,0.2004,0.0,False
2025-540#151,2025-06-30,Wimbledon,G,R128,Grass,5,202385,Jenson Brooksby,134868,Tallon Griekspoor,101,29,0.6113,0.6425,0.3108,0.0,1.1687,0.475,0.0,False
2025-540#152,2025-06-30,Wimbledon,G,R128,Grass,5,208103,Jiri Lehecka,106198,Hugo Dellien,25,79,0.6805,0.6258,0.8009,1.0,0.222,0.0396,1.0,False
2025-540#153,2025-06-30,Wimbledon,G,R128,Grass,5,208233,Mattia Bellucci,200610,Oliver Crawford,73,248,0.6485,0.6629,0.4122,0.0,0.8862,0.3455,1.0,False
2025-540#154,2025-06-30,Wimbledon,G,R128,Grass,5,111815,Cameron Norrie,105138,Roberto Bautista Agut,61,42,0.611,0.6078,0.5208,1.0,0.6525,0.2297,0.0,False
2025-540#155,2025-06-30,Wimbledon,G,R128,Grass,5,126207,Frances Tiafoe,209284,Elmer Moller,12,117,0.6678,0.5683,0.9435,1.0,0.0582,0.0032,1.0,False
2025-540#156,2025-06-30,Wimbledon,G,R128,Grass,5,126094,Andrey Rublev,111513,Laslo Djere,14,60,0.6669,0.6389,0.6674,1.0,0.4043,0.1106,1.0,False
2025-540#157,2025-06-30,Wimbledon,G,R128,Grass,5,144750,Lloyd Harris,200267,Zizou Bergs,320,50,0.6985,0.6763,0.6297,1.0,0.4625,0.1371,0.0,False
2025-540#158,2025-06-30,Wimbledon,G,R128,Grass,5,105173,Adrian Mannarino,106331,Christopher Oconnell,123,77,0.6046,0.6238,0.3789,0.0,0.9704,0.3857,0.0,False
2025-540#159,2025-06-30,Wimbledon,G,R128,Grass,5,208316,Valentin Royer,126774,Stefanos Tsitsipas,113,26,0.6494,0.6543,0.4698,0.0,0.7555,0.2811,0.0,True
2025-540#160,2025-06-30,Wimbledon,G,R128,Grass,5,200000,Felix Auger Aliassime,105902,James Duckworth,28,103,0.7499,0.6337,0.9569,1.0,0.044,0.0019,1.0,False
2025-540#161,2025-06-30,Wimbledon,G,R128,Grass,5,105526,Jan Lennard Struff,209209,Filip Misolic,125,111,0.6406,0.6256,0.5938,1.0,0.5213,0.165,0.0,False
2025-540#162,2025-06-30,Wimbledon,G,R128,Grass,5,210472,Oliver Tarvet,209857,Leandro Riedi,733,503,0.6407,0.6728,0.3105,0.0,1.1697,0.4755,0.0,False
2025-540#163,2025-06-30,Wimbledon,G,R128,Grass,5,207989,Carlos Alcaraz,104926,Fabio Fognini,2,138,0.6869,0.5796,0.9539,1.0,0.0472,0.0021,1.0,False
2025-540#164,2025-06-30,Wimbledon,G,R64,Grass,5,206173,Jannik Sinner,126846,Aleksandar Vukic,1,93,0.77,0.6261,0.9824,1.0,0.0177,0.0003,1.0,False
2025-540#165,2025-06-30,Wimbledon,G,R64,Grass,5,124079,Pedro Martinez,208363,Mariano Navone,52,91,0.5792,0.6099,0.3086,0.0,1.1756,0.478,1.0,False
2025-540#166,2025-06-30,Wimbledon,G,R64,Grass,5,105777,Grigor Dimitrov,144895,Corentin Moutet,21,69,0.646,0.5737,0.877,1.0,0.1313,0.0151,1.0,False
2025-540#167,2025-06-30,Wimbledon,G,R64,Grass,5,124116,Sebastian Ofner,126205,Tommy Paul,165,13,0.6229,0.6741,0.2136,0.0,1.5437,0.6184,0.0,False
2025-540#168,2025-06-30,Wimbledon,G,R64,Grass,5,210097,Ben Shelton,208014,Rinky Hijikata,10,87,0.6611,0.5745,0.9161,1.0,0.0877,0.007,1.0,False
2025-540#169,2025-06-30,Wimbledon,G,R64,Grass,5,105916,Marton Fucsovics,104792,Gael Monfils,105,48,0.6416,0.6299,0.5732,1.0,0.5564,0.1821,0.0,False
2025-540#170,2025-06-30,Wimbledon,G,R64,Grass,5,206909,Brandon Nakashima,124187,Reilly Opelka,34,70,0.7619,0.7554,0.5357,1.0,0.6242,0.2156,1.0,False
2025-540#171,2025-06-30,Wimbledon,G,R64,Grass,5,132283,Lorenzo Sonego,105932,Nikoloz Basilashvili,47,126,0.6419,0.6318,0.5628,1.0,0.5749,0.1912,1.0,False
2025-540#172,2025-06-30,Wimbledon,G,R64,Grass,5,105227,Marin Cilic,207733,Jack Draper,83,4,0.6473,0.7086,0.1784,0.0,1.7235,0.6749,0.0,False
2025-540#173,2025-06-30,Wimbledon,G,R64,Grass,5,144719,Jaume Munar,206681,Fabian Marozsan,55,58,0.6317,0.6176,0.5885,1.0,0.5301,0.1693,1.0,False
2025-540#174,2025-06-30,Wimbledon,G,R64,Grass,5,207925,Flavio Cobolli,209957,Jack Pinnington Jones,24,281,0.6201,0.5921,0.6748,1.0,0.3934,0.1058,1.0,False
2025-540#175,2025-06-30,Wimbledon,G,R64,Grass,5,210150,Jakub Mensik,106218,Marcos Giron,17,45,0.7001,0.6597,0.7278,1.0,0.3178,0.0741,1.0,False
2025-540#176,2025-06-30,Wimbledon,G,R64,Grass,5,200282,Alex De Minaur,209070,Arthur Cazaux,11,115,0.6715,0.6081,0.8393,1.0,0.1752,0.0258,1.0,False
2025-540#177,2025-06-30,Wimbledon,G,R64,Grass,5,200416,August Holmgren,207830,Tomas Machac,192,23,0.6302,0.6345,0.4724,0.0,0.7498,0.2783,0.0,False
2025-540#178,2025-06-30,Wimbledon,G,R64,Grass,5,200175,Miomir Kecmanovic,207411,Jesper De Jong,49,106,0.6333,0.6238,0.56,1.0,0.5798,0.1936,1.0,False
2025-540#179,2025-06-30,Wimbledon,G,R64,Grass,5,104925,Novak Djokovic,105554,Daniel Evans,6,154,0.7152,0.5537,0.9941,1.0,0.0059,0.0,1.0,False
2025-540#180,2025-06-30,Wimbledon,G,R64,Grass,5,126203,Taylor Fritz,209113,Gabriel Diallo,5,40,0.7424,0.6862,0.7912,1.0,0.2342,0.0436,1.0,False
2025-540#181,2025-06-30,Wimbledon,G,R64,Grass,5,200221,Alejandro Davidovich Fokina,122298,Botic Van De Zandschulp,27,92,0.6119,0.6036,0.5529,1.0,0.5926,0.1999,1.0,False
2025-540#182,2025-06-30,Wimbledon,G,R64,Grass,5,209260,Luciano Darderi,209259,Arthur Fery,59,461,0.6167,0.628,0.4287,0.0,0.8469,0.3264,1.0,False
2025-540#183,2025-06-30,Wimbledon,G,R64,Grass,5,111442,Jordan Thompson,126127,Benjamin Bonzi,44,64,0.6557,0.6604,0.4715,0.0,0.7519,0.2793,1.0,False
2025-540#184,2025-06-30,Wimbledon,G,R64,Grass,5,132686,Nuno Borges,126129,Billy Harris,37,151,0.6772,0.5925,0.9081,1.0,0.0964,0.0084,1.0,False
2025-540#185,2025-06-30,Wimbledon,G,R64,Grass,5,111575,Karen Khachanov,208278,Shintaro Mochizuki,20,144,0.6799,0.5904,0.9198,1.0,0.0836,0.0064,1.0,False
2025-540#186,2025-06-30,Wimbledon,G,R64,Grass,5,111794,Kamil Majchrzak,210319,Ethan Quinn,109,89,0.6491,0.6204,0.674,1.0,0.3945,0.1063,0.0,False
2025-540#187,2025-06-30,Wimbledon,G,R64,Grass,5,126239,Arthur Rinderknech,106426,Cristian Garin,72,110,0.6737,0.67,0.5224,1.0,0.6493,0.2281,1.0,False
2025-540#188,2025-06-30,Wimbledon,G,R64,Grass,5,111797,Nicolas Jarry,210530,Learner Tien,143,62,0.6272,0.604,0.6448,1.0,0.4387,0.1261,0.0,False
2025-540#189,2025-06-30,Wimbledon,G,R64,Grass,5,211663,Joao Fonseca,202385,Jenson Brooksby,54,101,0.636,0.6129,0.6433,1.0,0.4412,0.1273,1.0,False
2025-540#190,2025-06-30,Wimbledon,G,R64,Grass,5,208233,Mattia Bellucci,208103,Jiri Lehecka,73,25,0.667,0.7072,0.2749,0.0,1.2913,0.5258,0.0,False
2025-540#191,2025-06-30,Wimbledon,G,R64,Grass,5,111815,Cameron Norrie,126207,Frances Tiafoe,61,12,0.6242,0.6638,0.2686,0.0,1.3145,0.5349,0.0,False
2025-540#192,2025-06-30,Wimbledon,G,R64,Grass,5,126094,Andrey Rublev,144750,Lloyd Harris,14,320,0.7191,0.6932,0.6474,1.0,0.4347,0.1243,1.0,False
2025-540#193,2025-06-30,Wimbledon,G,R64,Grass,5,105173,Adrian Mannarino,208316,Valentin Royer,123,113,0.6082,0.6596,0.2093,0.0,1.5638,0.6251,0.0,False
2025-540#194,2025-06-30,Wimbledon,G,R64,Grass,5,105526,Jan Lennard Struff,200000,Felix Auger Aliassime,125,28,0.6571,0.7388,0.1148,0.0,2.1642,0.7835,0.0,False
2025-540#195,2025-06-30,Wimbledon,G,R64,Grass,5,207989,Carlos Alcaraz,210472,Oliver Tarvet,2,733,0.6894,0.6029,0.9101,1.0,0.0942,0.0081,1.0,False
2025-540#196,2025-06-30,Wimbledon,G,R32,Grass,5,206173,Jannik Sinner,124079,Pedro Martinez,1,52,0.7051,0.5259,0.9977,1.0,0.0023,0.0,1.0,False
2025-540#197,2025-06-30,Wimbledon,G,R32,Grass,5,105777,Grigor Dimitrov,124116,Sebastian Ofner,21,165,0.6805,0.6487,0.6863,1.0,0.3764,0.0984,1.0,False
2025-540#198,2025-06-30,Wimbledon,G,R32,Grass,5,210097,Ben Shelton,105916,Marton Fucsovics,10,105,0.6712,0.6507,0.6236,1.0,0.4722,0.1417,1.0,False
2025-540#199,2025-06-30,Wimbledon,G,R32,Grass,5,132283,Lorenzo Sonego,206909,Brandon Nakashima,47,34,0.671,0.7073,0.2951,0.0,1.2205,0.4969,0.0,False
2025-540#200,2025-06-30,Wimbledon,G,R32,Grass,5,105227,Marin Cilic,144719,Jaume Munar,83,55,0.6346,0.6256,0.5567,1.0,0.5858,0.1965,0.0,False
2025-540#201,2025-06-30,Wimbledon,G,R32,Grass,5,207925,Flavio Cobolli,210150,Jakub Mensik,24,17,0.6324,0.6707,0.2767,0.0,1.2847,0.5231,0.0,False
2025-540#202,2025-06-30,Wimbledon,G,R32,Grass,5,200282,Alex De Minaur,200416,August Holmgren,11,192,0.6512,0.6009,0.7875,1.0,0.2389,0.0452,1.0,False
2025-540#203,2025-06-30,Wimbledon,G,R32,Grass,5,104925,Novak Djokovic,200175,Miomir Kecmanovic,6,49,0.7076,0.5882,0.9676,1.0,0.0329,0.001,1.0,False
2025-540#204,2025-06-30,Wimbledon,G,R32,Grass,5,126203,Taylor Fritz,200221,Alejandro Davidovich Fokina,5,27,0.6845,0.6223,0.8313,1.0,0.1847,0.0284,1.0,False
2025-540#205,2025-06-30,Wimbledon,G,R32,Grass,5,111442,Jordan Thompson,209260,Luciano Darderi,44,59,0.6811,0.6251,0.8064,1.0,0.2152,0.0375,1.0,False
2025-540#206,2025-06-30,Wimbledon,G,R32,Grass,5,111575,Karen Khachanov,132686,Nuno Borges,20,37,0.6548,0.63,0.6511,1.0,0.4291,0.1218,1.0,False
2025-540#207,2025-06-30,Wimbledon,G,R32,Grass,5,111794,Kamil Majchrzak,126239,Arthur Rinderknech,109,72,0.6837,0.6701,0.5813,1.0,0.5425,0.1753,0.0,False
2025-540#208,2025-06-30,Wimbledon,G,R32,Grass,5,111797,Nicolas Jarry,211663,Joao Fonseca,143,54,0.6413,0.6919,0.2206,0.0,1.5112,0.6074,0.0,False
2025-540#209,2025-06-30,Wimbledon,G,R32,Grass,5,111815,Cameron Norrie,208233,Mattia Bellucci,61,73,0.6528,0.6467,0.5379,1.0,0.6201,0.2135,1.0,False
2025-540#210,2025-06-30,Wimbledon,G,R32,Grass,5,126094,Andrey Rublev,105173,Adrian Mannarino,14,123,0.6946,0.5888,0.9503,1.0,0.0509,0.0025,1.0,False
2025-540#211,2025-06-30,Wimbledon,G,R32,Grass,5,207989,Carlos Alcaraz,105526,Jan Lennard Struff,2,125,0.7113,0.6262,0.9017,1.0,0.1035,0.0097,1.0,False
2025-540#212,2025-06-30,Wimbledon,G,R16,Grass,5,206173,Jannik Sinner,105777,Grigor Dimitrov,1,21,0.6806,0.6381,0.7428,1.0,0.2973,0.0662,1.0,True
2025-540#213,2025-06-30,Wimbledon,G,R16,Grass,5,210097,Ben Shelton,132283,Lorenzo Sonego,10,47,0.7249,0.6911,0.6886,1.0,0.3731,0.097,1.0,False
2025-540#214,2025-06-30,Wimbledon,G,R16,Grass,5,207925,Flavio Cobolli,105227,Marin Cilic,24,83,0.6183,0.6528,0.2935,0.0,1.2257,0.4991,1.0,False
2025-540#215,2025-06-30,Wimbledon,G,R16,Grass,5,104925,Novak Djokovic,200282,Alex De Minaur,6,11,0.6087,0.5606,0.7844,1.0,0.2428,0.0465,1.0,False
2025-540#216,2025-06-30,Wimbledon,G,R16,Grass,5,126203,Taylor Fritz,111442,Jordan Thompson,5,44,0.7397,0.6657,0.8604,1.0,0.1504,0.0195,1.0,True
2025-540#217,2025-06-30,Wimbledon,G,R16,Grass,5,111575,Karen Khachanov,111794,Kamil Majchrzak,20,109,0.6606,0.6292,0.6877,1.0,0.3743,0.0975,1.0,False
2025-540#218,2025-06-30,Wimbledon,G,R16,Grass,5,111815,Cameron Norrie,111797,Nicolas Jarry,61,143,0.6601,0.6494,0.5653,1.0,0.5704,0.189,1.0,False
2025-540#219,2025-06-30,Wimbledon,G,R16,Grass,5,207989,Carlos Alcaraz,126094,Andrey Rublev,2,14,0.6731,0.6139,0.8219,1.0,0.1961,0.0317,1.0,False
2025-540#220,2025-06-30,Wimbledon,G,QF,Grass,5,206173,Jannik Sinner,210097,Ben Shelton,1,10,0.7545,0.6691,0.8916,1.0,0.1147,0.0118,1.0,False
2025-540#221,2025-06-30,Wimbledon,G,QF,Grass,5,104925,Novak Djokovic,207925,Flavio Cobolli,6,24,0.697,0.5787,0.9677,1.0,0.0328,0.001,1.0,False
2025-540#222,2025-06-30,Wimbledon,G,QF,Grass,5,126203,Taylor Fritz,111575,Karen Khachanov,5,20,0.7007,0.6585,0.7366,1.0,0.3057,0.0694,1.0,False
2025-540#223,2025-06-30,Wimbledon,G,QF,Grass,5,207989,Carlos Alcaraz,111815,Cameron Norrie,2,61,0.6831,0.5732,0.9583,1.0,0.0426,0.0017,1.0,False
2025-540#224,2025-06-30,Wimbledon,G,SF,Grass,5,206173,Jannik Sinner,104925,Novak Djokovic,1,6,0.6672,0.6231,0.7538,1.0,0.2826,0.0606,1.0,False
2025-540#225,2025-06-30,Wimbledon,G,SF,Grass,5,207989,Carlos Alcaraz,126203,Taylor Fritz,2,5,0.6847,0.6365,0.7698,1.0,0.2616,0.053,1.0,False
2025-540#226,2025-06-30,Wimbledon,G,F,Grass,5,206173,Jannik Sinner,207989,Carlos Alcaraz,1,2,0.6083,0.6142,0.4624,0.0,0.7713,0.289,1.0,False
2025-0314#385,2025-07-14,Gstaad,250,F,Clay,3,122330,Alexander Bublik,207678,Juan Manuel Cerundolo,34,109,0.5908,0.61,0.4019,0.0,0.9116,0.3578,1.0,False
2025-0314#384,2025-07-14,Gstaad,250,SF,Clay,3,207678,Juan Manuel Cerundolo,209860,Ignacio Buse,109,167,0.5761,0.5719,0.5217,1.0,0.6507,0.2288,1.0,False
2025-0314#383,2025-07-14,Gstaad,250,SF,Clay,3,122330,Alexander Bublik,209070,Arthur Cazaux,34,116,0.607,0.6331,0.37,0.0,0.9943,0.3969,1.0,False
2025-0314#382,2025-07-14,Gstaad,250,QF,Clay,3,207678,Juan Manuel Cerundolo,134770,Casper Ruud,109,13,0.585,0.6336,0.2662,0.0,1.3233,0.5384,0.0,False
2025-0314#381,2025-07-14,Gstaad,250,QF,Clay,3,209860,Ignacio Buse,208882,Roman Andres Burruchaga,167,136,0.5577,0.5714,0.4278,0.0,0.8491,0.3274,0.0,False
2025-0314#380,2025-07-14,Gstaad,250,QF,Clay,3,209070,Arthur Cazaux,208843,Jerome Kym,116,154,0.6209,0.6207,0.5008,1.0,0.6915,0.2492,1.0,False
2025-0314#379,2025-07-14,Gstaad,250,QF,Clay,3,122330,Alexander Bublik,207681,Francisco Comesana,34,74,0.5794,0.5764,0.5159,1.0,0.6618,0.2343,1.0,False
2025-0314#378,2025-07-14,Gstaad,250,R16,Clay,3,134770,Casper Ruud,208502,Dominic Stricker,13,229,0.6724,0.5956,0.8321,1.0,0.1838,0.0282,1.0,False
2025-0314#377,2025-07-14,Gstaad,250,R16,Clay,3,207678,Juan Manuel Cerundolo,105676,David Goffin,109,68,0.5965,0.5714,0.6287,1.0,0.4642,0.1379,0.0,False
2025-0314#376,2025-07-14,Gstaad,250,R16,Clay,3,208882,Roman Andres Burruchaga,200452,Patrick Zahraj,136,283,0.5894,0.5976,0.4574,0.0,0.7823,0.2944,1.0,False
2025-0314#375,2025-07-14,Gstaad,250,R16,Clay,3,209860,Ignacio Buse,111794,Kamil Majchrzak,167,81,0.595,0.6238,0.3559,0.0,1.0331,0.4149,0.0,False
2025-0314#374,2025-07-14,Gstaad,250,R16,Clay,3,208843,Jerome Kym,208859,Francesco Passaro,154,131,0.6225,0.6108,0.5597,1.0,0.5804,0.1939,0.0,False
2025-0314#373,2025-07-14,Gstaad,250,R16,Clay,3,209070,Arthur Cazaux,144869,Tomas Martin Etcheverry,116,58,0.6118,0.617,0.4733,0.0,0.748,0.2774,0.0,False
2025-0314#372,2025-07-14,Gstaad,250,R16,Clay,3,207681,Francisco Comesana,106148,Roberto Carballes Baena,74,79,0.6111,0.5933,0.5906,1.0,0.5267,0.1676,1.0,False
2025-0314#371,2025-07-14,Gstaad,250,R16,Clay,3,122330,Alexander Bublik,207686,Alexander Shevchenko,34,101,0.6419,0.5789,0.7902,1.0,0.2355,0.044,1.0,False
2025-0314#370,2025-07-14,Gstaad,250,R32,Clay,3,208502,Dominic Stricker,105732,Pierre Hugues Herbert,229,144,0.5913,0.5376,0.7615,1.0,0.2725,0.0569,0.0,False
2025-0314#369,2025-07-14,Gstaad,250,R32,Clay,3,207678,Juan Manuel Cerundolo,105526,Jan Lennard Struff,109,129,0.6345,0.5573,0.8414,1.0,0.1727,0.0251,1.0,False
2025-0314#368,2025-07-14,Gstaad,250,R32,Clay,3,105676,David Goffin,212021,Martin Landaluce,68,138,0.5703,0.6178,0.2688,0.0,1.3138,0.5347,1.0,False
2025-0314#367,2025-07-14,Gstaad,250,R32,Clay,3,208882,Roman Andres Burruchaga,207494,Dalibor Svrcina,136,120,0.581,0.5981,0.4118,0.0,0.8873,0.346,0.0,False
2025-0314#366,2025-07-14,Gstaad,250,R32,Clay,3,111794,Kamil Majchrzak,209279,Terence Atmane,81,127,0.6355,0.5938,0.7029,1.0,0.3525,0.0882,1.0,False
2025-0314#365,2025-07-14,Gstaad,250,R32,Clay,3,209860,Ignacio Buse,111513,Laslo Djere,167,60,0.5822,0.622,0.3036,0.0,1.1919,0.4849,0.0,False
2025-0314#364,2025-07-14,Gstaad,250,R32,Clay,3,208859,Francesco Passaro,126239,Arthur Rinderknech,131,64,0.6266,0.5772,0.738,1.0,0.3038,0.0687,0.0,False
2025-0314#363,2025-07-14,Gstaad,250,R32,Clay,3,208843,Jerome Kym,123921,Calvin Hemery,154,171,0.6107,0.6255,0.4253,0.0,0.855,0.3303,1.0,False
2025-0314#362,2025-07-14,Gstaad,250,R32,Clay,3,209070,Arthur Cazaux,105932,Nikoloz Basilashvili,116,112,0.6165,0.6017,0.5755,1.0,0.5525,0.1802,0.0,False
2025-0314#361,2025-07-14,Gstaad,250,R32,Clay,3,207681,Francisco Comesana,105477,Marco Trungelliti,74,147,0.6124,0.5509,0.7896,1.0,0.2362,0.0443,1.0,False
2025-0314#360,2025-07-14,Gstaad,250,R32,Clay,3,106148,Roberto Carballes Baena,126535,Carlos Taberner,79,107,0.5881,0.5951,0.4636,0.0,0.7687,0.2877,1.0,False
2025-0314#359,2025-07-14,Gstaad,250,R32,Clay,3,207686,Alexander Shevchenko,104527,Stan Wawrinka,101,156,0.6279,0.6258,0.5107,1.0,0.672,0.2394,1.0,False
2025-0316#385,2025-07-14,Bastad,250,F,Clay,3,209260,Luciano Darderi,207411,Jesper De Jong,55,106,0.5979,0.6219,0.3793,0.0,0.9695,0.3853,1.0,False
2025-0316#384,2025-07-14,Bastad,250,SF,Clay,3,209260,Luciano Darderi,202103,Francisco Cerundolo,55,20,0.5823,0.6756,0.1203,0.0,2.1179,0.7739,0.0,False
2025-0316#383,2025-07-14,Bastad,250,SF,Clay,3,207411,Jesper De Jong,200116,Camilo Ugo Carabelli,106,59,0.6279,0.572,0.7649,1.0,0.268,0.0553,0.0,False
2025-0316#382,2025-07-14,Bastad,250,QF,Clay,3,202103,Francisco Cerundolo,106000,Damir Dzumhur,20,70,0.6247,0.5449,0.8514,1.0,0.1609,0.0221,1.0,False
2025-0316#381,2025-07-14,Bastad,250,QF,Clay,3,209260,Luciano Darderi,202104,Sebastian Baez,55,37,0.586,0.6338,0.2698,0.0,1.3101,0.5332,0.0,False
2025-0316#380,2025-07-14,Bastad,250,QF,Clay,3,200116,Camilo Ugo Carabelli,209209,Filip Misolic,59,105,0.5644,0.6069,0.2894,0.0,1.2398,0.5049,1.0,False
2025-0316#379,2025-07-14,Bastad,250,QF,Clay,3,207411,Jesper De Jong,134868,Tallon Griekspoor,106,29,0.6102,0.638,0.3624,0.0,1.0151,0.4066,0.0,False
2025-0316#378,2025-07-14,Bastad,250,R16,Clay,3,202103,Francisco Cerundolo,208363,Mariano Navone,20,75,0.6032,0.5366,0.8097,1.0,0.211,0.0362,1.0,False
2025-0316#377,2025-07-14,Bastad,250,R16,Clay,3,106000,Damir Dzumhur,200384,Hugo Gaston,70,91,0.5615,0.5586,0.5153,1.0,0.6631,0.235,1.0,False
2025-0316#376,2025-07-14,Bastad,250,R16,Clay,3,202104,Sebastian Baez,149282,Nicolai Budkov Kjaer,37,298,0.5767,0.6001,0.3805,0.0,0.9663,0.3838,1.0,False
2025-0316#375,2025-07-14,Bastad,250,R16,Clay,3,209260,Luciano Darderi,111200,Elias Ymer,55,264,0.5995,0.5426,0.7732,1.0,0.2572,0.0514,1.0,False
2025-0316#374,2025-07-14,Bastad,250,R16,Clay,3,200116,Camilo Ugo Carabelli,122298,Botic Van De Zandschulp,59,100,0.5638,0.5959,0.3364,0.0,1.0893,0.4403,1.0,False
2025-0316#373,2025-07-14,Bastad,250,R16,Clay,3,209209,Filip Misolic,132686,Nuno Borges,105,35,0.5907,0.6171,0.3667,0.0,1.0033,0.4011,0.0,False
2025-0316#372,2025-07-14,Bastad,250,R16,Clay,3,207411,Jesper De Jong,200240,Vit Kopriva,106,83,0.6116,0.5907,0.6063,1.0,0.5005,0.155,0.0,False
2025-0316#371,2025-07-14,Bastad,250,R16,Clay,3,134868,Tallon Griekspoor,126504,Andrea Pellegrino,29,139,0.6374,0.6124,0.6246,1.0,0.4706,0.1409,1.0,False
2025-0316#370,2025-07-14,Bastad,250,R32,Clay,3,208363,Mariano Navone,144642,Tomas Barrios Vera,75,124,0.6247,0.5109,0.9329,1.0,0.0695,0.0045,1.0,False
2025-0316#369,2025-07-14,Bastad,250,R32,Clay,3,200384,Hugo Gaston,202358,Chun Hsin Tseng,91,98,0.5737,0.5877,0.4268,0.0,0.8514,0.3285,1.0,False
2025-0316#368,2025-07-14,Bastad,250,R32,Clay,3,106000,Damir Dzumhur,124116,Sebastian Ofner,70,141,0.6016,0.5894,0.563,1.0,0.5746,0.191,1.0,False
2025-0316#367,2025-07-14,Bastad,250,R32,Clay,3,149282,Nicolai Budkov Kjaer,106329,Thiago Monteiro,298,152,0.6598,0.6,0.7745,1.0,0.2556,0.0509,0.0,False
2025-0316#366,2025-07-14,Bastad,250,R32,Clay,3,111200,Elias Ymer,207729,Tristan Boyer,264,126,0.573,0.6115,0.3083,0.0,1.1766,0.4784,0.0,False
2025-0316#365,2025-07-14,Bastad,250,R32,Clay,3,209260,Luciano Darderi,209920,Raphael Collignon,55,84,0.5846,0.5525,0.664,1.0,0.4095,0.1129,1.0,False
2025-0316#364,2025-07-14,Bastad,250,R32,Clay,3,200116,Camilo Ugo Carabelli,106426,Cristian Garin,59,117,0.5708,0.6297,0.2232,0.0,1.4996,0.6034,1.0,False
2025-0316#363,2025-07-14,Bastad,250,R32,Clay,3,122298,Botic Van De Zandschulp,144707,Mikael Ymer,100,618,0.5826,0.6163,0.3317,0.0,1.1035,0.4466,1.0,False
2025-0316#362,2025-07-14,Bastad,250,R32,Clay,3,209209,Filip Misolic,209284,Elmer Moller,105,102,0.6136,0.5358,0.8467,1.0,0.1665,0.0235,0.0,False
2025-0316#361,2025-07-14,Bastad,250,R32,Clay,3,200240,Vit Kopriva,106198,Hugo Dellien,83,94,0.5988,0.5679,0.6571,1.0,0.4199,0.1176,1.0,True
2025-0316#360,2025-07-14,Bastad,250,R32,Clay,3,207411,Jesper De Jong,212478,William Rejchtman Vinciguerra,106,1476,0.6095,0.6321,0.3874,0.0,0.9484,0.3753,1.0,False
2025-0316#359,2025-07-14,Bastad,250,R32,Clay,3,126504,Andrea Pellegrino,210262,Jaime Faria,139,115,0.583,0.6114,0.3564,0.0,1.0316,0.4142,0.0,False
2025-7480#385,2025-07-14,Los Cabos,250,F,Hard,3,133430,Denis Shapovalov,206499,Aleksandar Kovacevic,33,76,0.6168,0.6132,0.5182,1.0,0.6574,0.2321,1.0,False
2025-7480#384,2025-07-14,Los Cabos,250,SF,Hard,3,206499,Aleksandar Kovacevic,126094,Andrey Rublev,76,10,0.5942,0.7017,0.0923,0.0,2.3827,0.8239,0.0,False
2025-7480#383,2025-07-14,Los Cabos,250,SF,Hard,3,133430,Denis Shapovalov,200443,Adam Walton,33,97,0.6207,0.6075,0.5669,1.0,0.5676,0.1876,1.0,False
2025-7480#382,2025-07-14,Los Cabos,250,QF,Hard,3,126094,Andrey Rublev,207182,Emilio Nava,10,123,0.6635,0.5829,0.8463,1.0,0.1669,0.0236,1.0,False
2025-7480#381,2025-07-14,Los Cabos,250,QF,Hard,3,206499,Aleksandar Kovacevic,126663,Juan Pablo Ficovich,76,148,0.64,0.6625,0.3909,0.0,0.9393,0.371,1.0,False
2025-7480#380,2025-07-14,Los Cabos,250,QF,Hard,3,133430,Denis Shapovalov,209262,Tristan Schoolkate,33,110,0.6581,0.6165,0.6985,1.0,0.3588,0.0909,1.0,False
2025-7480#379,2025-07-14,Los Cabos,250,QF,Hard,3,200443,Adam Walton,105902,James Duckworth,97,113,0.6873,0.6364,0.7324,1.0,0.3114,0.0716,1.0,False
2025-7480#378,2025-07-14,Los Cabos,250,R16,Hard,3,126094,Andrey Rublev,207834,Juan Alejandro Hernandez Serrano,10,493,0.6629,0.6142,0.7285,1.0,0.3168,0.0737,1.0,False
2025-7480#377,2025-07-14,Los Cabos,250,R16,Hard,3,207182,Emilio Nava,207352,Bu Yunchaokete,123,73,0.6252,0.6303,0.4739,0.0,0.7467,0.2767,0.0,False
2025-7480#376,2025-07-14,Los Cabos,250,R16,Hard,3,126663,Juan Pablo Ficovich,111460,Quentin Halys,148,52,0.6722,0.6537,0.5892,1.0,0.529,0.1687,0.0,False
2025-7480#375,2025-07-14,Los Cabos,250,R16,Hard,3,206499,Aleksandar Kovacevic,210545,Luis Carlos Alvarez,76,784,0.6361,0.6792,0.2987,0.0,1.2084,0.4919,1.0,False
2025-7480#374,2025-07-14,Los Cabos,250,R16,Hard,3,209262,Tristan Schoolkate,127157,Daniel Altmaier,110,61,0.6484,0.6379,0.552,1.0,0.5942,0.2007,0.0,False
2025-7480#373,2025-07-14,Los Cabos,250,R16,Hard,3,133430,Denis Shapovalov,207181,Govind Nanda,33,405,0.6393,0.6124,0.6335,1.0,0.4565,0.1343,1.0,False
2025-7480#372,2025-07-14,Los Cabos,250,R16,Hard,3,200443,Adam Walton,210460,Nishesh Basavareddy,97,111,0.675,0.6321,0.7011,1.0,0.3551,0.0893,1.0,False
2025-7480#371,2025-07-14,Los Cabos,250,R16,Hard,3,105902,James Duckworth,200221,Alejandro Davidovich Fokina,113,26,0.5763,0.6748,0.1068,0.0,2.2364,0.7977,0.0,False
2025-7480#370,2025-07-14,Los Cabos,250,R32,Hard,3,207834,Juan Alejandro Hernandez Serrano,106121,Taro Daniel,493,155,0.6642,0.5894,0.8275,1.0,0.1893,0.0298,0.0,False
2025-7480#369,2025-07-14,Los Cabos,250,R32,Hard,3,207182,Emilio Nava,126846,Aleksandar Vukic,123,90,0.6462,0.6509,0.4765,0.0,0.7412,0.274,0.0,False
2025-7480#368,2025-07-14,Los Cabos,250,R32,Hard,3,207352,Bu Yunchaokete,209246,Alan Magadan,73,921,0.6269,0.6539,0.3685,0.0,0.9984,0.3988,1.0,False
2025-7480#367,2025-07-14,Los Cabos,250,R32,Hard,3,126663,Juan Pablo Ficovich,208230,Alibek Kachmazov,148,183,0.5959,0.6352,0.3079,0.0,1.1779,0.479,1.0,False
2025-7480#366,2025-07-14,Los Cabos,250,R32,Hard,3,210545,Luis Carlos Alvarez,210317,James Mccabe,784,164,0.6816,0.6265,0.7506,1.0,0.2868,0.0622,0.0,False
2025-7480#365,2025-07-14,Los Cabos,250,R32,Hard,3,206499,Aleksandar Kovacevic,200273,Hady Habib,76,172,0.6745,0.6969,0.3952,0.0,0.9285,0.3658,1.0,False
2025-7480#364,2025-07-14,Los Cabos,250,R32,Hard,3,127157,Daniel Altmaier,106283,Mitchell Krueger,61,159,0.6012,0.6488,0.2734,0.0,1.2968,0.5279,1.0,False
2025-7480#363,2025-07-14,Los Cabos,250,R32,Hard,3,209262,Tristan Schoolkate,200059,Yibing Wu,110,259,0.6182,0.6571,0.3135,0.0,1.1598,0.4712,1.0,False
2025-7480#362,2025-07-14,Los Cabos,250,R32,Hard,3,207181,Govind Nanda,212256,Colton Smith,405,135,0.5969,0.6258,0.3558,0.0,1.0333,0.4149,0.0,False
2025-7480#361,2025-07-14,Los Cabos,250,R32,Hard,3,200443,Adam Walton,210202,Rodrigo Pacheco Mendez,97,219,0.5912,0.6746,0.1476,0.0,1.9131,0.7266,1.0,False
2025-7480#360,2025-07-14,Los Cabos,250,R32,Hard,3,210460,Nishesh Basavareddy,200711,Nicolas Mejia,111,244,0.567,0.6016,0.3253,0.0,1.1231,0.4553,1.0,False
2025-7480#359,2025-07-14,Los Cabos,250,R32,Hard,3,105902,James Duckworth,105173,Adrian Mannarino,113,93,0.6192,0.6739,0.2488,0.0,1.3911,0.5643,0.0,False
2025-0439#386,2025-07-20,Umag,250,F,Clay,3,209260,Luciano Darderi,126535,Carlos Taberner,46,111,0.5878,0.5864,0.5074,1.0,0.6785,0.2427,1.0,False
2025-0439#385,2025-07-20,Umag,250,SF,Clay,3,126535,Carlos Taberner,106000,Damir Dzumhur,111,61,0.5846,0.5633,0.6107,1.0,0.4932,0.1516,0.0,False
2025-0439#384,2025-07-20,Umag,250,SF,Clay,3,209260,Luciano Darderi,200116,Camilo Ugo Carabelli,46,51,0.5822,0.5791,0.5165,1.0,0.6606,0.2337,1.0,False
2025-0439#383,2025-07-20,Umag,250,QF,Clay,3,126535,Carlos Taberner,207411,Jesper De Jong,111,83,0.5905,0.6223,0.3411,0.0,1.0756,0.4342,0.0,False
2025-0439#382,2025-07-20,Umag,250,QF,Clay,3,106000,Damir Dzumhur,208169,Titouan Droguet,61,176,0.5969,0.615,0.408,0.0,0.8965,0.3505,1.0,False
2025-0439#381,2025-07-20,Umag,250,QF,Clay,3,200116,Camilo Ugo Carabelli,208010,Pablo Llamas Ruiz,51,537,0.5741,0.5714,0.5141,1.0,0.6654,0.2361,1.0,True
2025-0439#380,2025-07-20,Umag,250,QF,Clay,3,209260,Luciano Darderi,209976,Dino Prizmic,46,143,0.5702,0.6387,0.1888,0.0,1.6671,0.6581,1.0,False
2025-0439#379,2025-07-20,Umag,250,R16,Clay,3,126535,Carlos Taberner,202103,Francisco Cerundolo,111,19,0.5672,0.6286,0.2135,0.0,1.5442,0.6186,0.0,False
2025-0439#378,2025-07-20,Umag,250,R16,Clay,3,207411,Jesper De Jong,208363,Mariano Navone,83,76,0.611,0.6008,0.5526,1.0,0.5932,0.2002,0.0,False
2025-0439#377,2025-07-20,Umag,250,R16,Clay,3,106000,Damir Dzumhur,104527,Stan Wawrinka,61,156,0.6767,0.6001,0.8304,1.0,0.1858,0.0288,1.0,False
2025-0439#376,2025-07-20,Umag,250,R16,Clay,3,208169,Titouan Droguet,200240,Vit Kopriva,176,79,0.6106,0.6144,0.4805,0.0,0.7329,0.2698,0.0,False
2025-0439#375,2025-07-20,Umag,250,R16,Clay,3,208010,Pablo Llamas Ruiz,209279,Terence Atmane,537,136,0.5873,0.573,0.5744,1.0,0.5544,0.1811,0.0,False
2025-0439#374,2025-07-20,Umag,250,R16,Clay,3,200116,Camilo Ugo Carabelli,208859,Francesco Passaro,51,121,0.5807,0.6078,0.3624,0.0,1.0149,0.4065,1.0,False
2025-0439#373,2025-07-20,Umag,250,R16,Clay,3,209976,Dino Prizmic,105932,Nikoloz Basilashvili,143,114,0.6307,0.5893,0.7022,1.0,0.3535,0.0887,0.0,False
2025-0439#372,2025-07-20,Umag,250,R16,Clay,3,209260,Luciano Darderi,202358,Chun Hsin Tseng,46,101,0.5772,0.5964,0.4009,0.0,0.9142,0.359,1.0,False
2025-0439#371,2025-07-20,Umag,250,R32,Clay,3,126535,Carlos Taberner,105732,Pierre Hugues Herbert,111,140,0.6052,0.5653,0.6993,1.0,0.3577,0.0904,1.0,False
2025-0439#370,2025-07-20,Umag,250,R32,Clay,3,207411,Jesper De Jong,209890,Mili Poljicak,83,277,0.6285,0.6086,0.6001,1.0,0.5107,0.16,1.0,False
2025-0439#369,2025-07-20,Umag,250,R32,Clay,3,208363,Mariano Navone,144642,Tomas Barrios Vera,76,142,0.6324,0.5161,0.9363,1.0,0.0658,0.0041,1.0,False
2025-0439#368,2025-07-20,Umag,250,R32,Clay,3,104527,Stan Wawrinka,208223,Alvaro Guillen Meza,156,244,0.5794,0.6689,0.129,0.0,2.048,0.7587,1.0,False
2025-0439#367,2025-07-20,Umag,250,R32,Clay,3,208169,Titouan Droguet,106426,Cristian Garin,176,118,0.5988,0.6328,0.332,0.0,1.1025,0.4462,0.0,False
2025-0439#366,2025-07-20,Umag,250,R32,Clay,3,200240,Vit Kopriva,209920,Raphael Collignon,79,88,0.6038,0.5544,0.7415,1.0,0.2991,0.0668,1.0,False
2025-0439#365,2025-07-20,Umag,250,R32,Clay,3,208010,Pablo Llamas Ruiz,111794,Kamil Majchrzak,537,78,0.5902,0.6333,0.2904,0.0,1.2366,0.5036,0.0,False
2025-0439#364,2025-07-20,Umag,250,R32,Clay,3,209279,Terence Atmane,105583,Dusan Lajovic,136,129,0.6084,0.5461,0.7931,1.0,0.2318,0.0428,0.0,False
2025-0439#363,2025-07-20,Umag,250,R32,Clay,3,208859,Francesco Passaro,212063,Matej Dodig,121,242,0.6113,0.6087,0.5135,1.0,0.6665,0.2367,1.0,False
2025-0439#362,2025-07-20,Umag,250,R32,Clay,3,105932,Nikoloz Basilashvili,106148,Roberto Carballes Baena,114,85,0.5932,0.5848,0.5436,1.0,0.6096,0.2083,0.0,False
2025-0439#361,2025-07-20,Umag,250,R32,Clay,3,209976,Dino Prizmic,209284,Elmer Moller,143,107,0.622,0.5375,0.8657,1.0,0.1443,0.018,0.0,False
2025-0439#360,2025-07-20,Umag,250,R32,Clay,3,202358,Chun Hsin Tseng,206748,Giulio Zeppieri,101,290,0.6116,0.6008,0.5553,1.0,0.5882,0.1978,1.0,False
2025-0319#386,2025-07-21,Kitzbuhel,250,F,Clay,3,122330,Alexander Bublik,209070,Arthur Cazaux,30,100,0.5986,0.6261,0.3626,0.0,1.0144,0.4063,1.0,False
2025-0319#385,2025-07-21,Kitzbuhel,250,SF,Clay,3,122330,Alexander Bublik,122298,Botic Van De Zandschulp,30,103,0.5993,0.5813,0.5928,1.0,0.5229,0.1658,1.0,False
2025-0319#384,2025-07-21,Kitzbuhel,250,SF,Clay,3,209070,Arthur Cazaux,126239,Arthur Rinderknech,100,65,0.6229,0.5729,0.7412,1.0,0.2996,0.067,0.0,False
2025-0319#383,2025-07-21,Kitzbuhel,250,QF,Clay,3,122330,Alexander Bublik,207686,Alexander Shevchenko,30,110,0.6296,0.5833,0.7242,1.0,0.3227,0.0761,1.0,False
2025-0319#382,2025-07-21,Kitzbuhel,250,QF,Clay,3,122298,Botic Van De Zandschulp,205734,Thiago Seyboth Wild,103,132,0.6008,0.6043,0.4819,0.0,0.7301,0.2685,1.0,False
2025-0319#381,2025-07-21,Kitzbuhel,250,QF,Clay,3,209070,Arthur Cazaux,105526,Jan Lennard Struff,100,152,0.6212,0.5484,0.8292,1.0,0.1873,0.0292,1.0,False
2025-0319#380,2025-07-21,Kitzbuhel,250,QF,Clay,3,126239,Arthur Rinderknech,105870,Yannick Hanfmann,65,141,0.6188,0.5973,0.609,1.0,0.4959,0.1529,1.0,False
2025-0319#379,2025-07-21,Kitzbuhel,250,R16,Clay,3,122330,Alexander Bublik,202058,Thiago Agustin Tirante,30,130,0.5675,0.6143,0.2715,0.0,1.3039,0.5308,1.0,False
2025-0319#378,2025-07-21,Kitzbuhel,250,R16,Clay,3,207686,Alexander Shevchenko,105916,Marton Fucsovics,110,91,0.5849,0.605,0.397,0.0,0.9239,0.3637,0.0,False
2025-0319#377,2025-07-21,Kitzbuhel,250,R16,Clay,3,205734,Thiago Seyboth Wild,105138,Roberto Bautista Agut,132,53,0.589,0.6315,0.2928,0.0,1.2281,0.5001,0.0,False
2025-0319#376,2025-07-21,Kitzbuhel,250,R16,Clay,3,122298,Botic Van De Zandschulp,209209,Filip Misolic,103,97,0.5848,0.6081,0.381,0.0,0.965,0.3832,0.0,False
2025-0319#375,2025-07-21,Kitzbuhel,250,R16,Clay,3,209070,Arthur Cazaux,207681,Francisco Comesana,100,73,0.6162,0.6072,0.546,1.0,0.6052,0.2061,0.0,False
2025-0319#374,2025-07-21,Kitzbuhel,250,R16,Clay,3,105526,Jan Lennard Struff,124079,Pedro Martinez,152,62,0.5794,0.5918,0.4358,0.0,0.8306,0.3183,0.0,False
2025-0319#373,2025-07-21,Kitzbuhel,250,R16,Clay,3,126239,Arthur Rinderknech,105613,Norbert Gombos,65,307,0.6042,0.5649,0.6965,1.0,0.3617,0.0921,1.0,False
2025-0319#372,2025-07-21,Kitzbuhel,250,R16,Clay,3,105870,Yannick Hanfmann,202104,Sebastian Baez,141,43,0.6223,0.6216,0.5035,1.0,0.6861,0.2465,0.0,False
2025-0319#371,2025-07-21,Kitzbuhel,250,R32,Clay,3,202058,Thiago Agustin Tirante,210262,Jaime Faria,130,119,0.6238,0.6118,0.561,1.0,0.5781,0.1927,0.0,False
2025-0319#370,2025-07-21,Kitzbuhel,250,R32,Clay,3,207686,Alexander Shevchenko,123755,Daniel Elahi Galan,110,125,0.6154,0.5929,0.6139,1.0,0.4879,0.1491,1.0,False
2025-0319#369,2025-07-21,Kitzbuhel,250,R32,Clay,3,105916,Marton Fucsovics,212082,Joel Schwaerzler,91,354,0.5967,0.5873,0.5488,1.0,0.6,0.2036,1.0,False
2025-0319#368,2025-07-21,Kitzbuhel,250,R32,Clay,3,205734,Thiago Seyboth Wild,211514,Justin Engel,132,208,0.6156,0.6254,0.4507,0.0,0.797,0.3018,1.0,False
2025-0319#367,2025-07-21,Kitzbuhel,250,R32,Clay,3,122298,Botic Van De Zandschulp,111797,Nicolas Jarry,103,98,0.5917,0.6067,0.4233,0.0,0.8596,0.3326,0.0,False
2025-0319#366,2025-07-21,Kitzbuhel,250,R32,Clay,3,209209,Filip Misolic,144869,Tomas Martin Etcheverry,97,58,0.6138,0.609,0.5246,1.0,0.6452,0.226,0.0,False
2025-0319#365,2025-07-21,Kitzbuhel,250,R32,Clay,3,207681,Francisco Comesana,207729,Tristan Boyer,73,126,0.6196,0.599,0.604,1.0,0.5042,0.1568,1.0,False
2025-0319#364,2025-07-21,Kitzbuhel,250,R32,Clay,3,209070,Arthur Cazaux,209860,Ignacio Buse,100,133,0.6004,0.6048,0.4771,0.0,0.74,0.2734,1.0,False
2025-0319#363,2025-07-21,Kitzbuhel,250,R32,Clay,3,105526,Jan Lennard Struff,124116,Sebastian Ofner,152,138,0.5998,0.5985,0.5066,1.0,0.6799,0.2434,0.0,False
2025-0319#362,2025-07-21,Kitzbuhel,250,R32,Clay,3,126239,Arthur Rinderknech,105487,Facundo Bagnis,65,772,0.5975,0.5903,0.5375,1.0,0.6208,0.2139,1.0,False
2025-0319#361,2025-07-21,Kitzbuhel,250,R32,Clay,3,105613,Norbert Gombos,200384,Hugo Gaston,307,99,0.6211,0.6072,0.5702,1.0,0.5617,0.1847,0.0,False
2025-0319#360,2025-07-21,Kitzbuhel,250,R32,Clay,3,105870,Yannick Hanfmann,209903,Lukas Neumayer,141,162,0.6118,0.631,0.4033,0.0,0.9082,0.3561,1.0,False
2025-0418#385,2025-07-21,Washington,500,F,Hard,3,200282,Alex De Minaur,200221,Alejandro Davidovich Fokina,13,26,0.6109,0.5574,0.7579,1.0,0.2772,0.0586,1.0,False
2025-0418#384,2025-07-21,Washington,500,SF,Hard,3,200221,Alejandro Davidovich Fokina,210097,Ben Shelton,26,8,0.6524,0.6266,0.6261,1.0,0.4683,0.1398,0.0,False
2025-0418#383,2025-07-21,Washington,500,SF,Hard,3,200282,Alex De Minaur,144895,Corentin Moutet,13,59,0.6322,0.5508,0.8549,1.0,0.1568,0.0211,1.0,False
2025-0418#382,2025-07-21,Washington,500,QF,Hard,3,200221,Alejandro Davidovich Fokina,126203,Taylor Fritz,26,4,0.6541,0.6495,0.5229,1.0,0.6483,0.2276,0.0,False
2025-0418#381,2025-07-21,Washington,500,QF,Hard,3,210097,Ben Shelton,126207,Frances Tiafoe,8,11,0.6608,0.683,0.3946,0.0,0.9299,0.3665,1.0,False
2025-0418#380,2025-07-21,Washington,500,QF,Hard,3,144895,Corentin Moutet,106421,Daniil Medvedev,59,14,0.5525,0.6552,0.0934,0.0,2.3709,0.8219,0.0,False
2025-0418#379,2025-07-21,Washington,500,QF,Hard,3,200282,Alex De Minaur,206909,Brandon Nakashima,13,32,0.6879,0.5566,0.9515,1.0,0.0497,0.0024,1.0,False
2025-0418#378,2025-07-21,Washington,500,R16,Hard,3,126203,Taylor Fritz,208286,Matteo Arnaldi,4,44,0.6975,0.6055,0.871,1.0,0.1381,0.0166,1.0,False
2025-0418#377,2025-07-21,Washington,500,R16,Hard,3,200221,Alejandro Davidovich Fokina,210530,Learner Tien,26,67,0.5975,0.5493,0.7369,1.0,0.3052,0.0692,1.0,False
2025-0418#376,2025-07-21,Washington,500,R16,Hard,3,210097,Ben Shelton,209113,Gabriel Diallo,8,35,0.6823,0.69,0.4634,0.0,0.7692,0.288,1.0,False
2025-0418#375,2025-07-21,Washington,500,R16,Hard,3,126207,Frances Tiafoe,207925,Flavio Cobolli,11,18,0.6279,0.6064,0.608,1.0,0.4976,0.1537,1.0,False
2025-0418#374,2025-07-21,Washington,500,R16,Hard,3,106421,Daniil Medvedev,200059,Yibing Wu,14,243,0.6413,0.5595,0.8541,1.0,0.1577,0.0213,1.0,False
2025-0418#373,2025-07-21,Washington,500,R16,Hard,3,144895,Corentin Moutet,105554,Daniel Evans,59,144,0.6048,0.6042,0.5033,1.0,0.6865,0.2467,1.0,False
2025-0418#372,2025-07-21,Washington,500,R16,Hard,3,200282,Alex De Minaur,208103,Jiri Lehecka,13,25,0.6854,0.5865,0.8918,1.0,0.1145,0.0117,1.0,False
2025-0418#371,2025-07-21,Washington,500,R16,Hard,3,206909,Brandon Nakashima,111815,Cameron Norrie,32,41,0.6505,0.6425,0.5394,1.0,0.6173,0.2122,1.0,False
2025-0418#370,2025-07-21,Washington,500,R32,Hard,3,126203,Taylor Fritz,126846,Aleksandar Vukic,4,105,0.7593,0.5999,0.971,1.0,0.0294,0.0008,1.0,False
2025-0418#369,2025-07-21,Washington,500,R32,Hard,3,208286,Matteo Arnaldi,132283,Lorenzo Sonego,44,37,0.6169,0.6462,0.3562,0.0,1.0321,0.4144,0.0,False
2025-0418#368,2025-07-21,Washington,500,R32,Hard,3,200221,Alejandro Davidovich Fokina,144719,Jaume Munar,26,50,0.5918,0.5889,0.5151,1.0,0.6634,0.2352,1.0,False
2025-0418#367,2025-07-21,Washington,500,R32,Hard,3,210530,Learner Tien,126094,Andrey Rublev,67,10,0.5672,0.6625,0.1122,0.0,2.1877,0.7882,0.0,False
2025-0418#366,2025-07-21,Washington,500,R32,Hard,3,210097,Ben Shelton,111456,Mackenzie Mcdonald,8,95,0.6818,0.6464,0.6668,1.0,0.4053,0.1111,1.0,False
2025-0418#365,2025-07-21,Washington,500,R32,Hard,3,209113,Gabriel Diallo,206681,Fabian Marozsan,35,54,0.6468,0.6211,0.6268,1.0,0.4672,0.1393,1.0,False
2025-0418#364,2025-07-21,Washington,500,R32,Hard,3,207925,Flavio Cobolli,106415,Yoshihito Nishioka,18,89,0.621,0.5869,0.6696,1.0,0.4011,0.1092,1.0,False
2025-0418#363,2025-07-21,Washington,500,R32,Hard,3,126207,Frances Tiafoe,206499,Aleksandar Kovacevic,11,66,0.6866,0.6126,0.8194,1.0,0.1992,0.0326,1.0,False
2025-0418#362,2025-07-21,Washington,500,R32,Hard,3,106421,Daniil Medvedev,124187,Reilly Opelka,14,74,0.6961,0.6048,0.8696,1.0,0.1397,0.017,1.0,False
2025-0418#361,2025-07-21,Washington,500,R32,Hard,3,200059,Yibing Wu,200615,Alexei Popyrin,243,24,0.6475,0.6504,0.4856,0.0,0.7224,0.2646,0.0,False
2025-0418#360,2025-07-21,Washington,500,R32,Hard,3,105554,Daniel Evans,210506,Alex Michelsen,144,34,0.5854,0.6187,0.3335,0.0,1.0982,0.4442,0.0,False
2025-0418#359,2025-07-21,Washington,500,R32,Hard,3,144895,Corentin Moutet,124186,Alexandre Muller,59,39,0.5945,0.5705,0.6232,1.0,0.473,0.142,0.0,False
2025-0418#358,2025-07-21,Washington,500,R32,Hard,3,200282,Alex De Minaur,207352,Bu Yunchaokete,13,75,0.6485,0.532,0.9347,1.0,0.0676,0.0043,1.0,False
2025-0418#357,2025-07-21,Washington,500,R32,Hard,3,208103,Jiri Lehecka,208260,Zachary Svajda,25,153,0.6505,0.5966,0.7529,1.0,0.2838,0.061,1.0,False
2025-0418#356,2025-07-21,Washington,500,R32,Hard,3,206909,Brandon Nakashima,210319,Ethan Quinn,32,86,0.6671,0.6264,0.693,1.0,0.3667,0.0942,1.0,False
2025-0418#355,2025-07-21,Washington,500,R32,Hard,3,111815,Cameron Norrie,207518,Lorenzo Musetti,41,7,0.5727,0.6097,0.3155,0.0,1.1537,0.4686,0.0,False
2025-0418#354,2025-07-21,Washington,500,R64,Hard,3,126846,Aleksandar Vukic,208659,Giovanni Mpetshi Perricard,105,45,0.7337,0.6811,0.7282,1.0,0.3171,0.0739,0.0,False
2025-0418#353,2025-07-21,Washington,500,R64,Hard,3,208286,Matteo Arnaldi,127157,Daniel Altmaier,44,56,0.6291,0.6224,0.5341,1.0,0.6272,0.2171,1.0,False
2025-0418#352,2025-07-21,Washington,500,R64,Hard,3,144719,Jaume Munar,106218,Marcos Giron,50,57,0.6153,0.5869,0.643,1.0,0.4416,0.1274,1.0,False
2025-0418#351,2025-07-21,Washington,500,R64,Hard,3,210530,Learner Tien,207182,Emilio Nava,67,116,0.5829,0.6286,0.2783,0.0,1.279,0.5208,1.0,False
2025-0418#350,2025-07-21,Washington,500,R64,Hard,3,111456,Mackenzie Mcdonald,212256,Colton Smith,95,139,0.5777,0.6136,0.3205,0.0,1.1378,0.4617,1.0,False
2025-0418#349,2025-07-21,Washington,500,R64,Hard,3,206681,Fabian Marozsan,126127,Benjamin Bonzi,54,69,0.6117,0.6493,0.3181,0.0,1.1454,0.465,1.0,False
2025-0418#348,2025-07-21,Washington,500,R64,Hard,3,106415,Yoshihito Nishioka,202385,Jenson Brooksby,89,102,0.5827,0.6237,0.2985,0.0,1.209,0.4921,1.0,False
2025-0418#347,2025-07-21,Washington,500,R64,Hard,3,206499,Aleksandar Kovacevic,111460,Quentin Halys,66,71,0.6664,0.6618,0.5224,1.0,0.6493,0.2281,1.0,False
2025-0418#346,2025-07-21,Washington,500,R64,Hard,3,124187,Reilly Opelka,209326,Murphy Cassone,74,185,0.6871,0.7329,0.2989,0.0,1.2076,0.4915,1.0,False
2025-0418#345,2025-07-21,Washington,500,R64,Hard,3,200059,Yibing Wu,104792,Gael Monfils,243,48,0.654,0.6434,0.5524,1.0,0.5934,0.2003,0.0,False
2025-0418#344,2025-07-21,Washington,500,R64,Hard,3,105554,Daniel Evans,200267,Zizou Bergs,144,52,0.5853,0.6318,0.2753,0.0,1.2898,0.5252,0.0,False
2025-0418#343,2025-07-21,Washington,500,R64,Hard,3,124186,Alexandre Muller,202320,Beibit Zhukayev,39,218,0.6602,0.6619,0.492,0.0,0.7094,0.2581,1.0,False
2025-0418#342,2025-07-21,Washington,500,R64,Hard,3,207352,Bu Yunchaokete,105676,David Goffin,75,60,0.597,0.5995,0.4872,0.0,0.7191,0.263,0.0,False
2025-0418#341,2025-07-21,Washington,500,R64,Hard,3,208260,Zachary Svajda,200175,Miomir Kecmanovic,153,49,0.5945,0.6051,0.4452,0.0,0.8092,0.3078,0.0,False
2025-0418#340,2025-07-21,Washington,500,R64,Hard,3,210319,Ethan Quinn,106331,Christopher Oconnell,86,77,0.6636,0.618,0.715,1.0,0.3354,0.0812,0.0,False
2025-0418#339,2025-07-21,Washington,500,R64,Hard,3,111815,Cameron Norrie,126129,Billy Harris,41,148,0.672,0.5953,0.832,1.0,0.184,0.0282,1.0,False
2025-0421#369,2025-07-27,Canada Masters,M,F,Hard,3,210097,Ben Shelton,111575,Karen Khachanov,7,16,0.6453,0.6975,0.2645,0.0,1.3298,0.5409,1.0,False
2025-0421#368,2025-07-27,Canada Masters,M,SF,Hard,3,111575,Karen Khachanov,100644,Alexander Zverev,16,3,0.6287,0.6837,0.2501,0.0,1.386,0.5624,0.0,False
2025-0421#367,2025-07-27,Canada Masters,M,SF,Hard,3,210097,Ben Shelton,126203,Taylor Fritz,7,4,0.6556,0.7163,0.2361,0.0,1.4435,0.5835,0.0,False
2025-0421#366,2025-07-27,Canada Masters,M,QF,Hard,3,100644,Alexander Zverev,200615,Alexei Popyrin,3,26,0.7199,0.5575,0.9781,1.0,0.0222,0.0005,1.0,False
2025-0421#365,2025-07-27,Canada Masters,M,QF,Hard,3,111575,Karen Khachanov,210506,Alex Michelsen,16,34,0.6286,0.6013,0.6361,1.0,0.4524,0.1324,1.0,False
2025-0421#364,2025-07-27,Canada Masters,M,QF,Hard,3,210097,Ben Shelton,200282,Alex De Minaur,7,8,0.5866,0.6784,0.1248,0.0,2.0813,0.766,1.0,False
2025-0421#363,2025-07-27,Canada Masters,M,QF,Hard,3,126203,Taylor Fritz,126094,Andrey Rublev,4,11,0.6948,0.6613,0.656,1.0,0.4217,0.1184,1.0,False
2025-0421#362,2025-07-27,Canada Masters,M,R16,Hard,3,100644,Alexander Zverev,202103,Francisco Cerundolo,3,24,0.5988,0.5934,0.5276,1.0,0.6394,0.2231,1.0,True
2025-0421#361,2025-07-27,Canada Masters,M,R16,Hard,3,200615,Alexei Popyrin,208029,Holger Rune,26,9,0.6292,0.6614,0.3447,0.0,1.0652,0.4295,0.0,False
2025-0421#360,2025-07-27,Canada Masters,M,R16,Hard,3,210506,Alex Michelsen,210530,Learner Tien,34,61,0.5925,0.5759,0.5856,1.0,0.5352,0.1718,1.0,False
2025-0421#359,2025-07-27,Canada Masters,M,R16,Hard,3,111575,Karen Khachanov,134770,Casper Ruud,16,13,0.6382,0.6099,0.6396,1.0,0.4469,0.1299,0.0,False
2025-0421#358,2025-07-27,Canada Masters,M,R16,Hard,3,200282,Alex De Minaur,126207,Frances Tiafoe,8,12,0.6662,0.5626,0.9066,1.0,0.0981,0.0087,1.0,False
2025-0421#357,2025-07-27,Canada Masters,M,R16,Hard,3,210097,Ben Shelton,207925,Flavio Cobolli,7,17,0.6637,0.6542,0.5461,1.0,0.605,0.2061,1.0,False
2025-0421#356,2025-07-27,Canada Masters,M,R16,Hard,3,126094,Andrey Rublev,200221,Alejandro Davidovich Fokina,11,19,0.6121,0.6265,0.4271,0.0,0.8507,0.3282,1.0,True
2025-0421#355,2025-07-27,Canada Masters,M,R16,Hard,3,126203,Taylor Fritz,208103,Jiri Lehecka,4,27,0.7135,0.6636,0.7226,1.0,0.3249,0.077,1.0,False
2025-0421#354,2025-07-27,Canada Masters,M,R32,Hard,3,100644,Alexander Zverev,208286,Matteo Arnaldi,3,41,0.6895,0.5701,0.9331,1.0,0.0692,0.0045,1.0,False
2025-0421#353,2025-07-27,Canada Masters,M,R32,Hard,3,202103,Francisco Cerundolo,144869,Tomas Martin Etcheverry,24,60,0.6463,0.5967,0.7354,1.0,0.3073,0.07,1.0,False
2025-0421#352,2025-07-27,Canada Masters,M,R32,Hard,3,200615,Alexei Popyrin,106421,Daniil Medvedev,26,14,0.565,0.6366,0.1776,0.0,1.728,0.6763,0.0,False
2025-0421#351,2025-07-27,Canada Masters,M,R32,Hard,3,208029,Holger Rune,124186,Alexandre Muller,9,40,0.6284,0.5799,0.7337,1.0,0.3096,0.0709,1.0,False
2025-0421#350,2025-07-27,Canada Masters,M,R32,Hard,3,210506,Alex Michelsen,207518,Lorenzo Musetti,34,10,0.5694,0.5816,0.4364,0.0,0.8291,0.3176,0.0,False
2025-0421#349,2025-07-27,Canada Masters,M,R32,Hard,3,210530,Learner Tien,124187,Reilly Opelka,61,74,0.673,0.7185,0.2968,0.0,1.2146,0.4945,1.0,False
2025-0421#348,2025-07-27,Canada Masters,M,R32,Hard,3,111575,Karen Khachanov,207182,Emilio Nava,16,114,0.6466,0.5953,0.7422,1.0,0.2981,0.0664,1.0,False
2025-0421#347,2025-07-27,Canada Masters,M,R32,Hard,3,134770,Casper Ruud,132686,Nuno Borges,13,42,0.6267,0.6168,0.5504,1.0,0.5972,0.2022,1.0,False
2025-0421#346,2025-07-27,Canada Masters,M,R32,Hard,3,126207,Frances Tiafoe,126846,Aleksandar Vukic,12,99,0.7049,0.6189,0.8524,1.0,0.1597,0.0218,1.0,False
2025-0421#344,2025-07-27,Canada Masters,M,R32,Hard,3,207925,Flavio Cobolli,206681,Fabian Marozsan,17,56,0.6017,0.5846,0.588,1.0,0.531,0.1697,1.0,False
2025-0421#343,2025-07-27,Canada Masters,M,R32,Hard,3,210097,Ben Shelton,206909,Brandon Nakashima,7,32,0.6858,0.7138,0.3721,0.0,0.9886,0.3943,1.0,False
2025-0421#342,2025-07-27,Canada Masters,M,R32,Hard,3,126094,Andrey Rublev,132283,Lorenzo Sonego,11,38,0.6888,0.6208,0.7979,1.0,0.2258,0.0408,1.0,False
2025-0421#341,2025-07-27,Canada Masters,M,R32,Hard,3,200221,Alejandro Davidovich Fokina,210150,Jakub Mensik,19,18,0.6373,0.608,0.6448,1.0,0.4388,0.1262,0.0,False
2025-0421#340,2025-07-27,Canada Masters,M,R32,Hard,3,208103,Jiri Lehecka,209950,Arthur Fils,27,21,0.633,0.6432,0.4494,0.0,0.8,0.3032,0.0,False
2025-0421#339,2025-07-27,Canada Masters,M,R32,Hard,3,126203,Taylor Fritz,209113,Gabriel Diallo,4,36,0.7304,0.6563,0.808,1.0,0.2132,0.0369,1.0,False
2025-0421#338,2025-07-27,Canada Masters,M,R64,Hard,3,100644,Alexander Zverev,200443,Adam Walton,3,88,0.7229,0.5691,0.971,1.0,0.0294,0.0008,1.0,False
2025-0421#337,2025-07-27,Canada Masters,M,R64,Hard,3,208286,Matteo Arnaldi,209262,Tristan Schoolkate,41,103,0.6306,0.6378,0.4639,0.0,0.768,0.2873,1.0,False
2025-0421#336,2025-07-27,Canada Masters,M,R64,Hard,3,144869,Tomas Martin Etcheverry,134868,Tallon Griekspoor,60,31,0.6798,0.6704,0.5449,1.0,0.6071,0.2071,0.0,False
2025-0421#335,2025-07-27,Canada Masters,M,R64,Hard,3,202103,Francisco Cerundolo,144719,Jaume Munar,24,51,0.5971,0.5598,0.6877,1.0,0.3743,0.0975,1.0,False
2025-0421#334,2025-07-27,Canada Masters,M,R64,Hard,3,106421,Daniil Medvedev,207494,Dalibor Svrcina,14,120,0.6524,0.5229,0.9538,1.0,0.0473,0.0021,1.0,False
2025-0421#333,2025-07-27,Canada Masters,M,R64,Hard,3,200615,Alexei Popyrin,212531,Nicolas Arseneault,26,638,0.6395,0.6445,0.4753,0.0,0.7438,0.2753,1.0,False
2025-0421#332,2025-07-27,Canada Masters,M,R64,Hard,3,124186,Alexandre Muller,200175,Miomir Kecmanovic,40,50,0.5982,0.6208,0.3858,0.0,0.9526,0.3773,1.0,False
2025-0421#331,2025-07-27,Canada Masters,M,R64,Hard,3,208029,Holger Rune,208659,Giovanni Mpetshi Perricard,9,43,0.7541,0.6716,0.828,1.0,0.1888,0.0296,1.0,False
2025-0421#330,2025-07-27,Canada Masters,M,R64,Hard,3,207518,Lorenzo Musetti,105902,James Duckworth,10,106,0.6639,0.5742,0.8725,1.0,0.1364,0.0163,1.0,False
2025-0421#329,2025-07-27,Canada Masters,M,R64,Hard,3,210506,Alex Michelsen,144642,Tomas Barrios Vera,34,143,0.6276,0.4909,0.9644,1.0,0.0363,0.0013,1.0,False
2025-0421#328,2025-07-27,Canada Masters,M,R64,Hard,3,210530,Learner Tien,133430,Denis Shapovalov,61,29,0.6049,0.6852,0.1599,0.0,1.8334,0.7058,0.0,False
2025-0421#327,2025-07-27,Canada Masters,M,R64,Hard,3,124187,Reilly Opelka,207830,Tomas Machac,74,22,0.6589,0.736,0.1835,0.0,1.6955,0.6667,0.0,False
2025-0421#326,2025-07-27,Canada Masters,M,R64,Hard,3,111575,Karen Khachanov,126663,Juan Pablo Ficovich,16,140,0.6275,0.5959,0.6572,1.0,0.4197,0.1175,1.0,False
2025-0421#325,2025-07-27,Canada Masters,M,R64,Hard,3,207182,Emilio Nava,209279,Terence Atmane,114,132,0.6442,0.6035,0.6972,1.0,0.3606,0.0917,1.0,False
2025-0421#324,2025-07-27,Canada Masters,M,R64,Hard,3,132686,Nuno Borges,105487,Facundo Bagnis,42,689,0.6238,0.6137,0.551,1.0,0.596,0.2016,1.0,False
2025-0421#323,2025-07-27,Canada Masters,M,R64,Hard,3,134770,Casper Ruud,126128,Roman Safiullin,13,82,0.6386,0.6225,0.58,1.0,0.5448,0.1764,1.0,False
2025-0421#322,2025-07-27,Canada Masters,M,R64,Hard,3,126207,Frances Tiafoe,133297,Yosuke Watanuki,12,158,0.653,0.6411,0.5584,1.0,0.5827,0.195,1.0,False
2025-0421#321,2025-07-27,Canada Masters,M,R64,Hard,3,126846,Aleksandar Vukic,111815,Cameron Norrie,99,39,0.6197,0.6706,0.2639,0.0,1.332,0.5418,0.0,False
2025-0421#320,2025-07-27,Canada Masters,M,R64,Hard,3,106331,Christopher Oconnell,126774,Stefanos Tsitsipas,78,30,0.632,0.6902,0.2391,0.0,1.4308,0.579,0.0,False
2025-0421#319,2025-07-27,Canada Masters,M,R64,Hard,3,200282,Alex De Minaur,207681,Francisco Comesana,8,71,0.6643,0.5553,0.9183,1.0,0.0853,0.0067,1.0,False
2025-0421#318,2025-07-27,Canada Masters,M,R64,Hard,3,207925,Flavio Cobolli,200008,Alexis Galarneau,17,193,0.6084,0.6096,0.494,0.0,0.7053,0.2561,1.0,False
2025-0421#317,2025-07-27,Canada Masters,M,R64,Hard,3,206681,Fabian Marozsan,200000,Felix Auger Aliassime,56,28,0.603,0.6713,0.1965,0.0,1.6272,0.6456,0.0,False
2025-0421#316,2025-07-27,Canada Masters,M,R64,Hard,3,206909,Brandon Nakashima,210319,Ethan Quinn,32,86,0.663,0.6298,0.6599,1.0,0.4156,0.1157,1.0,False
2025-0421#315,2025-07-27,Canada Masters,M,R64,Hard,3,210097,Ben Shelton,105173,Adrian Mannarino,7,94,0.6809,0.6362,0.7076,1.0,0.3459,0.0855,1.0,False
2025-0421#314,2025-07-27,Canada Masters,M,R64,Hard,3,126094,Andrey Rublev,200384,Hugo Gaston,11,126,0.6817,0.5672,0.9256,1.0,0.0773,0.0055,1.0,False
2025-0421#313,2025-07-27,Canada Masters,M,R64,Hard,3,132283,Lorenzo Sonego,207352,Bu Yunchaokete,38,76,0.6663,0.6461,0.5976,1.0,0.5148,0.1619,1.0,False
2025-0421#312,2025-07-27,Canada Masters,M,R64,Hard,3,200221,Alejandro Davidovich Fokina,144895,Corentin Moutet,19,46,0.5908,0.5534,0.6887,1.0,0.373,0.0969,1.0,False
2025-0421#311,2025-07-27,Canada Masters,M,R64,Hard,3,210150,Jakub Mensik,207729,Tristan Boyer,18,123,0.6897,0.6109,0.8342,1.0,0.1812,0.0275,1.0,False
2025-0421#310,2025-07-27,Canada Masters,M,R64,Hard,3,209950,Arthur Fils,105807,Pablo Carreno Busta,21,93,0.6101,0.5939,0.5828,1.0,0.5399,0.174,1.0,False
2025-0421#309,2025-07-27,Canada Masters,M,R64,Hard,3,208103,Jiri Lehecka,111456,Mackenzie Mcdonald,27,96,0.667,0.6284,0.6836,1.0,0.3805,0.1001,1.0,False
2025-0421#308,2025-07-27,Canada Masters,M,R64,Hard,3,209113,Gabriel Diallo,209263,Matteo Gigante,36,125,0.6271,0.6418,0.4271,0.0,0.8506,0.3282,1.0,False
2025-0421#307,2025-07-27,Canada Masters,M,R64,Hard,3,126203,Taylor Fritz,106148,Roberto Carballes Baena,4,89,0.6894,0.5828,0.9085,1.0,0.096,0.0084,1.0,False
2025-0421#306,2025-07-27,Canada Masters,M,R128,Hard,3,200443,Adam Walton,126127,Benjamin Bonzi,88,66,0.6207,0.673,0.2588,0.0,1.3516,0.5494,0.0,False
2025-0421#305,2025-07-27,Canada Masters,M,R128,Hard,3,209262,Tristan Schoolkate,211663,Joao Fonseca,103,49,0.6331,0.6643,0.3501,0.0,1.0495,0.4224,0.0,False
2025-0421#304,2025-07-27,Canada Masters,M,R128,Hard,3,144869,Tomas Martin Etcheverry,105732,Pierre Hugues Herbert,60,142,0.6505,0.5582,0.8824,1.0,0.1252,0.0138,1.0,False
2025-0421#303,2025-07-27,Canada Masters,M,R128,Hard,3,144719,Jaume Munar,202297,Dan Martin,51,,0.6179,0.5951,0.6153,1.0,0.4856,0.148,1.0,False
2025-0421#302,2025-07-27,Canada Masters,M,R128,Hard,3,207494,Dalibor Svrcina,210696,Alexander Blockx,120,121,0.5715,0.5958,0.3754,0.0,0.9798,0.3902,1.0,False
2025-0421#301,2025-07-27,Canada Masters,M,R128,Hard,3,212531,Nicolas Arseneault,208316,Valentin Royer,638,111,0.6351,0.6397,0.4771,0.0,0.7401,0.2735,0.0,False
2025-0421#300,2025-07-27,Canada Masters,M,R128,Hard,3,200175,Miomir Kecmanovic,111460,Quentin Halys,50,69,0.6976,0.6476,0.7265,1.0,0.3195,0.0748,1.0,False
2025-0421#299,2025-07-27,Canada Masters,M,R128,Hard,3,208659,Giovanni Mpetshi Perricard,208278,Shintaro Mochizuki,43,122,0.7063,0.7423,0.3421,0.0,1.0725,0.4328,1.0,False
2025-0421#298,2025-07-27,Canada Masters,M,R128,Hard,3,105902,James Duckworth,209992,Juncheng Shang,106,109,0.5852,0.6697,0.1432,0.0,1.9437,0.7342,1.0,False
2025-0421#297,2025-07-27,Canada Masters,M,R128,Hard,3,144642,Tomas Barrios Vera,104792,Gael Monfils,143,48,0.61,0.7208,0.0898,0.0,2.4103,0.8285,0.0,False
2025-0421#296,2025-07-27,Canada Masters,M,R128,Hard,3,210530,Learner Tien,212256,Colton Smith,61,136,0.5749,0.5855,0.4448,0.0,0.8102,0.3083,1.0,False
2025-0421#295,2025-07-27,Canada Masters,M,R128,Hard,3,124187,Reilly Opelka,124116,Sebastian Ofner,74,141,0.6896,0.707,0.4197,0.0,0.8682,0.3367,1.0,False
2025-0421#294,2025-07-27,Canada Masters,M,R128,Hard,3,126663,Juan Pablo Ficovich,207985,Jacob Fearnley,140,55,0.5812,0.5739,0.538,1.0,0.6199,0.2134,0.0,False
2025-0421#293,2025-07-27,Canada Masters,M,R128,Hard,3,207182,Emilio Nava,200267,Zizou Bergs,114,52,0.61,0.6295,0.402,0.0,0.9114,0.3576,0.0,False
2025-0421#292,2025-07-27,Canada Masters,M,R128,Hard,3,105487,Facundo Bagnis,105577,Vasek Pospisil,689,1250,0.6331,0.6375,0.4784,0.0,0.7373,0.2721,1.0,False
2025-0421#291,2025-07-27,Canada Masters,M,R128,Hard,3,126128,Roman Safiullin,200259,Ugo Blanchet,82,231,0.6116,0.6039,0.5398,1.0,0.6166,0.2118,1.0,False
2025-0421#290,2025-07-27,Canada Masters,M,R128,Hard,3,133297,Yosuke Watanuki,127157,Daniel Altmaier,158,58,0.6733,0.6193,0.7482,1.0,0.29,0.0634,0.0,False
2025-0421#289,2025-07-27,Canada Masters,M,R128,Hard,3,126846,Aleksandar Vukic,124079,Pedro Martinez,99,68,0.6685,0.5919,0.8325,1.0,0.1833,0.0281,0.0,False
2025-0421#288,2025-07-27,Canada Masters,M,R128,Hard,3,106331,Christopher Oconnell,202358,Chun Hsin Tseng,78,107,0.6326,0.6458,0.4345,0.0,0.8335,0.3198,1.0,False
2025-0421#287,2025-07-27,Canada Masters,M,R128,Hard,3,207681,Francisco Comesana,106000,Damir Dzumhur,71,54,0.5846,0.5873,0.4858,0.0,0.7219,0.2644,0.0,False
2025-0421#286,2025-07-27,Canada Masters,M,R128,Hard,3,200008,Alexis Galarneau,126239,Arthur Rinderknech,193,64,0.684,0.635,0.7254,1.0,0.321,0.0754,0.0,False
2025-0421#285,2025-07-27,Canada Masters,M,R128,Hard,3,206681,Fabian Marozsan,106198,Hugo Dellien,56,98,0.6183,0.5955,0.6154,1.0,0.4855,0.1479,1.0,False
2025-0421#284,2025-07-27,Canada Masters,M,R128,Hard,3,210319,Ethan Quinn,106415,Yoshihito Nishioka,86,131,0.6214,0.5979,0.6187,1.0,0.4801,0.1454,1.0,False
2025-0421#283,2025-07-27,Canada Masters,M,R128,Hard,3,105173,Adrian Mannarino,106218,Marcos Giron,94,59,0.6123,0.6462,0.3342,0.0,1.096,0.4433,0.0,False
2025-0421#282,2025-07-27,Canada Masters,M,R128,Hard,3,200384,Hugo Gaston,208233,Mattia Bellucci,126,72,0.6071,0.66,0.2533,0.0,1.3733,0.5576,0.0,True
2025-0421#281,2025-07-27,Canada Masters,M,R128,Hard,3,207352,Bu Yunchaokete,200240,Vit Kopriva,76,80,0.6068,0.6095,0.4864,0.0,0.7206,0.2637,1.0,False
2025-0421#280,2025-07-27,Canada Masters,M,R128,Hard,3,144895,Corentin Moutet,202385,Jenson Brooksby,46,102,0.556,0.5444,0.5617,1.0,0.5767,0.1921,1.0,False
2025-0421#279,2025-07-27,Canada Masters,M,R128,Hard,3,207729,Tristan Boyer,206499,Aleksandar Kovacevic,123,62,0.6399,0.6657,0.3751,0.0,0.9806,0.3905,0.0,False
2025-0421#278,2025-07-27,Canada Masters,M,R128,Hard,3,105807,Pablo Carreno Busta,208119,Liam Draxl,93,113,0.6248,0.6107,0.5714,1.0,0.5597,0.1837,1.0,False
2025-0421#277,2025-07-27,Canada Masters,M,R128,Hard,3,111456,Mackenzie Mcdonald,105676,David Goffin,96,65,0.5682,0.6296,0.2138,0.0,1.5427,0.6181,0.0,False
2025-0421#276,2025-07-27,Canada Masters,M,R128,Hard,3,209263,Matteo Gigante,106432,Borna Coric,125,92,0.6525,0.6079,0.7128,1.0,0.3385,0.0825,0.0,False
2025-0421#275,2025-07-27,Canada Masters,M,R128,Hard,3,106148,Roberto Carballes Baena,200116,Camilo Ugo Carabelli,89,47,0.5873,0.5569,0.6557,1.0,0.422,0.1185,0.0,True
2025-0422#369,2025-08-07,Cincinnati Masters,M,F,Hard,3,207989,Carlos Alcaraz,206173,Jannik Sinner,2,1,0.5977,0.5876,0.5523,1.0,0.5937,0.2004,0.0,True
2025-0422#368,2025-08-07,Cincinnati Masters,M,SF,Hard,3,206173,Jannik Sinner,209279,Terence Atmane,1,136,0.7287,0.5147,0.9964,1.0,0.0036,0.0,1.0,False
2025-0422#367,2025-08-07,Cincinnati Masters,M,SF,Hard,3,207989,Carlos Alcaraz,100644,Alexander Zverev,2,3,0.6612,0.595,0.798,1.0,0.2256,0.0408,1.0,False
2025-0422#366,2025-08-07,Cincinnati Masters,M,QF,Hard,3,206173,Jannik Sinner,200000,Felix Auger Aliassime,1,28,0.7292,0.5349,0.9923,1.0,0.0078,0.0001,1.0,False
2025-0422#365,2025-08-07,Cincinnati Masters,M,QF,Hard,3,209279,Terence Atmane,208029,Holger Rune,136,9,0.5885,0.6513,0.2125,0.0,1.5489,0.6202,0.0,False
2025-0422#364,2025-08-07,Cincinnati Masters,M,QF,Hard,3,100644,Alexander Zverev,210097,Ben Shelton,3,6,0.7068,0.6125,0.875,1.0,0.1336,0.0156,1.0,False
2025-0422#363,2025-08-07,Cincinnati Masters,M,QF,Hard,3,207989,Carlos Alcaraz,126094,Andrey Rublev,2,11,0.68,0.5646,0.9278,1.0,0.075,0.0052,1.0,False
2025-0422#362,2025-08-07,Cincinnati Masters,M,R16,Hard,3,206173,Jannik Sinner,105173,Adrian Mannarino,1,89,0.7457,0.5156,0.9979,1.0,0.0021,0.0,1.0,False
2025-0422#361,2025-08-07,Cincinnati Masters,M,R16,Hard,3,200000,Felix Auger Aliassime,126127,Benjamin Bonzi,28,63,0.6533,0.6377,0.5768,1.0,0.5502,0.1791,1.0,False
2025-0422#360,2025-08-07,Cincinnati Masters,M,R16,Hard,3,209279,Terence Atmane,126203,Taylor Fritz,136,4,0.5651,0.7277,0.0225,0.0,3.7923,0.9554,0.0,False
2025-0422#359,2025-08-07,Cincinnati Masters,M,R16,Hard,3,208029,Holger Rune,126207,Frances Tiafoe,9,14,0.6403,0.6249,0.5768,1.0,0.5503,0.1791,1.0,True
2025-0422#358,2025-08-07,Cincinnati Masters,M,R16,Hard,3,210097,Ben Shelton,208103,Jiri Lehecka,6,26,0.6868,0.6799,0.5328,1.0,0.6296,0.2183,1.0,False
2025-0422#357,2025-08-07,Cincinnati Masters,M,R16,Hard,3,100644,Alexander Zverev,111575,Karen Khachanov,3,12,0.6753,0.6327,0.6997,1.0,0.3571,0.0902,1.0,True
2025-0422#356,2025-08-07,Cincinnati Masters,M,R16,Hard,3,126094,Andrey Rublev,207681,Francisco Comesana,11,71,0.6767,0.6057,0.8117,1.0,0.2087,0.0355,1.0,False
2025-0422#355,2025-08-07,Cincinnati Masters,M,R16,Hard,3,207989,Carlos Alcaraz,208134,Luca Nardi,2,98,0.6698,0.5214,0.9721,1.0,0.0283,0.0008,1.0,False
2025-0422#354,2025-08-07,Cincinnati Masters,M,R32,Hard,3,206173,Jannik Sinner,209113,Gabriel Diallo,1,35,0.7371,0.5467,0.9906,1.0,0.0094,0.0001,1.0,False
2025-0422#353,2025-08-07,Cincinnati Masters,M,R32,Hard,3,105173,Adrian Mannarino,126205,Tommy Paul,89,16,0.55,0.6842,0.0444,0.0,3.1146,0.9132,0.0,False
2025-0422#352,2025-08-07,Cincinnati Masters,M,R32,Hard,3,200000,Felix Auger Aliassime,126239,Arthur Rinderknech,28,70,0.707,0.5866,0.9313,1.0,0.0711,0.0047,1.0,True
2025-0422#351,2025-08-07,Cincinnati Masters,M,R32,Hard,3,126127,Benjamin Bonzi,126774,Stefanos Tsitsipas,63,29,0.6602,0.6391,0.6027,1.0,0.5064,0.1579,0.0,False
2025-0422#350,2025-08-07,Cincinnati Masters,M,R32,Hard,3,126203,Taylor Fritz,132283,Lorenzo Sonego,4,36,0.719,0.6439,0.8142,1.0,0.2055,0.0345,1.0,False
2025-0422#349,2025-08-07,Cincinnati Masters,M,R32,Hard,3,209279,Terence Atmane,211663,Joao Fonseca,136,52,0.5755,0.6437,0.1912,0.0,1.6547,0.6542,0.0,False
2025-0422#348,2025-08-07,Cincinnati Masters,M,R32,Hard,3,126207,Frances Tiafoe,200005,Ugo Humbert,14,25,0.6455,0.6515,0.4707,0.0,0.7536,0.2802,1.0,False
2025-0422#347,2025-08-07,Cincinnati Masters,M,R32,Hard,3,208029,Holger Rune,210506,Alex Michelsen,9,33,0.6224,0.6048,0.5889,1.0,0.5295,0.169,1.0,False
2025-0422#346,2025-08-07,Cincinnati Masters,M,R32,Hard,3,210097,Ben Shelton,105138,Roberto Bautista Agut,6,53,0.6577,0.6595,0.4912,0.0,0.7108,0.2588,1.0,False
2025-0422#345,2025-08-07,Cincinnati Masters,M,R32,Hard,3,208103,Jiri Lehecka,200443,Adam Walton,26,85,0.676,0.6301,0.7136,1.0,0.3374,0.082,1.0,False
2025-0422#344,2025-08-07,Cincinnati Masters,M,R32,Hard,3,111575,Karen Khachanov,202385,Jenson Brooksby,12,101,0.6138,0.5738,0.6983,1.0,0.3591,0.091,1.0,False
2025-0422#343,2025-08-07,Cincinnati Masters,M,R32,Hard,3,100644,Alexander Zverev,206909,Brandon Nakashima,3,31,0.7289,0.6114,0.9214,1.0,0.0819,0.0062,1.0,False
2025-0422#342,2025-08-07,Cincinnati Masters,M,R32,Hard,3,207681,Francisco Comesana,124187,Reilly Opelka,71,73,0.705,0.696,0.5416,1.0,0.6133,0.2102,1.0,False
2025-0422#341,2025-08-07,Cincinnati Masters,M,R32,Hard,3,126094,Andrey Rublev,200615,Alexei Popyrin,11,19,0.6869,0.5935,0.8774,1.0,0.1308,0.015,1.0,False
2025-0422#340,2025-08-07,Cincinnati Masters,M,R32,Hard,3,208134,Luca Nardi,210150,Jakub Mensik,98,17,0.5639,0.7044,0.0397,0.0,3.2259,0.9221,0.0,True
2025-0422#339,2025-08-07,Cincinnati Masters,M,R32,Hard,3,207989,Carlos Alcaraz,209098,Hamad Medjedovic,2,72,0.6611,0.5325,0.9515,1.0,0.0497,0.0024,1.0,False
2025-0422#338,2025-08-07,Cincinnati Masters,M,R64,Hard,3,206173,Jannik Sinner,123755,Daniel Elahi Galan,1,144,0.7347,0.5217,0.9961,1.0,0.0039,0.0,1.0,False
2025-0422#337,2025-08-07,Cincinnati Masters,M,R64,Hard,3,209113,Gabriel Diallo,202104,Sebastian Baez,35,43,0.6117,0.5924,0.5984,1.0,0.5135,0.1613,1.0,False
2025-0422#336,2025-08-07,Cincinnati Masters,M,R64,Hard,3,105173,Adrian Mannarino,207830,Tomas Machac,89,24,0.6022,0.6456,0.2913,0.0,1.2334,0.5022,0.0,False
2025-0422#335,2025-08-07,Cincinnati Masters,M,R64,Hard,3,126205,Tommy Paul,124079,Pedro Martinez,16,66,0.6201,0.5337,0.8714,1.0,0.1376,0.0165,1.0,False
2025-0422#334,2025-08-07,Cincinnati Masters,M,R64,Hard,3,126239,Arthur Rinderknech,134770,Casper Ruud,70,13,0.6291,0.6987,0.1989,0.0,1.6151,0.6418,0.0,False
2025-0422#333,2025-08-07,Cincinnati Masters,M,R64,Hard,3,200000,Felix Auger Aliassime,144869,Tomas Martin Etcheverry,28,58,0.6588,0.5988,0.7754,1.0,0.2544,0.0505,1.0,False
2025-0422#332,2025-08-07,Cincinnati Masters,M,R64,Hard,3,126774,Stefanos Tsitsipas,206681,Fabian Marozsan,29,51,0.643,0.64,0.5147,1.0,0.6641,0.2355,1.0,False
2025-0422#331,2025-08-07,Cincinnati Masters,M,R64,Hard,3,126127,Benjamin Bonzi,207518,Lorenzo Musetti,63,10,0.5907,0.6308,0.3034,0.0,1.1926,0.4852,0.0,False
2025-0422#330,2025-08-07,Cincinnati Masters,M,R64,Hard,3,126203,Taylor Fritz,207182,Emilio Nava,4,105,0.695,0.5969,0.8874,1.0,0.1194,0.0127,1.0,False
2025-0422#329,2025-08-07,Cincinnati Masters,M,R64,Hard,3,132283,Lorenzo Sonego,200267,Zizou Bergs,36,54,0.6358,0.6252,0.5531,1.0,0.5922,0.1997,1.0,False
2025-0422#328,2025-08-07,Cincinnati Masters,M,R64,Hard,3,211663,Joao Fonseca,200221,Alejandro Davidovich Fokina,52,18,0.5768,0.6153,0.309,0.0,1.1745,0.4775,0.0,True
2025-0422#327,2025-08-07,Cincinnati Masters,M,R64,Hard,3,209279,Terence Atmane,207925,Flavio Cobolli,136,22,0.5877,0.6215,0.3317,0.0,1.1035,0.4466,0.0,False
2025-0422#326,2025-08-07,Cincinnati Masters,M,R64,Hard,3,126207,Frances Tiafoe,106148,Roberto Carballes Baena,14,87,0.643,0.5918,0.7426,1.0,0.2976,0.0663,1.0,False
2025-0422#325,2025-08-07,Cincinnati Masters,M,R64,Hard,3,200005,Ugo Humbert,209409,Coleman Wong,25,177,0.7012,0.6636,0.673,1.0,0.396,0.1069,1.0,False
2025-0422#324,2025-08-07,Cincinnati Masters,M,R64,Hard,3,210506,Alex Michelsen,144895,Corentin Moutet,33,44,0.5693,0.5733,0.4792,0.0,0.7356,0.2712,1.0,False
2025-0422#323,2025-08-07,Cincinnati Masters,M,R64,Hard,3,208029,Holger Rune,126128,Roman Safiullin,9,80,0.6436,0.6358,0.5388,1.0,0.6183,0.2127,1.0,False
2025-0422#322,2025-08-07,Cincinnati Masters,M,R64,Hard,3,210097,Ben Shelton,200116,Camilo Ugo Carabelli,6,47,0.6835,0.6306,0.7417,1.0,0.2988,0.0667,1.0,True
2025-0422#321,2025-08-07,Cincinnati Masters,M,R64,Hard,3,105138,Roberto Bautista Agut,111815,Cameron Norrie,53,39,0.6395,0.6361,0.5168,1.0,0.6601,0.2335,0.0,False
2025-0422#320,2025-08-07,Cincinnati Masters,M,R64,Hard,3,208103,Jiri Lehecka,207729,Tristan Boyer,26,116,0.6803,0.6106,0.8062,1.0,0.2155,0.0376,1.0,False
2025-0422#319,2025-08-07,Cincinnati Masters,M,R64,Hard,3,200443,Adam Walton,106421,Daniil Medvedev,85,15,0.5603,0.6563,0.1093,0.0,2.2135,0.7933,0.0,False
2025-0422#318,2025-08-07,Cincinnati Masters,M,R64,Hard,3,111575,Karen Khachanov,208316,Valentin Royer,12,104,0.6534,0.603,0.7377,1.0,0.3043,0.0688,1.0,False
2025-0422#317,2025-08-07,Cincinnati Masters,M,R64,Hard,3,202385,Jenson Brooksby,209070,Arthur Cazaux,101,76,0.6123,0.6168,0.4774,0.0,0.7394,0.2731,0.0,False
2025-0422#316,2025-08-07,Cincinnati Masters,M,R64,Hard,3,206909,Brandon Nakashima,210696,Alexander Blockx,31,119,0.6808,0.6042,0.8295,1.0,0.1869,0.0291,1.0,False
2025-0422#315,2025-08-07,Cincinnati Masters,M,R64,Hard,3,100644,Alexander Zverev,210460,Nishesh Basavareddy,3,109,0.7175,0.5468,0.9834,1.0,0.0167,0.0003,1.0,False
2025-0422#314,2025-08-07,Cincinnati Masters,M,R64,Hard,3,124187,Reilly Opelka,200282,Alex De Minaur,73,8,0.6035,0.7615,0.0305,0.0,3.4907,0.94,0.0,False
2025-0422#313,2025-08-07,Cincinnati Masters,M,R64,Hard,3,207681,Francisco Comesana,209260,Luciano Darderi,71,34,0.62,0.627,0.4648,0.0,0.7662,0.2864,0.0,True
2025-0422#312,2025-08-07,Cincinnati Masters,M,R64,Hard,3,200615,Alexei Popyrin,212021,Martin Landaluce,19,142,0.6959,0.5542,0.9628,1.0,0.0379,0.0014,1.0,False
2025-0422#311,2025-08-07,Cincinnati Masters,M,R64,Hard,3,126094,Andrey Rublev,210530,Learner Tien,11,55,0.6534,0.5737,0.8458,1.0,0.1675,0.0238,1.0,False
2025-0422#310,2025-08-07,Cincinnati Masters,M,R64,Hard,3,210150,Jakub Mensik,210319,Ethan Quinn,17,82,0.6609,0.6384,0.6093,1.0,0.4955,0.1527,1.0,False
2025-0422#309,2025-08-07,Cincinnati Masters,M,R64,Hard,3,208134,Luca Nardi,133430,Denis Shapovalov,98,30,0.5964,0.6867,0.1309,0.0,2.0334,0.7554,0.0,False
2025-0422#308,2025-08-07,Cincinnati Masters,M,R64,Hard,3,209098,Hamad Medjedovic,134868,Tallon Griekspoor,72,32,0.6826,0.6535,0.6381,1.0,0.4493,0.131,0.0,False
2025-0422#307,2025-08-07,Cincinnati Masters,M,R64,Hard,3,207989,Carlos Alcaraz,106000,Damir Dzumhur,2,56,0.6247,0.5378,0.872,1.0,0.137,0.0164,1.0,False
2025-0422#306,2025-08-07,Cincinnati Masters,M,R128,Hard,3,123755,Daniel Elahi Galan,200240,Vit Kopriva,144,81,0.589,0.627,0.3127,0.0,1.1626,0.4724,0.0,False
2025-0422#305,2025-08-07,Cincinnati Masters,M,R128,Hard,3,202104,Sebastian Baez,105676,David Goffin,43,64,0.5593,0.571,0.4384,0.0,0.8245,0.3154,1.0,False
2025-0422#304,2025-08-07,Cincinnati Masters,M,R128,Hard,3,105173,Adrian Mannarino,111442,Jordan Thompson,89,50,0.6236,0.6701,0.2824,0.0,1.2645,0.515,0.0,False
2025-0422#303,2025-08-07,Cincinnati Masters,M,R128,Hard,3,124079,Pedro Martinez,111797,Nicolas Jarry,66,100,0.5968,0.696,0.11,0.0,2.2072,0.7921,1.0,False
2025-0422#302,2025-08-07,Cincinnati Masters,M,R128,Hard,3,126239,Arthur Rinderknech,132686,Nuno Borges,70,38,0.6063,0.6883,0.1553,0.0,1.8625,0.7135,0.0,False
2025-0422#301,2025-08-07,Cincinnati Masters,M,R128,Hard,3,144869,Tomas Martin Etcheverry,209992,Juncheng Shang,58,110,0.6067,0.6378,0.3463,0.0,1.0606,0.4274,1.0,False
2025-0422#300,2025-08-07,Cincinnati Masters,M,R128,Hard,3,206681,Fabian Marozsan,212256,Colton Smith,51,138,0.6139,0.5976,0.5829,1.0,0.5398,0.174,1.0,False
2025-0422#299,2025-08-07,Cincinnati Masters,M,R128,Hard,3,126127,Benjamin Bonzi,208286,Matteo Arnaldi,63,37,0.6474,0.6077,0.6918,1.0,0.3685,0.095,0.0,False
2025-0422#298,2025-08-07,Cincinnati Masters,M,R128,Hard,3,207182,Emilio Nava,106432,Borna Coric,105,90,0.6436,0.6087,0.6704,1.0,0.3999,0.1086,0.0,False
2025-0422#297,2025-08-07,Cincinnati Masters,M,R128,Hard,3,200267,Zizou Bergs,207985,Jacob Fearnley,54,57,0.6277,0.5912,0.6802,1.0,0.3854,0.1023,1.0,False
2025-0422#296,2025-08-07,Cincinnati Masters,M,R128,Hard,3,211663,Joao Fonseca,207352,Bu Yunchaokete,52,75,0.6718,0.6219,0.7315,1.0,0.3126,0.0721,1.0,False
2025-0422#295,2025-08-07,Cincinnati Masters,M,R128,Hard,3,209279,Terence Atmane,106415,Yoshihito Nishioka,136,130,0.5957,0.6043,0.4559,0.0,0.7856,0.2961,0.0,False
2025-0422#294,2025-08-07,Cincinnati Masters,M,R128,Hard,3,106148,Roberto Carballes Baena,200384,Hugo Gaston,87,123,0.6036,0.5668,0.6847,1.0,0.3788,0.0994,1.0,False
2025-0422#293,2025-08-07,Cincinnati Masters,M,R128,Hard,3,209409,Coleman Wong,208659,Giovanni Mpetshi Perricard,177,42,0.8016,0.6984,0.8707,1.0,0.1384,0.0167,0.0,False
2025-0422#292,2025-08-07,Cincinnati Masters,M,R128,Hard,3,144895,Corentin Moutet,111456,Mackenzie Mcdonald,44,95,0.6015,0.5672,0.6729,1.0,0.3961,0.107,1.0,False
2025-0422#291,2025-08-07,Cincinnati Masters,M,R128,Hard,3,126128,Roman Safiullin,126214,Alejandro Tabilo,80,103,0.6516,0.5955,0.7614,1.0,0.2727,0.057,1.0,False
2025-0422#290,2025-08-07,Cincinnati Masters,M,R128,Hard,3,200116,Camilo Ugo Carabelli,105453,Kei Nishikori,47,65,0.5765,0.5986,0.3865,0.0,0.9506,0.3764,1.0,False
2025-0422#289,2025-08-07,Cincinnati Masters,M,R128,Hard,3,105138,Roberto Bautista Agut,127157,Daniel Altmaier,53,60,0.6404,0.5964,0.7122,1.0,0.3394,0.0828,1.0,False
2025-0422#288,2025-08-07,Cincinnati Masters,M,R128,Hard,3,207729,Tristan Boyer,200587,Brandon Holt,116,106,0.6139,0.6223,0.4572,0.0,0.7826,0.2946,0.0,False
2025-0422#287,2025-08-07,Cincinnati Masters,M,R128,Hard,3,200443,Adam Walton,208363,Mariano Navone,85,78,0.5775,0.618,0.3,0.0,1.204,0.49,0.0,False
2025-0422#286,2025-08-07,Cincinnati Masters,M,R128,Hard,3,208316,Valentin Royer,124116,Sebastian Ofner,104,141,0.656,0.6305,0.6243,1.0,0.4711,0.1411,1.0,False
2025-0422#285,2025-08-07,Cincinnati Masters,M,R128,Hard,3,202385,Jenson Brooksby,124186,Alexandre Muller,101,41,0.5857,0.5687,0.5883,1.0,0.5306,0.1695,0.0,False
2025-0422#284,2025-08-07,Cincinnati Masters,M,R128,Hard,3,210696,Alexander Blockx,106218,Marcos Giron,119,61,0.6056,0.633,0.3636,0.0,1.0118,0.4051,0.0,False
2025-0422#283,2025-08-07,Cincinnati Masters,M,R128,Hard,3,210460,Nishesh Basavareddy,126846,Aleksandar Vukic,109,94,0.6287,0.6962,0.2057,0.0,1.5813,0.6309,0.0,False
2025-0422#282,2025-08-07,Cincinnati Masters,M,R128,Hard,3,124187,Reilly Opelka,106198,Hugo Dellien,73,108,0.7245,0.7006,0.6081,1.0,0.4974,0.1536,1.0,False
2025-0422#281,2025-08-07,Cincinnati Masters,M,R128,Hard,3,207681,Francisco Comesana,144719,Jaume Munar,71,48,0.5885,0.6306,0.2947,0.0,1.2216,0.4974,0.0,False
2025-0422#280,2025-08-07,Cincinnati Masters,M,R128,Hard,3,212021,Martin Landaluce,200516,Patrick Kypson,142,212,0.5851,0.6699,0.1425,0.0,1.9483,0.7353,1.0,False
2025-0422#279,2025-08-07,Cincinnati Masters,M,R128,Hard,3,210530,Learner Tien,209857,Leandro Riedi,55,522,0.6078,0.5873,0.6047,1.0,0.503,0.1563,1.0,False
2025-0422#278,2025-08-07,Cincinnati Masters,M,R128,Hard,3,210319,Ethan Quinn,200175,Miomir Kecmanovic,82,49,0.609,0.6176,0.4562,0.0,0.7847,0.2957,0.0,False
2025-0422#277,2025-08-07,Cincinnati Masters,M,R128,Hard,3,208134,Luca Nardi,202058,Thiago Agustin Tirante,98,135,0.5425,0.6438,0.0948,0.0,2.3563,0.8194,1.0,False
2025-0422#276,2025-08-07,Cincinnati Masters,M,R128,Hard,3,209098,Hamad Medjedovic,206499,Aleksandar Kovacevic,72,67,0.6663,0.6237,0.7015,1.0,0.3546,0.0891,0.0,False
2025-0422#275,2025-08-07,Cincinnati Masters,M,R128,Hard,3,106000,Damir Dzumhur,208233,Mattia Bellucci,56,74,0.591,0.602,0.4433,0.0,0.8136,0.3099,1.0,False
2025-6242#385,2025-08-17,Winston-Salem,250,F,Hard,3,105916,Marton Fucsovics,122298,Botic Van De Zandschulp,94,92,0.6289,0.5856,0.7111,1.0,0.341,0.0835,0.0,False
2025-6242#384,2025-08-17,Winston-Salem,250,SF,Hard,3,122298,Botic Van De Zandschulp,208659,Giovanni Mpetshi Perricard,92,39,0.6849,0.6763,0.5406,1.0,0.6151,0.211,0.0,False
2025-6242#382,2025-08-17,Winston-Salem,250,QF,Hard,3,122298,Botic Van De Zandschulp,207352,Bu Yunchaokete,92,76,0.6044,0.6064,0.4897,0.0,0.7139,0.2604,0.0,False
2025-6242#381,2025-08-17,Winston-Salem,250,QF,Hard,3,208659,Giovanni Mpetshi Perricard,209098,Hamad Medjedovic,39,65,0.6672,0.7476,0.1767,0.0,1.7331,0.6778,1.0,False
2025-6242#380,2025-08-17,Winston-Salem,250,QF,Hard,3,200624,Sebastian Korda,200175,Miomir Kecmanovic,86,45,0.63,0.6269,0.5159,1.0,0.6618,0.2343,0.0,False
2025-6242#379,2025-08-17,Winston-Salem,250,QF,Hard,3,105916,Marton Fucsovics,144719,Jaume Munar,94,46,0.6023,0.602,0.5013,1.0,0.6905,0.2487,0.0,False
2025-6242#378,2025-08-17,Winston-Salem,250,R16,Hard,3,207352,Bu Yunchaokete,208363,Mariano Navone,76,74,0.5796,0.6165,0.3164,0.0,1.1507,0.4673,0.0,False
2025-6242#377,2025-08-17,Winston-Salem,250,R16,Hard,3,122298,Botic Van De Zandschulp,202104,Sebastian Baez,92,40,0.566,0.5517,0.5756,1.0,0.5523,0.1801,0.0,False
2025-6242#376,2025-08-17,Winston-Salem,250,R16,Hard,3,209098,Hamad Medjedovic,209113,Gabriel Diallo,65,33,0.6603,0.6503,0.5489,1.0,0.5998,0.2035,0.0,False
2025-6242#375,2025-08-17,Winston-Salem,250,R16,Hard,3,208659,Giovanni Mpetshi Perricard,124186,Alexandre Muller,39,38,0.6895,0.711,0.4012,0.0,0.9134,0.3586,0.0,False
2025-6242#374,2025-08-17,Winston-Salem,250,R16,Hard,3,200624,Sebastian Korda,111794,Kamil Majchrzak,86,78,0.6319,0.6309,0.5053,1.0,0.6825,0.2447,0.0,False
2025-6242#373,2025-08-17,Winston-Salem,250,R16,Hard,3,200175,Miomir Kecmanovic,209260,Luciano Darderi,45,34,0.6096,0.6012,0.543,1.0,0.6107,0.2089,0.0,False
2025-6242#372,2025-08-17,Winston-Salem,250,R16,Hard,3,144719,Jaume Munar,132283,Lorenzo Sonego,46,35,0.6456,0.6054,0.6945,1.0,0.3646,0.0933,0.0,False
2025-6242#371,2025-08-17,Winston-Salem,250,R16,Hard,3,105916,Marton Fucsovics,105138,Roberto Bautista Agut,94,47,0.6436,0.6158,0.6372,1.0,0.4507,0.1316,0.0,False
2025-6242#370,2025-08-17,Winston-Salem,250,R32,Hard,3,207352,Bu Yunchaokete,126774,Stefanos Tsitsipas,76,28,0.6575,0.6657,0.4598,0.0,0.7769,0.2918,0.0,False
2025-6242#369,2025-08-17,Winston-Salem,250,R32,Hard,3,208363,Mariano Navone,106218,Marcos Giron,74,55,0.6077,0.5739,0.6701,1.0,0.4003,0.1088,0.0,False
2025-6242#368,2025-08-17,Winston-Salem,250,R32,Hard,3,202104,Sebastian Baez,105807,Pablo Carreno Busta,40,113,0.5685,0.5635,0.5264,1.0,0.6417,0.2243,1.0,False
2025-6242#367,2025-08-17,Winston-Salem,250,R32,Hard,3,122298,Botic Van De Zandschulp,208286,Matteo Arnaldi,92,62,0.5972,0.6079,0.4451,0.0,0.8096,0.308,0.0,False
2025-6242#365,2025-08-17,Winston-Salem,250,R32,Hard,3,209098,Hamad Medjedovic,207985,Jacob Fearnley,65,59,0.645,0.59,0.7581,1.0,0.277,0.0585,0.0,False
2025-6242#364,2025-08-17,Winston-Salem,250,R32,Hard,3,208659,Giovanni Mpetshi Perricard,124079,Pedro Martinez,39,64,0.7264,0.6336,0.8658,1.0,0.1441,0.018,1.0,False
2025-6242#363,2025-08-17,Winston-Salem,250,R32,Hard,3,124186,Alexandre Muller,210464,Darwin Blanch,38,409,0.5883,0.6207,0.3383,0.0,1.0837,0.4378,1.0,False
2025-6242#362,2025-08-17,Winston-Salem,250,R32,Hard,3,111794,Kamil Majchrzak,132686,Nuno Borges,78,42,0.621,0.6223,0.4932,0.0,0.7068,0.2568,0.0,False
2025-6242#361,2025-08-17,Winston-Salem,250,R32,Hard,3,200624,Sebastian Korda,200240,Vit Kopriva,86,87,0.6217,0.5912,0.6523,1.0,0.4273,0.1209,1.0,False
2025-6242#360,2025-08-17,Winston-Salem,250,R32,Hard,3,200175,Miomir Kecmanovic,206499,Aleksandar Kovacevic,45,71,0.6625,0.6213,0.6958,1.0,0.3627,0.0926,1.0,False
2025-6242#359,2025-08-17,Winston-Salem,250,R32,Hard,3,209260,Luciano Darderi,111456,Mackenzie Mcdonald,34,102,0.6124,0.6073,0.5261,1.0,0.6422,0.2246,1.0,False
2025-6242#358,2025-08-17,Winston-Salem,250,R32,Hard,3,132283,Lorenzo Sonego,207969,Stefan Dostanic,35,412,0.6423,0.6468,0.4773,0.0,0.7397,0.2732,1.0,False
2025-6242#357,2025-08-17,Winston-Salem,250,R32,Hard,3,144719,Jaume Munar,208233,Mattia Bellucci,46,63,0.6339,0.5938,0.6961,1.0,0.3623,0.0924,1.0,False
2025-6242#356,2025-08-17,Winston-Salem,250,R32,Hard,3,105138,Roberto Bautista Agut,106331,Christopher Oconnell,47,79,0.6414,0.611,0.6497,1.0,0.4313,0.1227,1.0,True
2025-6242#355,2025-08-17,Winston-Salem,250,R32,Hard,3,105916,Marton Fucsovics,134868,Tallon Griekspoor,94,31,0.6532,0.6243,0.6409,1.0,0.4449,0.129,0.0,False
2025-6242#354,2025-08-17,Winston-Salem,250,R64,Hard,3,207352,Bu Yunchaokete,202358,Chun Hsin Tseng,76,119,0.6451,0.6074,0.6831,1.0,0.3812,0.1004,1.0,False
2025-6242#353,2025-08-17,Winston-Salem,250,R64,Hard,3,208363,Mariano Navone,202290,Dhakshineswar Suresh,74,645,0.597,0.5861,0.5565,1.0,0.5861,0.1967,1.0,False
2025-6242#352,2025-08-17,Winston-Salem,250,R64,Hard,3,105807,Pablo Carreno Busta,106415,Yoshihito Nishioka,113,149,0.6296,0.5921,0.6849,1.0,0.3785,0.0993,1.0,False
2025-6242#351,2025-08-17,Winston-Salem,250,R64,Hard,3,122298,Botic Van De Zandschulp,200443,Adam Walton,92,82,0.6128,0.6104,0.5124,1.0,0.6686,0.2377,0.0,False
2025-6242#350,2025-08-17,Winston-Salem,250,R64,Hard,3,210460,Nishesh Basavareddy,209920,Raphael Collignon,106,105,0.6087,0.6172,0.4567,0.0,0.7838,0.2952,0.0,False
2025-6242#349,2025-08-17,Winston-Salem,250,R64,Hard,3,209098,Hamad Medjedovic,126239,Arthur Rinderknech,65,77,0.6956,0.6291,0.7911,1.0,0.2343,0.0436,1.0,False
2025-6242#348,2025-08-17,Winston-Salem,250,R64,Hard,3,124079,Pedro Martinez,105676,David Goffin,64,68,0.5485,0.6023,0.2397,0.0,1.4284,0.5781,1.0,False
2025-6242#347,2025-08-17,Winston-Salem,250,R64,Hard,3,210464,Darwin Blanch,106432,Borna Coric,409,104,0.6483,0.6028,0.7174,1.0,0.3321,0.0799,0.0,False
2025-6242#346,2025-08-17,Winston-Salem,250,R64,Hard,3,111794,Kamil Majchrzak,111797,Nicolas Jarry,78,103,0.7072,0.6445,0.7742,1.0,0.256,0.051,1.0,False
2025-6242#345,2025-08-17,Winston-Salem,250,R64,Hard,3,200240,Vit Kopriva,124116,Sebastian Ofner,87,141,0.614,0.6279,0.4296,0.0,0.8449,0.3253,1.0,False
2025-6242#344,2025-08-17,Winston-Salem,250,R64,Hard,3,206499,Aleksandar Kovacevic,209209,Filip Misolic,71,95,0.6362,0.6418,0.4723,0.0,0.7502,0.2785,1.0,False
2025-6242#343,2025-08-17,Winston-Salem,250,R64,Hard,3,111456,Mackenzie Mcdonald,200587,Brandon Holt,102,111,0.6176,0.59,0.6393,1.0,0.4473,0.1301,1.0,False
2025-6242#342,2025-08-17,Winston-Salem,250,R64,Hard,3,207969,Stefan Dostanic,126846,Aleksandar Vukic,412,93,0.6779,0.6356,0.6976,1.0,0.3601,0.0914,0.0,False
2025-6242#341,2025-08-17,Winston-Salem,250,R64,Hard,3,208233,Mattia Bellucci,207681,Francisco Comesana,63,54,0.6305,0.6477,0.4149,0.0,0.8798,0.3424,0.0,False
2025-6242#340,2025-08-17,Winston-Salem,250,R64,Hard,3,106331,Christopher Oconnell,126128,Roman Safiullin,79,90,0.5927,0.6565,0.2098,0.0,1.5616,0.6244,1.0,False
2025-6242#339,2025-08-17,Winston-Salem,250,R64,Hard,3,105916,Marton Fucsovics,200384,Hugo Gaston,94,125,0.6337,0.5442,0.8777,1.0,0.1305,0.015,1.0,False
2025-560#100,2025-08-25,Us Open,G,R128,Hard,5,206173,Jannik Sinner,200240,Vit Kopriva,1,89,0.6816,0.5039,0.9979,1.0,0.0021,0.0,1.0,False
2025-560#101,2025-08-25,Us Open,G,R128,Hard,5,200615,Alexei Popyrin,200325,Emil Ruusuvuori,36,752,0.6333,0.6543,0.3718,0.0,0.9895,0.3947,1.0,False
2025-560#102,2025-08-25,Us Open,G,R128,Hard,5,208316,Valentin Royer,207352,Bu Yunchaokete,98,74,0.65,0.6289,0.6295,1.0,0.4629,0.1373,0.0,False
2025-560#103,2025-08-25,Us Open,G,R128,Hard,5,133430,Denis Shapovalov,105916,Marton Fucsovics,29,63,0.6322,0.5925,0.738,1.0,0.3038,0.0686,1.0,False
2025-560#104,2025-08-25,Us Open,G,R128,Hard,5,122330,Alexander Bublik,105227,Marin Cilic,24,62,0.5962,0.665,0.139,0.0,1.9733,0.7413,1.0,False
2025-560#105,2025-08-25,Us Open,G,R128,Hard,5,209262,Tristan Schoolkate,132283,Lorenzo Sonego,96,46,0.6408,0.643,0.4862,0.0,0.7211,0.264,0.0,False
2025-560#106,2025-08-25,Us Open,G,R128,Hard,5,132686,Nuno Borges,200587,Brandon Holt,41,110,0.6566,0.5988,0.8201,1.0,0.1984,0.0324,1.0,False
2025-560#107,2025-08-25,Us Open,G,R128,Hard,5,126205,Tommy Paul,209284,Elmer Moller,14,109,0.623,0.5296,0.9372,1.0,0.0648,0.0039,1.0,False
2025-560#108,2025-08-25,Us Open,G,R128,Hard,5,207518,Lorenzo Musetti,208659,Giovanni Mpetshi Perricard,10,37,0.7733,0.656,0.9544,1.0,0.0466,0.0021,1.0,False
2025-560#109,2025-08-25,Us Open,G,R128,Hard,5,105676,David Goffin,111460,Quentin Halys,80,70,0.6233,0.6421,0.3837,0.0,0.9579,0.3798,0.0,False
2025-560#110,2025-08-25,Us Open,G,R128,Hard,5,202385,Jenson Brooksby,126846,Aleksandar Vukic,92,95,0.6605,0.6208,0.7324,1.0,0.3114,0.0716,1.0,False
2025-560#111,2025-08-25,Us Open,G,R128,Hard,5,207925,Flavio Cobolli,208859,Francesco Passaro,26,120,0.6079,0.5758,0.6995,1.0,0.3575,0.0903,1.0,False
2025-560#112,2025-08-25,Us Open,G,R128,Hard,5,209113,Gabriel Diallo,106000,Damir Dzumhur,33,61,0.599,0.5909,0.5525,1.0,0.5933,0.2002,1.0,False
2025-560#113,2025-08-25,Us Open,G,R128,Hard,5,144719,Jaume Munar,210262,Jaime Faria,44,117,0.6364,0.5839,0.8003,1.0,0.2228,0.0399,1.0,False
2025-560#114,2025-08-25,Us Open,G,R128,Hard,5,200267,Zizou Bergs,202358,Chun Hsin Tseng,48,118,0.6383,0.59,0.7801,1.0,0.2483,0.0484,1.0,False
2025-560#115,2025-08-25,Us Open,G,R128,Hard,5,207733,Jack Draper,144870,Federico Agustin Gomez,5,203,0.7086,0.5772,0.9792,1.0,0.021,0.0004,1.0,False
2025-560#116,2025-08-25,Us Open,G,R128,Hard,5,100644,Alexander Zverev,126214,Alejandro Tabilo,3,122,0.7244,0.5548,0.9957,1.0,0.0043,0.0,1.0,False
2025-560#117,2025-08-25,Us Open,G,R128,Hard,5,207985,Jacob Fearnley,105138,Roberto Bautista Agut,60,47,0.5695,0.592,0.3558,0.0,1.0333,0.415,0.0,False
2025-560#118,2025-08-25,Us Open,G,R128,Hard,5,126128,Roman Safiullin,104792,Gael Monfils,94,49,0.6298,0.6736,0.2493,0.0,1.389,0.5635,0.0,False
2025-560#119,2025-08-25,Us Open,G,R128,Hard,5,200000,Felix Auger Aliassime,126129,Billy Harris,27,151,0.7017,0.5948,0.951,1.0,0.0502,0.0024,1.0,False
2025-560#120,2025-08-25,Us Open,G,R128,Hard,5,200443,Adam Walton,200005,Ugo Humbert,85,23,0.6218,0.6669,0.2412,0.0,1.422,0.5757,0.0,False
2025-560#121,2025-08-25,Us Open,G,R128,Hard,5,209409,Coleman Wong,206499,Aleksandar Kovacevic,173,71,0.7194,0.6587,0.816,1.0,0.2034,0.0339,0.0,False
2025-560#122,2025-08-25,Us Open,G,R128,Hard,5,207729,Tristan Boyer,105902,James Duckworth,113,106,0.6274,0.6331,0.4639,0.0,0.768,0.2874,0.0,False
2025-560#123,2025-08-25,Us Open,G,R128,Hard,5,126094,Andrey Rublev,209976,Dino Prizmic,15,124,0.6121,0.6126,0.4971,0.0,0.699,0.2529,1.0,False
2025-560#124,2025-08-25,Us Open,G,R128,Hard,5,111575,Karen Khachanov,210460,Nishesh Basavareddy,9,104,0.6652,0.5527,0.9642,1.0,0.0364,0.0013,1.0,False
2025-560#125,2025-08-25,Us Open,G,R128,Hard,5,111794,Kamil Majchrzak,106198,Hugo Dellien,76,121,0.6636,0.5811,0.9048,1.0,0.1,0.0091,1.0,False
2025-560#126,2025-08-25,Us Open,G,R128,Hard,5,209857,Leandro Riedi,124079,Pedro Martinez,435,66,0.6014,0.5815,0.627,1.0,0.4668,0.1391,0.0,False
2025-560#127,2025-08-25,Us Open,G,R128,Hard,5,202103,Francisco Cerundolo,208286,Matteo Arnaldi,19,64,0.6281,0.5783,0.7894,1.0,0.2365,0.0443,1.0,False
2025-560#128,2025-08-25,Us Open,G,R128,Hard,5,126774,Stefanos Tsitsipas,124186,Alexandre Muller,28,38,0.6524,0.6286,0.6453,1.0,0.438,0.1258,1.0,False
2025-560#129,2025-08-25,Us Open,G,R128,Hard,5,127157,Daniel Altmaier,209098,Hamad Medjedovic,56,57,0.6118,0.6799,0.1451,0.0,1.9307,0.7309,1.0,False
2025-560#130,2025-08-25,Us Open,G,R128,Hard,5,208278,Shintaro Mochizuki,200384,Hugo Gaston,112,125,0.5951,0.5697,0.6611,1.0,0.4138,0.1148,1.0,False
2025-560#131,2025-08-25,Us Open,G,R128,Hard,5,200282,Alex De Minaur,106331,Christopher Oconnell,8,81,0.6682,0.5234,0.9902,1.0,0.0098,0.0001,1.0,False
2025-560#132,2025-08-25,Us Open,G,R128,Hard,5,104925,Novak Djokovic,210530,Learner Tien,7,50,0.6822,0.5382,0.9892,1.0,0.0109,0.0001,1.0,False
2025-560#133,2025-08-25,Us Open,G,R128,Hard,5,208260,Zachary Svajda,200436,Zsombor Piros,145,156,0.5865,0.6367,0.2102,0.0,1.5596,0.6237,1.0,False
2025-560#134,2025-08-25,Us Open,G,R128,Hard,5,111815,Cameron Norrie,200624,Sebastian Korda,35,75,0.6224,0.6432,0.3716,0.0,0.9899,0.3949,1.0,True
2025-560#135,2025-08-25,Us Open,G,R128,Hard,5,207681,Francisco Comesana,210506,Alex Michelsen,54,32,0.6244,0.6299,0.4654,0.0,0.7648,0.2858,0.0,False
2025-560#136,2025-08-25,Us Open,G,R128,Hard,5,126207,Frances Tiafoe,106415,Yoshihito Nishioka,17,149,0.6687,0.5898,0.8935,1.0,0.1126,0.0113,1.0,False
2025-560#137,2025-08-25,Us Open,G,R128,Hard,5,102093,Martin Damm,210464,Darwin Blanch,431,364,0.6641,0.6312,0.6953,1.0,0.3634,0.0928,0.0,False
2025-560#138,2025-08-25,Us Open,G,R128,Hard,5,105526,Jan Lennard Struff,111456,Mackenzie Mcdonald,144,100,0.6545,0.6433,0.5689,1.0,0.5641,0.1859,0.0,False
2025-560#139,2025-08-25,Us Open,G,R128,Hard,5,208029,Holger Rune,122298,Botic Van De Zandschulp,11,73,0.6087,0.618,0.4403,0.0,0.8202,0.3132,1.0,False
2025-560#140,2025-08-25,Us Open,G,R128,Hard,5,210150,Jakub Mensik,111797,Nicolas Jarry,16,102,0.6912,0.6237,0.8501,1.0,0.1624,0.0225,1.0,False
2025-560#141,2025-08-25,Us Open,G,R128,Hard,5,200259,Ugo Blanchet,206681,Fabian Marozsan,184,53,0.5932,0.6139,0.3688,0.0,0.9975,0.3984,0.0,False
2025-560#142,2025-08-25,Us Open,G,R128,Hard,5,211663,Joao Fonseca,200175,Miomir Kecmanovic,45,42,0.6195,0.6164,0.5197,1.0,0.6545,0.2307,0.0,False
2025-560#143,2025-08-25,Us Open,G,R128,Hard,5,207830,Tomas Machac,208134,Luca Nardi,22,86,0.6404,0.5855,0.8105,1.0,0.2101,0.0359,1.0,False
2025-560#144,2025-08-25,Us Open,G,R128,Hard,5,206909,Brandon Nakashima,207411,Jesper De Jong,31,83,0.6591,0.6566,0.515,1.0,0.6636,0.2352,1.0,False
2025-560#145,2025-08-25,Us Open,G,R128,Hard,5,208843,Jerome Kym,210319,Ethan Quinn,175,84,0.6582,0.648,0.5625,1.0,0.5753,0.1914,0.0,False
2025-560#146,2025-08-25,Us Open,G,R128,Hard,5,144750,Lloyd Harris,202104,Sebastian Baez,353,39,0.6116,0.6513,0.2654,0.0,1.3265,0.5396,0.0,False
2025-560#147,2025-08-25,Us Open,G,R128,Hard,5,126203,Taylor Fritz,207182,Emilio Nava,4,101,0.704,0.6125,0.9196,1.0,0.0839,0.0065,1.0,False
2025-560#148,2025-08-25,Us Open,G,R128,Hard,5,210097,Ben Shelton,209860,Ignacio Buse,6,135,0.6797,0.6629,0.6004,1.0,0.5101,0.1597,1.0,False
2025-560#149,2025-08-25,Us Open,G,R128,Hard,5,105807,Pablo Carreno Busta,208010,Pablo Llamas Ruiz,137,361,0.5685,0.5999,0.3036,0.0,1.1921,0.485,1.0,False
2025-560#150,2025-08-25,Us Open,G,R128,Hard,5,111442,Jordan Thompson,144895,Corentin Moutet,58,40,0.6208,0.6233,0.4837,0.0,0.7263,0.2666,0.0,False
2025-560#151,2025-08-25,Us Open,G,R128,Hard,5,105173,Adrian Mannarino,134868,Tallon Griekspoor,77,30,0.6337,0.6525,0.3849,0.0,0.9548,0.3784,0.0,False
2025-560#152,2025-08-25,Us Open,G,R128,Hard,5,208103,Jiri Lehecka,106432,Borna Coric,21,105,0.6937,0.6016,0.9233,1.0,0.0799,0.0059,1.0,False
2025-560#153,2025-08-25,Us Open,G,R128,Hard,5,144869,Tomas Martin Etcheverry,200116,Camilo Ugo Carabelli,59,43,0.618,0.5856,0.6995,1.0,0.3573,0.0903,0.0,False
2025-560#154,2025-08-25,Us Open,G,R128,Hard,5,209920,Raphael Collignon,123755,Daniel Elahi Galan,107,131,0.5977,0.6269,0.3199,0.0,1.1399,0.4626,1.0,False
2025-560#155,2025-08-25,Us Open,G,R128,Hard,5,134770,Casper Ruud,124116,Sebastian Ofner,12,140,0.671,0.6236,0.7691,1.0,0.2625,0.0533,1.0,False
2025-560#156,2025-08-25,Us Open,G,R128,Hard,5,126127,Benjamin Bonzi,106421,Daniil Medvedev,51,13,0.5797,0.6091,0.316,0.0,1.1519,0.4678,0.0,False
2025-560#157,2025-08-25,Us Open,G,R128,Hard,5,106218,Marcos Giron,208363,Mariano Navone,55,78,0.566,0.6118,0.2273,0.0,1.4813,0.597,1.0,False
2025-560#158,2025-08-25,Us Open,G,R128,Hard,5,126239,Arthur Rinderknech,106148,Roberto Carballes Baena,82,87,0.6248,0.6493,0.3503,0.0,1.049,0.4221,1.0,False
2025-560#159,2025-08-25,Us Open,G,R128,Hard,5,200221,Alejandro Davidovich Fokina,207686,Alexander Shevchenko,18,91,0.6139,0.5482,0.8595,1.0,0.1514,0.0198,1.0,False
2025-560#160,2025-08-25,Us Open,G,R128,Hard,5,209260,Luciano Darderi,208014,Rinky Hijikata,34,103,0.6246,0.5714,0.806,1.0,0.2156,0.0376,1.0,False
2025-560#161,2025-08-25,Us Open,G,R128,Hard,5,208118,Eliot Spizzirri,207969,Stefan Dostanic,127,389,0.5646,0.6123,0.2182,0.0,1.5225,0.6113,1.0,False
2025-560#162,2025-08-25,Us Open,G,R128,Hard,5,208233,Mattia Bellucci,209992,Juncheng Shang,65,111,0.6136,0.6368,0.3561,0.0,1.0325,0.4146,1.0,True
2025-560#163,2025-08-25,Us Open,G,R128,Hard,5,207989,Carlos Alcaraz,124187,Reilly Opelka,2,67,0.7863,0.5598,0.9996,1.0,0.0004,0.0,1.0,False
2025-560#164,2025-08-25,Us Open,G,R64,Hard,5,206173,Jannik Sinner,200615,Alexei Popyrin,1,36,0.7679,0.4866,1.0,1.0,0.0,0.0,1.0,False
2025-560#165,2025-08-25,Us Open,G,R64,Hard,5,133430,Denis Shapovalov,208316,Valentin Royer,29,98,0.6444,0.6082,0.7168,1.0,0.3329,0.0802,1.0,False
2025-560#166,2025-08-25,Us Open,G,R64,Hard,5,122330,Alexander Bublik,209262,Tristan Schoolkate,24,96,0.6659,0.6602,0.5348,1.0,0.6259,0.2164,1.0,False
2025-560#167,2025-08-25,Us Open,G,R64,Hard,5,126205,Tommy Paul,132686,Nuno Borges,14,41,0.6617,0.5729,0.9214,1.0,0.0818,0.0062,1.0,False
2025-560#168,2025-08-25,Us Open,G,R64,Hard,5,207518,Lorenzo Musetti,105676,David Goffin,10,80,0.5962,0.5589,0.7302,1.0,0.3144,0.0728,1.0,False
2025-560#169,2025-08-25,Us Open,G,R64,Hard,5,207925,Flavio Cobolli,202385,Jenson Brooksby,26,92,0.569,0.5565,0.5821,1.0,0.5411,0.1746,1.0,False
2025-560#170,2025-08-25,Us Open,G,R64,Hard,5,144719,Jaume Munar,209113,Gabriel Diallo,44,33,0.6386,0.5962,0.7506,1.0,0.2869,0.0622,0.0,False
2025-560#172,2025-08-25,Us Open,G,R64,Hard,5,100644,Alexander Zverev,207985,Jacob Fearnley,3,60,0.664,0.5677,0.9378,1.0,0.0642,0.0039,1.0,False
2025-560#173,2025-08-25,Us Open,G,R64,Hard,5,200000,Felix Auger Aliassime,126128,Roman Safiullin,27,94,0.6662,0.6284,0.7216,1.0,0.3263,0.0775,1.0,False
2025-560#174,2025-08-25,Us Open,G,R64,Hard,5,209409,Coleman Wong,200443,Adam Walton,173,85,0.6667,0.68,0.4203,0.0,0.8668,0.336,0.0,False
2025-560#175,2025-08-25,Us Open,G,R64,Hard,5,126094,Andrey Rublev,207729,Tristan Boyer,15,113,0.6943,0.5909,0.9461,1.0,0.0554,0.0029,1.0,False
2025-560#176,2025-08-25,Us Open,G,R64,Hard,5,111794,Kamil Majchrzak,111575,Karen Khachanov,76,9,0.6173,0.6542,0.2813,0.0,1.2684,0.5165,0.0,False
2025-560#177,2025-08-25,Us Open,G,R64,Hard,5,209857,Leandro Riedi,202103,Francisco Cerundolo,435,19,0.5785,0.6383,0.1682,0.0,1.7826,0.6919,0.0,False
2025-560#178,2025-08-25,Us Open,G,R64,Hard,5,127157,Daniel Altmaier,126774,Stefanos Tsitsipas,56,28,0.6446,0.6687,0.3555,0.0,1.0341,0.4153,0.0,False
2025-560#179,2025-08-25,Us Open,G,R64,Hard,5,200282,Alex De Minaur,208278,Shintaro Mochizuki,8,112,0.622,0.5342,0.925,1.0,0.0779,0.0056,1.0,False
2025-560#180,2025-08-25,Us Open,G,R64,Hard,5,104925,Novak Djokovic,208260,Zachary Svajda,7,145,0.6979,0.5507,0.9898,1.0,0.0102,0.0001,1.0,False
2025-560#181,2025-08-25,Us Open,G,R64,Hard,5,111815,Cameron Norrie,207681,Francisco Comesana,35,54,0.6276,0.619,0.5547,1.0,0.5893,0.1983,1.0,False
2025-560#182,2025-08-25,Us Open,G,R64,Hard,5,126207,Frances Tiafoe,102093,Martin Damm,17,431,0.6426,0.6283,0.5891,1.0,0.5292,0.1689,1.0,False
2025-560#183,2025-08-25,Us Open,G,R64,Hard,5,105526,Jan Lennard Struff,208029,Holger Rune,144,11,0.6287,0.6663,0.2794,0.0,1.2753,0.5193,0.0,False
2025-560#184,2025-08-25,Us Open,G,R64,Hard,5,200259,Ugo Blanchet,210150,Jakub Mensik,184,16,0.6106,0.6743,0.1602,0.0,1.8311,0.7052,0.0,False
2025-560#185,2025-08-25,Us Open,G,R64,Hard,5,207830,Tomas Machac,211663,Joao Fonseca,22,45,0.6483,0.6331,0.5942,1.0,0.5205,0.1646,1.0,False
2025-560#186,2025-08-25,Us Open,G,R64,Hard,5,208843,Jerome Kym,206909,Brandon Nakashima,175,31,0.6815,0.7129,0.3217,0.0,1.1341,0.4601,0.0,False
2025-560#187,2025-08-25,Us Open,G,R64,Hard,5,126203,Taylor Fritz,144750,Lloyd Harris,4,353,0.7643,0.6138,0.9869,1.0,0.0131,0.0002,1.0,False
2025-560#188,2025-08-25,Us Open,G,R64,Hard,5,210097,Ben Shelton,105807,Pablo Carreno Busta,6,137,0.6825,0.661,0.6278,1.0,0.4656,0.1386,1.0,False
2025-560#189,2025-08-25,Us Open,G,R64,Hard,5,105173,Adrian Mannarino,111442,Jordan Thompson,77,58,0.6403,0.6495,0.4429,0.0,0.8145,0.3104,0.0,False
2025-560#190,2025-08-25,Us Open,G,R64,Hard,5,208103,Jiri Lehecka,144869,Tomas Martin Etcheverry,21,59,0.6662,0.6203,0.763,1.0,0.2704,0.0561,1.0,False
2025-560#191,2025-08-25,Us Open,G,R64,Hard,5,209920,Raphael Collignon,134770,Casper Ruud,107,12,0.551,0.6658,0.033,0.0,3.4106,0.935,0.0,False
2025-560#192,2025-08-25,Us Open,G,R64,Hard,5,126127,Benjamin Bonzi,106218,Marcos Giron,51,55,0.6537,0.6307,0.6402,1.0,0.446,0.1295,1.0,False
2025-560#193,2025-08-25,Us Open,G,R64,Hard,5,126239,Arthur Rinderknech,200221,Alejandro Davidovich Fokina,82,18,0.5964,0.6944,0.0642,0.0,2.7451,0.8756,0.0,False
2025-560#194,2025-08-25,Us Open,G,R64,Hard,5,209260,Luciano Darderi,208118,Eliot Spizzirri,34,127,0.5989,0.5651,0.7108,1.0,0.3414,0.0837,1.0,False
2025-560#195,2025-08-25,Us Open,G,R64,Hard,5,207989,Carlos Alcaraz,208233,Mattia Bellucci,2,65,0.6917,0.5401,0.9919,1.0,0.0081,0.0001,1.0,False
2025-560#196,2025-08-25,Us Open,G,R32,Hard,5,206173,Jannik Sinner,133430,Denis Shapovalov,1,29,0.625,0.5942,0.6899,1.0,0.3711,0.0961,1.0,False
2025-560#197,2025-08-25,Us Open,G,R32,Hard,5,122330,Alexander Bublik,126205,Tommy Paul,24,14,0.5992,0.6823,0.0974,0.0,2.3291,0.8147,0.0,False
2025-560#198,2025-08-25,Us Open,G,R32,Hard,5,207518,Lorenzo Musetti,207925,Flavio Cobolli,10,26,0.5699,0.5525,0.6134,1.0,0.4887,0.1495,1.0,True
2025-560#199,2025-08-25,Us Open,G,R32,Hard,5,144719,Jaume Munar,200267,Zizou Bergs,44,48,0.6158,0.5981,0.6121,1.0,0.4908,0.1504,1.0,False
2025-560#200,2025-08-25,Us Open,G,R32,Hard,5,200000,Felix Auger Aliassime,100644,Alexander Zverev,27,3,0.5903,0.7015,0.0423,0.0,3.1628,0.9172,0.0,False
2025-560#201,2025-08-25,Us Open,G,R32,Hard,5,126094,Andrey Rublev,209409,Coleman Wong,15,173,0.7072,0.65,0.8047,1.0,0.2172,0.0381,1.0,False
2025-560#202,2025-08-25,Us Open,G,R32,Hard,5,209857,Leandro Riedi,111794,Kamil Majchrzak,435,76,0.5925,0.682,0.0804,0.0,2.5207,0.8457,0.0,True
2025-560#203,2025-08-25,Us Open,G,R32,Hard,5,200282,Alex De Minaur,127157,Daniel Altmaier,8,56,0.6668,0.5358,0.9825,1.0,0.0177,0.0003,1.0,True
2025-560#204,2025-08-25,Us Open,G,R32,Hard,5,104925,Novak Djokovic,111815,Cameron Norrie,7,35,0.7041,0.5715,0.9806,1.0,0.0196,0.0004,1.0,False
2025-560#205,2025-08-25,Us Open,G,R32,Hard,5,105526,Jan Lennard Struff,126207,Frances Tiafoe,144,17,0.5935,0.6845,0.0773,0.0,2.5595,0.8513,0.0,False
2025-560#206,2025-08-25,Us Open,G,R32,Hard,5,207830,Tomas Machac,200259,Ugo Blanchet,22,184,0.6384,0.5994,0.7333,1.0,0.3102,0.0711,1.0,False
2025-560#207,2025-08-25,Us Open,G,R32,Hard,5,126203,Taylor Fritz,208843,Jerome Kym,4,175,0.7191,0.6824,0.705,1.0,0.3495,0.087,1.0,False
2025-560#208,2025-08-25,Us Open,G,R32,Hard,5,105173,Adrian Mannarino,210097,Ben Shelton,77,6,0.641,0.6724,0.3146,0.0,1.1565,0.4698,0.0,True
2025-560#209,2025-08-25,Us Open,G,R32,Hard,5,208103,Jiri Lehecka,209920,Raphael Collignon,21,107,0.6766,0.5895,0.9145,1.0,0.0894,0.0073,1.0,False
2025-560#210,2025-08-25,Us Open,G,R32,Hard,5,126239,Arthur Rinderknech,126127,Benjamin Bonzi,82,51,0.6353,0.7068,0.1397,0.0,1.9685,0.7402,0.0,False
2025-560#211,2025-08-25,Us Open,G,R32,Hard,5,207989,Carlos Alcaraz,209260,Luciano Darderi,2,34,0.6978,0.5394,0.9939,1.0,0.0061,0.0,1.0,False
2025-560#212,2025-08-25,Us Open,G,R16,Hard,5,206173,Jannik Sinner,122330,Alexander Bublik,1,24,0.7393,0.5477,0.9984,1.0,0.0016,0.0,1.0,False
2025-560#213,2025-08-25,Us Open,G,R16,Hard,5,207518,Lorenzo Musetti,144719,Jaume Munar,10,44,0.5623,0.5787,0.3935,0.0,0.9326,0.3678,1.0,False
2025-560#214,2025-08-25,Us Open,G,R16,Hard,5,200000,Felix Auger Aliassime,126094,Andrey Rublev,27,15,0.6323,0.6537,0.3694,0.0,0.9959,0.3977,0.0,False
2025-560#215,2025-08-25,Us Open,G,R16,Hard,5,200282,Alex De Minaur,209857,Leandro Riedi,8,435,0.6562,0.5556,0.947,1.0,0.0545,0.0028,1.0,False
2025-560#216,2025-08-25,Us Open,G,R16,Hard,5,104925,Novak Djokovic,105526,Jan Lennard Struff,7,144,0.7621,0.53,0.9998,1.0,0.0002,0.0,1.0,False
2025-560#217,2025-08-25,Us Open,G,R16,Hard,5,126203,Taylor Fritz,207830,Tomas Machac,4,22,0.6538,0.6502,0.5221,1.0,0.6499,0.2284,1.0,False
2025-560#218,2025-08-25,Us Open,G,R16,Hard,5,208103,Jiri Lehecka,105173,Adrian Mannarino,21,77,0.6518,0.6502,0.5101,1.0,0.6732,0.24,1.0,False
2025-560#219,2025-08-25,Us Open,G,R16,Hard,5,207989,Carlos Alcaraz,126239,Arthur Rinderknech,2,82,0.7469,0.5273,0.9997,1.0,0.0003,0.0,1.0,False
2025-560#220,2025-08-25,Us Open,G,QF,Hard,5,206173,Jannik Sinner,207518,Lorenzo Musetti,1,10,0.671,0.5599,0.9618,1.0,0.0389,0.0015,1.0,False
2025-560#221,2025-08-25,Us Open,G,QF,Hard,5,200000,Felix Auger Aliassime,200282,Alex De Minaur,27,8,0.5906,0.6842,0.0716,0.0,2.6361,0.8618,0.0,False
2025-560#222,2025-08-25,Us Open,G,QF,Hard,5,104925,Novak Djokovic,126203,Taylor Fritz,7,4,0.6662,0.6325,0.6996,1.0,0.3572,0.0902,0.0,False
2025-560#223,2025-08-25,Us Open,G,QF,Hard,5,207989,Carlos Alcaraz,208103,Jiri Lehecka,2,21,0.7127,0.5666,0.9884,1.0,0.0116,0.0001,1.0,False
2025-560#224,2025-08-25,Us Open,G,SF,Hard,5,206173,Jannik Sinner,200000,Felix Auger Aliassime,1,27,0.7303,0.5232,0.9994,1.0,0.0006,0.0,1.0,False
2025-560#225,2025-08-25,Us Open,G,SF,Hard,5,207989,Carlos Alcaraz,104925,Novak Djokovic,2,7,0.6603,0.5926,0.8583,1.0,0.1527,0.0201,1.0,False
2025-560#226,2025-08-25,Us Open,G,F,Hard,5,207989,Carlos Alcaraz,206173,Jannik Sinner,2,1,0.6122,0.5955,0.6065,1.0,0.5001,0.1549,0.0,False
2025-4713#385,2025-09-17,Hangzhou,250,F,Hard,3,122330,Alexander Bublik,208316,Valentin Royer,19,88,0.6519,0.6499,0.5098,1.0,0.6736,0.2403,1.0,False
2025-4713#384,2025-09-17,Hangzhou,250,SF,Hard,3,208316,Valentin Royer,144895,Corentin Moutet,88,39,0.6036,0.5995,0.5209,1.0,0.6522,0.2295,0.0,False
2025-4713#383,2025-09-17,Hangzhou,250,SF,Hard,3,122330,Alexander Bublik,200059,Yibing Wu,19,196,0.6468,0.6358,0.5545,1.0,0.5898,0.1985,1.0,False
2025-4713#382,2025-09-17,Hangzhou,250,QF,Hard,3,208316,Valentin Royer,210530,Learner Tien,88,54,0.6272,0.5912,0.6782,1.0,0.3883,0.1035,0.0,False
2025-4713#381,2025-09-17,Hangzhou,250,QF,Hard,3,144895,Corentin Moutet,144869,Tomas Martin Etcheverry,39,63,0.6117,0.6084,0.517,1.0,0.6597,0.2333,1.0,True
2025-4713#380,2025-09-17,Hangzhou,250,QF,Hard,3,122330,Alexander Bublik,207494,Dalibor Svrcina,19,99,0.6951,0.6097,0.8533,1.0,0.1587,0.0215,1.0,False
2025-4713#379,2025-09-17,Hangzhou,250,QF,Hard,3,200059,Yibing Wu,106421,Daniil Medvedev,196,18,0.5847,0.6374,0.2498,0.0,1.3869,0.5627,0.0,False
2025-4713#378,2025-09-17,Hangzhou,250,R16,Hard,3,208316,Valentin Royer,126094,Andrey Rublev,88,14,0.619,0.6615,0.2981,0.0,1.2103,0.4926,0.0,False
2025-4713#377,2025-09-17,Hangzhou,250,R16,Hard,3,210530,Learner Tien,206748,Giulio Zeppieri,54,169,0.6093,0.6104,0.4944,0.0,0.7044,0.2556,1.0,False
2025-4713#376,2025-09-17,Hangzhou,250,R16,Hard,3,144895,Corentin Moutet,209070,Arthur Cazaux,39,84,0.6224,0.6103,0.561,1.0,0.578,0.1927,1.0,False
2025-4713#375,2025-09-17,Hangzhou,250,R16,Hard,3,144869,Tomas Martin Etcheverry,208014,Rinky Hijikata,63,111,0.6695,0.5872,0.8499,1.0,0.1626,0.0225,1.0,False
2025-4713#374,2025-09-17,Hangzhou,250,R16,Hard,3,207494,Dalibor Svrcina,111190,Zhizhen Zhang,99,192,0.6141,0.6662,0.2577,0.0,1.3561,0.5511,1.0,False
2025-4713#373,2025-09-17,Hangzhou,250,R16,Hard,3,122330,Alexander Bublik,126846,Aleksandar Vukic,19,93,0.621,0.6304,0.4528,0.0,0.7923,0.2994,1.0,False
2025-4713#372,2025-09-17,Hangzhou,250,R16,Hard,3,200059,Yibing Wu,200624,Sebastian Korda,196,79,0.6291,0.6487,0.4033,0.0,0.908,0.356,0.0,False
2025-4713#371,2025-09-17,Hangzhou,250,R16,Hard,3,106421,Daniil Medvedev,210460,Nishesh Basavareddy,18,109,0.6676,0.5445,0.9426,1.0,0.0591,0.0033,1.0,False
2025-4713#370,2025-09-17,Hangzhou,250,R32,Hard,3,208316,Valentin Royer,206499,Aleksandar Kovacevic,88,69,0.6616,0.6302,0.6516,1.0,0.4283,0.1214,0.0,False
2025-4713#369,2025-09-17,Hangzhou,250,R32,Hard,3,206748,Giulio Zeppieri,111806,Fajing Sun,169,236,0.622,0.6809,0.2338,0.0,1.4531,0.587,1.0,False
2025-4713#368,2025-09-17,Hangzhou,250,R32,Hard,3,210530,Learner Tien,208363,Mariano Navone,54,82,0.559,0.5759,0.4116,0.0,0.8877,0.3462,1.0,False
2025-4713#367,2025-09-17,Hangzhou,250,R32,Hard,3,209070,Arthur Cazaux,208286,Matteo Arnaldi,84,73,0.6469,0.6284,0.5914,1.0,0.5253,0.167,0.0,False
2025-4713#366,2025-09-17,Hangzhou,250,R32,Hard,3,144869,Tomas Martin Etcheverry,106000,Damir Dzumhur,63,68,0.6016,0.5987,0.5148,1.0,0.664,0.2354,1.0,False
2025-4713#365,2025-09-17,Hangzhou,250,R32,Hard,3,208014,Rinky Hijikata,200116,Camilo Ugo Carabelli,111,43,0.5513,0.5931,0.291,0.0,1.2344,0.5027,0.0,False
2025-4713#364,2025-09-17,Hangzhou,250,R32,Hard,3,207494,Dalibor Svrcina,126610,Matteo Berrettini,99,57,0.6306,0.6984,0.2053,0.0,1.5832,0.6315,0.0,False
2025-4713#363,2025-09-17,Hangzhou,250,R32,Hard,3,111190,Zhizhen Zhang,207352,Bu Yunchaokete,192,74,0.6815,0.6819,0.4981,0.0,0.6969,0.2519,0.0,False
2025-4713#362,2025-09-17,Hangzhou,250,R32,Hard,3,126846,Aleksandar Vukic,105676,David Goffin,93,87,0.652,0.6026,0.7339,1.0,0.3094,0.0708,0.0,False
2025-4713#361,2025-09-17,Hangzhou,250,R32,Hard,3,200059,Yibing Wu,105173,Adrian Mannarino,196,53,0.6238,0.6341,0.4486,0.0,0.8016,0.304,0.0,False
2025-4713#360,2025-09-17,Hangzhou,250,R32,Hard,3,200624,Sebastian Korda,200443,Adam Walton,79,76,0.6642,0.6389,0.6224,1.0,0.4741,0.1425,0.0,False
2025-4713#359,2025-09-17,Hangzhou,250,R32,Hard,3,210460,Nishesh Basavareddy,105227,Marin Cilic,109,59,0.6209,0.6989,0.1707,0.0,1.7676,0.6877,0.0,False
2025-7581#385,2025-09-17,Chengdu,250,F,Hard,3,126214,Alejandro Tabilo,207518,Lorenzo Musetti,112,9,0.5429,0.6509,0.0816,0.0,2.5062,0.8435,0.0,False
2025-7581#384,2025-09-17,Chengdu,250,SF,Hard,3,207518,Lorenzo Musetti,207686,Alexander Shevchenko,9,96,0.6078,0.528,0.8536,1.0,0.1583,0.0214,1.0,False
2025-7581#383,2025-09-17,Chengdu,250,SF,Hard,3,126214,Alejandro Tabilo,206909,Brandon Nakashima,112,33,0.6103,0.7044,0.1248,0.0,2.0812,0.766,0.0,False
2025-7581#382,2025-09-17,Chengdu,250,QF,Hard,3,207518,Lorenzo Musetti,105932,Nikoloz Basilashvili,9,114,0.6298,0.6021,0.638,1.0,0.4493,0.131,1.0,False
2025-7581#381,2025-09-17,Chengdu,250,QF,Hard,3,207686,Alexander Shevchenko,106121,Taro Daniel,96,168,0.6139,0.5928,0.6073,1.0,0.4987,0.1542,1.0,False
2025-7581#380,2025-09-17,Chengdu,250,QF,Hard,3,206909,Brandon Nakashima,106218,Marcos Giron,33,50,0.6675,0.6448,0.6094,1.0,0.4952,0.1525,1.0,False
2025-7581#379,2025-09-17,Chengdu,250,QF,Hard,3,126214,Alejandro Tabilo,106331,Christopher Oconnell,112,103,0.6526,0.6558,0.4847,0.0,0.7243,0.2656,0.0,False
2025-7581#378,2025-09-17,Chengdu,250,R16,Hard,3,207518,Lorenzo Musetti,209976,Dino Prizmic,9,121,0.574,0.553,0.6096,1.0,0.495,0.1524,1.0,False
2025-7581#377,2025-09-17,Chengdu,250,R16,Hard,3,105932,Nikoloz Basilashvili,111456,Mackenzie Mcdonald,114,98,0.6457,0.6152,0.6494,1.0,0.4317,0.1229,0.0,False
2025-7581#376,2025-09-17,Chengdu,250,R16,Hard,3,106121,Taro Daniel,134868,Tallon Griekspoor,168,31,0.6873,0.6989,0.4459,0.0,0.8078,0.3071,0.0,False
2025-7581#375,2025-09-17,Chengdu,250,R16,Hard,3,207686,Alexander Shevchenko,208659,Giovanni Mpetshi Perricard,96,36,0.7156,0.7171,0.4931,0.0,0.707,0.2569,0.0,False
2025-7581#374,2025-09-17,Chengdu,250,R16,Hard,3,106218,Marcos Giron,132283,Lorenzo Sonego,50,44,0.6656,0.6487,0.5821,1.0,0.541,0.1746,0.0,False
2025-7581#373,2025-09-17,Chengdu,250,R16,Hard,3,206909,Brandon Nakashima,209992,Juncheng Shang,33,138,0.6587,0.6419,0.5824,1.0,0.5406,0.1744,1.0,False
2025-7581#372,2025-09-17,Chengdu,250,R16,Hard,3,106331,Christopher Oconnell,212044,Yi Zhou,103,304,0.5905,0.6777,0.1372,0.0,1.9863,0.7444,1.0,False
2025-7581#371,2025-09-17,Chengdu,250,R16,Hard,3,126214,Alejandro Tabilo,209260,Luciano Darderi,112,30,0.602,0.64,0.3148,0.0,1.1559,0.4696,0.0,False
2025-7581#370,2025-09-17,Chengdu,250,R32,Hard,3,209976,Dino Prizmic,209279,Terence Atmane,121,70,0.6194,0.6165,0.5149,1.0,0.6638,0.2353,0.0,False
2025-7581#369,2025-09-17,Chengdu,250,R32,Hard,3,111456,Mackenzie Mcdonald,122298,Botic Van De Zandschulp,98,83,0.5963,0.6275,0.3451,0.0,1.064,0.4289,0.0,False
2025-7581#368,2025-09-17,Chengdu,250,R32,Hard,3,105932,Nikoloz Basilashvili,126129,Billy Harris,114,131,0.6482,0.6057,0.7041,1.0,0.3508,0.0876,1.0,False
2025-7581#367,2025-09-17,Chengdu,250,R32,Hard,3,106121,Taro Daniel,209409,Coleman Wong,168,149,0.6474,0.7191,0.197,0.0,1.6246,0.6448,0.0,False
2025-7581#366,2025-09-17,Chengdu,250,R32,Hard,3,207686,Alexander Shevchenko,104792,Gael Monfils,96,52,0.6189,0.6863,0.2035,0.0,1.5922,0.6344,0.0,True
2025-7581#365,2025-09-17,Chengdu,250,R32,Hard,3,208659,Giovanni Mpetshi Perricard,209209,Filip Misolic,36,92,0.691,0.7058,0.4314,0.0,0.8407,0.3233,1.0,False
2025-7581#364,2025-09-17,Chengdu,250,R32,Hard,3,132283,Lorenzo Sonego,207678,Juan Manuel Cerundolo,44,72,0.623,0.6302,0.4641,0.0,0.7676,0.2872,1.0,False
2025-7581#363,2025-09-17,Chengdu,250,R32,Hard,3,106218,Marcos Giron,210319,Ethan Quinn,50,81,0.6121,0.615,0.485,0.0,0.7236,0.2652,1.0,False
2025-7581#362,2025-09-17,Chengdu,250,R32,Hard,3,209992,Juncheng Shang,200267,Zizou Bergs,138,46,0.6244,0.6165,0.5397,1.0,0.6168,0.2119,0.0,False
2025-7581#361,2025-09-17,Chengdu,250,R32,Hard,3,212044,Yi Zhou,111815,Cameron Norrie,304,34,0.6137,0.6045,0.5472,1.0,0.603,0.2051,0.0,False
2025-7581#360,2025-09-17,Chengdu,250,R32,Hard,3,106331,Christopher Oconnell,111460,Quentin Halys,103,75,0.6574,0.6621,0.4771,0.0,0.74,0.2734,0.0,False
2025-7581#359,2025-09-17,Chengdu,250,R32,Hard,3,126214,Alejandro Tabilo,111442,Jordan Thompson,112,78,0.6303,0.6729,0.2997,0.0,1.2049,0.4904,0.0,False
2025-0329#385,2025-09-24,Tokyo,500,F,Hard,3,207989,Carlos Alcaraz,126203,Taylor Fritz,1,5,0.729,0.5649,0.9783,1.0,0.0219,0.0005,1.0,False
2025-0329#384,2025-09-24,Tokyo,500,SF,Hard,3,207989,Carlos Alcaraz,134770,Casper Ruud,1,12,0.6683,0.5234,0.9691,1.0,0.0314,0.001,1.0,False
2025-0329#383,2025-09-24,Tokyo,500,SF,Hard,3,126203,Taylor Fritz,202385,Jenson Brooksby,5,86,0.6753,0.6302,0.7107,1.0,0.3415,0.0837,1.0,False
2025-0329#382,2025-09-24,Tokyo,500,QF,Hard,3,207989,Carlos Alcaraz,206909,Brandon Nakashima,1,33,0.7226,0.4902,0.9984,1.0,0.0016,0.0,1.0,False
2025-0329#381,2025-09-24,Tokyo,500,QF,Hard,3,134770,Casper Ruud,126846,Aleksandar Vukic,12,95,0.6856,0.627,0.7636,1.0,0.2697,0.0559,1.0,False
2025-0329#380,2025-09-24,Tokyo,500,QF,Hard,3,202385,Jenson Brooksby,208029,Holger Rune,86,11,0.5761,0.6034,0.361,0.0,1.0189,0.4083,0.0,False
2025-0329#379,2025-09-24,Tokyo,500,QF,Hard,3,126203,Taylor Fritz,200624,Sebastian Korda,5,74,0.7049,0.6545,0.7265,1.0,0.3195,0.0748,1.0,False
2025-0329#378,2025-09-24,Tokyo,500,R16,Hard,3,207989,Carlos Alcaraz,200267,Zizou Bergs,1,45,0.6584,0.5558,0.906,1.0,0.0987,0.0088,1.0,False
2025-0329#377,2025-09-24,Tokyo,500,R16,Hard,3,206909,Brandon Nakashima,105916,Marton Fucsovics,33,58,0.6062,0.6468,0.304,0.0,1.1906,0.4844,1.0,False
2025-0329#376,2025-09-24,Tokyo,500,R16,Hard,3,134770,Casper Ruud,126610,Matteo Berrettini,12,56,0.6754,0.6815,0.4706,0.0,0.7537,0.2802,1.0,False
2025-0329#375,2025-09-24,Tokyo,500,R16,Hard,3,126846,Aleksandar Vukic,127157,Daniel Altmaier,95,50,0.659,0.6657,0.4675,0.0,0.7603,0.2835,0.0,False
2025-0329#374,2025-09-24,Tokyo,500,R16,Hard,3,202385,Jenson Brooksby,209260,Luciano Darderi,86,30,0.5932,0.587,0.5321,1.0,0.631,0.219,0.0,False
2025-0329#373,2025-09-24,Tokyo,500,R16,Hard,3,208029,Holger Rune,210319,Ethan Quinn,11,81,0.6457,0.6071,0.6872,1.0,0.3751,0.0979,1.0,False
2025-0329#372,2025-09-24,Tokyo,500,R16,Hard,3,200624,Sebastian Korda,200647,Sho Shimabukuro,74,273,0.6535,0.6382,0.5751,1.0,0.5532,0.1806,1.0,False
2025-0329#371,2025-09-24,Tokyo,500,R16,Hard,3,126203,Taylor Fritz,132686,Nuno Borges,5,51,0.7115,0.6511,0.7644,1.0,0.2687,0.0555,1.0,False
2025-0329#370,2025-09-24,Tokyo,500,R32,Hard,3,207989,Carlos Alcaraz,202104,Sebastian Baez,1,41,0.618,0.4951,0.9479,1.0,0.0535,0.0027,1.0,False
2025-0329#369,2025-09-24,Tokyo,500,R32,Hard,3,200267,Zizou Bergs,126214,Alejandro Tabilo,45,72,0.6293,0.6205,0.5441,1.0,0.6087,0.2079,1.0,False
2025-0329#368,2025-09-24,Tokyo,500,R32,Hard,3,206909,Brandon Nakashima,111442,Jordan Thompson,33,78,0.7189,0.6536,0.7806,1.0,0.2477,0.0481,1.0,False
2025-0329#367,2025-09-24,Tokyo,500,R32,Hard,3,105916,Marton Fucsovics,126207,Frances Tiafoe,58,29,0.6341,0.5998,0.6689,1.0,0.4021,0.1096,0.0,False
2025-0329#366,2025-09-24,Tokyo,500,R32,Hard,3,134770,Casper Ruud,208278,Shintaro Mochizuki,12,106,0.6235,0.5855,0.6878,1.0,0.3742,0.0974,1.0,False
2025-0329#365,2025-09-24,Tokyo,500,R32,Hard,3,126610,Matteo Berrettini,144719,Jaume Munar,56,40,0.6237,0.6529,0.3575,0.0,1.0285,0.4127,0.0,False
2025-0329#364,2025-09-24,Tokyo,500,R32,Hard,3,126846,Aleksandar Vukic,106000,Damir Dzumhur,95,66,0.609,0.6178,0.4552,0.0,0.787,0.2968,0.0,False
2025-0329#363,2025-09-24,Tokyo,500,R32,Hard,3,127157,Daniel Altmaier,133430,Denis Shapovalov,50,26,0.5919,0.6548,0.2128,0.0,1.5473,0.6197,0.0,False
2025-0329#362,2025-09-24,Tokyo,500,R32,Hard,3,202385,Jenson Brooksby,200005,Ugo Humbert,86,24,0.6048,0.6206,0.4201,0.0,0.8674,0.3363,0.0,False
2025-0329#361,2025-09-24,Tokyo,500,R32,Hard,3,209260,Luciano Darderi,106415,Yoshihito Nishioka,30,157,0.6595,0.5802,0.8432,1.0,0.1706,0.0246,1.0,False
2025-0329#360,2025-09-24,Tokyo,500,R32,Hard,3,210319,Ethan Quinn,210506,Alex Michelsen,81,32,0.6112,0.6212,0.4492,0.0,0.8002,0.3033,0.0,False
2025-0329#359,2025-09-24,Tokyo,500,R32,Hard,3,208029,Holger Rune,209098,Hamad Medjedovic,11,63,0.6556,0.6389,0.5818,1.0,0.5417,0.1749,1.0,False
2025-0329#358,2025-09-24,Tokyo,500,R32,Hard,3,200647,Sho Shimabukuro,207830,Tomas Machac,273,22,0.6142,0.6467,0.3411,0.0,1.0755,0.4341,0.0,False
2025-0329#357,2025-09-24,Tokyo,500,R32,Hard,3,200624,Sebastian Korda,106218,Marcos Giron,74,48,0.6504,0.6338,0.582,1.0,0.5412,0.1747,0.0,False
2025-0329#356,2025-09-24,Tokyo,500,R32,Hard,3,132686,Nuno Borges,133297,Yosuke Watanuki,51,147,0.6319,0.6557,0.3839,0.0,0.9573,0.3796,1.0,False
2025-0329#355,2025-09-24,Tokyo,500,R32,Hard,3,126203,Taylor Fritz,209113,Gabriel Diallo,5,35,0.7253,0.6388,0.8483,1.0,0.1645,0.023,1.0,False
2025-0747#385,2025-09-25,Beijing,500,F,Hard,3,206173,Jannik Sinner,210530,Learner Tien,2,52,0.6699,0.5448,0.9453,1.0,0.0562,0.003,1.0,False
2025-0747#384,2025-09-25,Beijing,500,SF,Hard,3,206173,Jannik Sinner,200282,Alex De Minaur,2,8,0.5911,0.5893,0.5092,1.0,0.6749,0.2409,1.0,False
2025-0747#383,2025-09-25,Beijing,500,SF,Hard,3,210530,Learner Tien,106421,Daniil Medvedev,52,18,0.5653,0.6655,0.1011,0.0,2.2921,0.8081,0.0,True
2025-0747#382,2025-09-25,Beijing,500,QF,Hard,3,206173,Jannik Sinner,206681,Fabian Marozsan,2,57,0.7184,0.5398,0.9872,1.0,0.0128,0.0002,1.0,False
2025-0747#381,2025-09-25,Beijing,500,QF,Hard,3,200282,Alex De Minaur,210150,Jakub Mensik,8,19,0.6793,0.5826,0.8875,1.0,0.1193,0.0127,1.0,True
2025-0747#380,2025-09-25,Beijing,500,QF,Hard,3,210530,Learner Tien,207518,Lorenzo Musetti,52,9,0.5463,0.596,0.2563,0.0,1.3614,0.5531,0.0,True
2025-0747#379,2025-09-25,Beijing,500,QF,Hard,3,106421,Daniil Medvedev,100644,Alexander Zverev,18,3,0.5858,0.6633,0.1635,0.0,1.8108,0.6997,0.0,False
2025-0747#378,2025-09-25,Beijing,500,R16,Hard,3,206173,Jannik Sinner,209279,Terence Atmane,2,68,0.7314,0.5342,0.9929,1.0,0.0071,0.0,1.0,False
2025-0747#377,2025-09-25,Beijing,500,R16,Hard,3,206681,Fabian Marozsan,124186,Alexandre Muller,57,38,0.6305,0.6096,0.6048,1.0,0.5029,0.1562,0.0,False
2025-0747#376,2025-09-25,Beijing,500,R16,Hard,3,200282,Alex De Minaur,126239,Arthur Rinderknech,8,54,0.7173,0.5768,0.9584,1.0,0.0425,0.0017,1.0,False
2025-0747#375,2025-09-25,Beijing,500,R16,Hard,3,210150,Jakub Mensik,209070,Arthur Cazaux,19,80,0.6882,0.6409,0.7172,1.0,0.3324,0.08,1.0,False
2025-0747#374,2025-09-25,Beijing,500,R16,Hard,3,210530,Learner Tien,207925,Flavio Cobolli,52,25,0.5683,0.5887,0.3944,0.0,0.9305,0.3668,0.0,False
2025-0747#373,2025-09-25,Beijing,500,R16,Hard,3,207518,Lorenzo Musetti,105173,Adrian Mannarino,9,60,0.6369,0.594,0.7081,1.0,0.3452,0.0852,1.0,False
2025-0747#372,2025-09-25,Beijing,500,R16,Hard,3,106421,Daniil Medvedev,200221,Alejandro Davidovich Fokina,18,20,0.6148,0.6166,0.4908,0.0,0.7117,0.2593,1.0,False
2025-0747#371,2025-09-25,Beijing,500,R16,Hard,3,100644,Alexander Zverev,144895,Corentin Moutet,3,37,0.6667,0.5824,0.8567,1.0,0.1547,0.0205,1.0,False
2025-0747#370,2025-09-25,Beijing,500,R32,Hard,3,206173,Jannik Sinner,105227,Marin Cilic,2,97,0.779,0.5006,0.9997,1.0,0.0003,0.0,1.0,False
2025-0747#369,2025-09-25,Beijing,500,R32,Hard,3,209279,Terence Atmane,111190,Zhizhen Zhang,68,370,0.6554,0.6339,0.6052,1.0,0.5023,0.1559,1.0,False
2025-0747#368,2025-09-25,Beijing,500,R32,Hard,3,206681,Fabian Marozsan,126127,Benjamin Bonzi,57,47,0.6352,0.646,0.4462,0.0,0.807,0.3067,0.0,False
2025-0747#367,2025-09-25,Beijing,500,R32,Hard,3,124186,Alexandre Muller,111575,Karen Khachanov,38,10,0.5731,0.6492,0.1649,0.0,1.8021,0.6973,0.0,False
2025-0747#366,2025-09-25,Beijing,500,R32,Hard,3,200282,Alex De Minaur,207352,Bu Yunchaokete,8,89,0.6706,0.5366,0.9573,1.0,0.0437,0.0018,1.0,False
2025-0747#365,2025-09-25,Beijing,500,R32,Hard,3,126239,Arthur Rinderknech,105676,David Goffin,54,87,0.6313,0.6203,0.5556,1.0,0.5878,0.1975,1.0,False
2025-0747#364,2025-09-25,Beijing,500,R32,Hard,3,209070,Arthur Cazaux,209992,Juncheng Shang,80,238,0.6486,0.6309,0.5876,1.0,0.5317,0.1701,1.0,False
2025-0747#363,2025-09-25,Beijing,500,R32,Hard,3,210150,Jakub Mensik,200175,Miomir Kecmanovic,19,46,0.6635,0.6497,0.5672,1.0,0.567,0.1873,1.0,False
2025-0747#362,2025-09-25,Beijing,500,R32,Hard,3,207925,Flavio Cobolli,126094,Andrey Rublev,25,14,0.5985,0.6384,0.3059,0.0,1.1846,0.4818,0.0,False
2025-0747#361,2025-09-25,Beijing,500,R32,Hard,3,210530,Learner Tien,202103,Francisco Cerundolo,52,21,0.5656,0.6035,0.31,0.0,1.1713,0.4762,0.0,False
2025-0747#360,2025-09-25,Beijing,500,R32,Hard,3,105173,Adrian Mannarino,122330,Alexander Bublik,60,16,0.6464,0.6419,0.5224,1.0,0.6492,0.2281,0.0,False
2025-0747#359,2025-09-25,Beijing,500,R32,Hard,3,207518,Lorenzo Musetti,208659,Giovanni Mpetshi Perricard,9,36,0.7945,0.6209,0.9772,1.0,0.0231,0.0005,1.0,False
2025-0747#358,2025-09-25,Beijing,500,R32,Hard,3,106421,Daniil Medvedev,111815,Cameron Norrie,18,34,0.627,0.5824,0.7172,1.0,0.3324,0.08,1.0,False
2025-0747#357,2025-09-25,Beijing,500,R32,Hard,3,200221,Alejandro Davidovich Fokina,200116,Camilo Ugo Carabelli,20,43,0.61,0.5468,0.7964,1.0,0.2277,0.0415,1.0,False
2025-0747#356,2025-09-25,Beijing,500,R32,Hard,3,144895,Corentin Moutet,134868,Tallon Griekspoor,37,31,0.655,0.6533,0.5083,1.0,0.6766,0.2417,0.0,False
2025-0747#355,2025-09-25,Beijing,500,R32,Hard,3,100644,Alexander Zverev,132283,Lorenzo Sonego,3,44,0.7042,0.5868,0.9267,1.0,0.0761,0.0054,1.0,False
2025-5014#369,2025-10-01,Shanghai Masters,M,F,Hard,3,200473,Valentin Vacherot,126239,Arthur Rinderknech,204,54,0.6434,0.6335,0.5495,1.0,0.5987,0.2029,0.0,False
2025-5014#368,2025-10-01,Shanghai Masters,M,SF,Hard,3,126239,Arthur Rinderknech,106421,Daniil Medvedev,54,18,0.5796,0.6779,0.1083,0.0,2.2233,0.7952,0.0,False
2025-5014#367,2025-10-01,Shanghai Masters,M,SF,Hard,3,200473,Valentin Vacherot,104925,Novak Djokovic,204,5,0.5691,0.6887,0.0664,0.0,2.7118,0.8716,0.0,False
2025-5014#366,2025-10-01,Shanghai Masters,M,QF,Hard,3,106421,Daniil Medvedev,200282,Alex De Minaur,18,7,0.613,0.6404,0.3646,0.0,1.0091,0.4038,0.0,False
2025-5014#365,2025-10-01,Shanghai Masters,M,QF,Hard,3,126239,Arthur Rinderknech,200000,Felix Auger Aliassime,54,13,0.5966,0.7042,0.0927,0.0,2.3789,0.8233,0.0,False
2025-5014#364,2025-10-01,Shanghai Masters,M,QF,Hard,3,104925,Novak Djokovic,200267,Zizou Bergs,5,44,0.675,0.5577,0.9319,1.0,0.0705,0.0046,1.0,False
2025-5014#363,2025-10-01,Shanghai Masters,M,QF,Hard,3,200473,Valentin Vacherot,208029,Holger Rune,204,11,0.5752,0.6151,0.3023,0.0,1.1964,0.4868,0.0,False
2025-5014#362,2025-10-01,Shanghai Masters,M,R16,Hard,3,106421,Daniil Medvedev,210530,Learner Tien,18,36,0.6425,0.5757,0.8041,1.0,0.218,0.0384,1.0,False
2025-5014#361,2025-10-01,Shanghai Masters,M,R16,Hard,3,200282,Alex De Minaur,132686,Nuno Borges,7,51,0.6446,0.5429,0.9062,1.0,0.0985,0.0088,1.0,False
2025-5014#360,2025-10-01,Shanghai Masters,M,R16,Hard,3,126239,Arthur Rinderknech,208103,Jiri Lehecka,54,19,0.6329,0.7196,0.1497,0.0,1.8994,0.7231,0.0,False
2025-5014#359,2025-10-01,Shanghai Masters,M,R16,Hard,3,200000,Felix Auger Aliassime,207518,Lorenzo Musetti,13,9,0.6128,0.6579,0.2856,0.0,1.2532,0.5104,0.0,False
2025-5014#358,2025-10-01,Shanghai Masters,M,R16,Hard,3,200267,Zizou Bergs,209113,Gabriel Diallo,44,35,0.6236,0.65,0.3704,0.0,0.9932,0.3964,0.0,False
2025-5014#357,2025-10-01,Shanghai Masters,M,R16,Hard,3,104925,Novak Djokovic,144719,Jaume Munar,5,41,0.6323,0.5975,0.6717,1.0,0.398,0.1078,1.0,False
2025-5014#356,2025-10-01,Shanghai Masters,M,R16,Hard,3,208029,Holger Rune,208659,Giovanni Mpetshi Perricard,11,37,0.7463,0.6753,0.7927,1.0,0.2323,0.043,1.0,False
2025-5014#355,2025-10-01,Shanghai Masters,M,R16,Hard,3,200473,Valentin Vacherot,134868,Tallon Griekspoor,204,31,0.6489,0.6628,0.4321,0.0,0.839,0.3225,0.0,False
2025-5014#354,2025-10-01,Shanghai Masters,M,R32,Hard,3,210530,Learner Tien,111815,Cameron Norrie,36,33,0.5806,0.6073,0.3644,0.0,1.0095,0.404,0.0,False
2025-5014#353,2025-10-01,Shanghai Masters,M,R32,Hard,3,106421,Daniil Medvedev,200221,Alejandro Davidovich Fokina,18,20,0.6075,0.6124,0.4752,0.0,0.7439,0.2754,1.0,False
2025-5014#352,2025-10-01,Shanghai Masters,M,R32,Hard,3,132686,Nuno Borges,209992,Juncheng Shang,51,237,0.629,0.6107,0.5923,1.0,0.5237,0.1662,1.0,False
2025-5014#351,2025-10-01,Shanghai Masters,M,R32,Hard,3,200282,Alex De Minaur,111794,Kamil Majchrzak,7,66,0.6408,0.5433,0.897,1.0,0.1087,0.0106,1.0,False
2025-5014#350,2025-10-01,Shanghai Masters,M,R32,Hard,3,126239,Arthur Rinderknech,100644,Alexander Zverev,54,3,0.5734,0.7531,0.0149,0.0,4.2074,0.9705,0.0,False
2025-5014#349,2025-10-01,Shanghai Masters,M,R32,Hard,3,208103,Jiri Lehecka,133430,Denis Shapovalov,19,24,0.6244,0.6502,0.373,0.0,0.9861,0.3931,1.0,False
2025-5014#348,2025-10-01,Shanghai Masters,M,R32,Hard,3,200000,Felix Auger Aliassime,207411,Jesper De Jong,13,81,0.6671,0.6337,0.6596,1.0,0.4161,0.1159,1.0,False
2025-5014#347,2025-10-01,Shanghai Masters,M,R32,Hard,3,207518,Lorenzo Musetti,209260,Luciano Darderi,9,29,0.638,0.552,0.8673,1.0,0.1424,0.0176,1.0,False
2025-5014#346,2025-10-01,Shanghai Masters,M,R32,Hard,3,209113,Gabriel Diallo,105676,David Goffin,35,83,0.6402,0.5893,0.7421,1.0,0.2983,0.0665,1.0,True
2025-5014#345,2025-10-01,Shanghai Masters,M,R32,Hard,3,200267,Zizou Bergs,202103,Francisco Cerundolo,44,21,0.5792,0.6173,0.3113,0.0,1.1671,0.4743,0.0,False
2025-5014#344,2025-10-01,Shanghai Masters,M,R32,Hard,3,144719,Jaume Munar,106415,Yoshihito Nishioka,41,173,0.6255,0.5556,0.8181,1.0,0.2007,0.0331,1.0,False
2025-5014#343,2025-10-01,Shanghai Masters,M,R32,Hard,3,104925,Novak Djokovic,105870,Yannick Hanfmann,5,150,0.7332,0.5621,0.9823,1.0,0.0179,0.0003,1.0,False
2025-5014#342,2025-10-01,Shanghai Masters,M,R32,Hard,3,208659,Giovanni Mpetshi Perricard,126203,Taylor Fritz,37,4,0.6222,0.7872,0.0282,0.0,3.5668,0.9443,0.0,False
2025-5014#341,2025-10-01,Shanghai Masters,M,R32,Hard,3,208029,Holger Rune,200005,Ugo Humbert,11,26,0.6509,0.628,0.6128,1.0,0.4898,0.1499,1.0,False
2025-5014#340,2025-10-01,Shanghai Masters,M,R32,Hard,3,200473,Valentin Vacherot,207830,Tomas Machac,204,23,0.5758,0.6196,0.2854,0.0,1.2539,0.5107,0.0,True
2025-5014#339,2025-10-01,Shanghai Masters,M,R32,Hard,3,134868,Tallon Griekspoor,206173,Jannik Sinner,31,2,0.4933,0.7461,0.0008,0.0,7.1678,0.9985,0.0,True
2025-5014#338,2025-10-01,Shanghai Masters,M,R64,Hard,3,210530,Learner Tien,144895,Corentin Moutet,36,38,0.5608,0.5837,0.3816,0.0,0.9635,0.3825,1.0,False
2025-5014#337,2025-10-01,Shanghai Masters,M,R64,Hard,3,111815,Cameron Norrie,209070,Arthur Cazaux,33,70,0.6431,0.6331,0.5501,1.0,0.5977,0.2024,1.0,False
2025-5014#336,2025-10-01,Shanghai Masters,M,R64,Hard,3,200221,Alejandro Davidovich Fokina,208286,Matteo Arnaldi,20,71,0.6346,0.5683,0.8038,1.0,0.2184,0.0385,1.0,False
2025-5014#335,2025-10-01,Shanghai Masters,M,R64,Hard,3,106421,Daniil Medvedev,207494,Dalibor Svrcina,18,91,0.6343,0.5571,0.8413,1.0,0.1728,0.0252,1.0,False
2025-5014#334,2025-10-01,Shanghai Masters,M,R64,Hard,3,209992,Juncheng Shang,111575,Karen Khachanov,237,10,0.5829,0.6579,0.1703,0.0,1.7699,0.6883,0.0,False
2025-5014#333,2025-10-01,Shanghai Masters,M,R64,Hard,3,132686,Nuno Borges,126846,Aleksandar Vukic,51,79,0.6749,0.6331,0.6963,1.0,0.362,0.0923,1.0,False
2025-5014#332,2025-10-01,Shanghai Masters,M,R64,Hard,3,111794,Kamil Majchrzak,206909,Brandon Nakashima,66,32,0.6638,0.6592,0.5223,1.0,0.6495,0.2282,0.0,False
2025-5014#331,2025-10-01,Shanghai Masters,M,R64,Hard,3,200282,Alex De Minaur,200116,Camilo Ugo Carabelli,7,45,0.6233,0.5341,0.8784,1.0,0.1297,0.0148,1.0,False
2025-5014#330,2025-10-01,Shanghai Masters,M,R64,Hard,3,100644,Alexander Zverev,208316,Valentin Royer,3,76,0.6761,0.6139,0.7798,1.0,0.2487,0.0485,1.0,False
2025-5014#329,2025-10-01,Shanghai Masters,M,R64,Hard,3,126239,Arthur Rinderknech,210506,Alex Michelsen,54,34,0.6469,0.6625,0.424,0.0,0.8579,0.3317,0.0,False
2025-5014#328,2025-10-01,Shanghai Masters,M,R64,Hard,3,133430,Denis Shapovalov,106331,Christopher Oconnell,24,109,0.6291,0.5771,0.7483,1.0,0.29,0.0634,1.0,False
2025-5014#327,2025-10-01,Shanghai Masters,M,R64,Hard,3,208103,Jiri Lehecka,111460,Quentin Halys,19,75,0.7172,0.6285,0.857,1.0,0.1543,0.0204,1.0,False
2025-5014#326,2025-10-01,Shanghai Masters,M,R64,Hard,3,200000,Felix Auger Aliassime,126214,Alejandro Tabilo,13,74,0.6862,0.5961,0.8688,1.0,0.1406,0.0172,1.0,False
2025-5014#325,2025-10-01,Shanghai Masters,M,R64,Hard,3,207411,Jesper De Jong,210150,Jakub Mensik,81,16,0.6519,0.6686,0.4189,0.0,0.8701,0.3376,0.0,False
2025-5014#324,2025-10-01,Shanghai Masters,M,R64,Hard,3,209260,Luciano Darderi,207352,Bu Yunchaokete,29,121,0.6511,0.6169,0.6663,1.0,0.406,0.1113,1.0,False
2025-5014#323,2025-10-01,Shanghai Masters,M,R64,Hard,3,207518,Lorenzo Musetti,207681,Francisco Comesana,9,62,0.6512,0.5717,0.8455,1.0,0.1678,0.0239,1.0,False
2025-5014#322,2025-10-01,Shanghai Masters,M,R64,Hard,3,105676,David Goffin,210097,Ben Shelton,83,6,0.6026,0.6812,0.1641,0.0,1.8076,0.6988,0.0,False
2025-5014#321,2025-10-01,Shanghai Masters,M,R64,Hard,3,209113,Gabriel Diallo,126127,Benjamin Bonzi,35,48,0.6606,0.6533,0.5359,1.0,0.6239,0.2154,1.0,False
2025-5014#320,2025-10-01,Shanghai Masters,M,R64,Hard,3,202103,Francisco Cerundolo,105173,Adrian Mannarino,21,60,0.6359,0.5604,0.8357,1.0,0.1795,0.027,1.0,False
2025-5014#319,2025-10-01,Shanghai Masters,M,R64,Hard,3,200267,Zizou Bergs,134770,Casper Ruud,44,12,0.6038,0.6368,0.337,0.0,1.0877,0.4396,0.0,True
2025-5014#318,2025-10-01,Shanghai Masters,M,R64,Hard,3,106415,Yoshihito Nishioka,126094,Andrey Rublev,173,14,0.5814,0.6966,0.0757,0.0,2.5807,0.8543,0.0,False
2025-5014#317,2025-10-01,Shanghai Masters,M,R64,Hard,3,144719,Jaume Munar,207925,Flavio Cobolli,41,22,0.5938,0.5672,0.636,1.0,0.4525,0.1325,0.0,False
2025-5014#316,2025-10-01,Shanghai Masters,M,R64,Hard,3,105870,Yannick Hanfmann,126207,Frances Tiafoe,150,28,0.6002,0.6559,0.2412,0.0,1.4221,0.5758,0.0,False
2025-5014#315,2025-10-01,Shanghai Masters,M,R64,Hard,3,104925,Novak Djokovic,105227,Marin Cilic,5,94,0.7545,0.5353,0.9964,1.0,0.0036,0.0,1.0,False
2025-5014#314,2025-10-01,Shanghai Masters,M,R64,Hard,3,126203,Taylor Fritz,206681,Fabian Marozsan,4,52,0.7167,0.6403,0.8194,1.0,0.1992,0.0326,1.0,False
2025-5014#313,2025-10-01,Shanghai Masters,M,R64,Hard,3,208659,Giovanni Mpetshi Perricard,208134,Luca Nardi,37,88,0.7466,0.6277,0.9199,1.0,0.0834,0.0064,1.0,False
2025-5014#312,2025-10-01,Shanghai Masters,M,R64,Hard,3,200005,Ugo Humbert,111442,Jordan Thompson,26,85,0.6926,0.6358,0.7552,1.0,0.2808,0.0599,1.0,False
2025-5014#311,2025-10-01,Shanghai Masters,M,R64,Hard,3,208029,Holger Rune,202104,Sebastian Baez,11,42,0.5837,0.5605,0.6203,1.0,0.4775,0.1442,1.0,False
2025-5014#310,2025-10-01,Shanghai Masters,M,R64,Hard,3,200473,Valentin Vacherot,122330,Alexander Bublik,204,17,0.6249,0.6787,0.2535,0.0,1.3724,0.5573,0.0,False
2025-5014#309,2025-10-01,Shanghai Masters,M,R64,Hard,3,207830,Tomas Machac,208233,Mattia Bellucci,23,69,0.6479,0.6011,0.7229,1.0,0.3245,0.0768,1.0,False
2025-5014#308,2025-10-01,Shanghai Masters,M,R64,Hard,3,134868,Tallon Griekspoor,202385,Jenson Brooksby,31,57,0.6369,0.6668,0.3561,0.0,1.0325,0.4146,1.0,False
2025-5014#307,2025-10-01,Shanghai Masters,M,R64,Hard,3,206173,Jannik Sinner,127157,Daniel Altmaier,2,49,0.7622,0.5168,0.9987,1.0,0.0013,0.0,1.0,False
2025-5014#306,2025-10-01,Shanghai Masters,M,R128,Hard,3,210530,Learner Tien,200175,Miomir Kecmanovic,36,47,0.5783,0.6021,0.3782,0.0,0.9723,0.3866,1.0,False
2025-5014#305,2025-10-01,Shanghai Masters,M,R128,Hard,3,209070,Arthur Cazaux,124079,Pedro Martinez,70,73,0.6399,0.5684,0.8212,1.0,0.1969,0.032,1.0,False
2025-5014#304,2025-10-01,Shanghai Masters,M,R128,Hard,3,208286,Matteo Arnaldi,210536,Rei Sakamoto,71,188,0.6394,0.627,0.5619,1.0,0.5765,0.192,1.0,False
2025-5014#303,2025-10-01,Shanghai Masters,M,R128,Hard,3,207494,Dalibor Svrcina,200059,Yibing Wu,91,159,0.594,0.598,0.4795,0.0,0.7351,0.271,1.0,True
2025-5014#302,2025-10-01,Shanghai Masters,M,R128,Hard,3,209992,Juncheng Shang,206499,Aleksandar Kovacevic,237,68,0.6622,0.6402,0.6069,1.0,0.4993,0.1545,0.0,False
2025-5014#301,2025-10-01,Shanghai Masters,M,R128,Hard,3,132686,Nuno Borges,122298,Botic Van De Zandschulp,51,84,0.6046,0.5866,0.5926,1.0,0.5232,0.166,1.0,False
2025-5014#300,2025-10-01,Shanghai Masters,M,R128,Hard,3,111794,Kamil Majchrzak,210319,Ethan Quinn,66,72,0.6253,0.6087,0.5839,1.0,0.5381,0.1732,1.0,False
2025-5014#299,2025-10-01,Shanghai Masters,M,R128,Hard,3,200116,Camilo Ugo Carabelli,209279,Terence Atmane,45,61,0.5825,0.6243,0.2953,0.0,1.2197,0.4966,1.0,True
2025-5014#298,2025-10-01,Shanghai Masters,M,R128,Hard,3,208316,Valentin Royer,208363,Mariano Navone,76,86,0.6023,0.5988,0.5182,1.0,0.6574,0.2322,1.0,False
2025-5014#297,2025-10-01,Shanghai Masters,M,R128,Hard,3,126239,Arthur Rinderknech,209098,Hamad Medjedovic,54,65,0.6317,0.6987,0.2081,0.0,1.5696,0.6271,1.0,True
2025-5014#296,2025-10-01,Shanghai Masters,M,R128,Hard,3,106331,Christopher Oconnell,106000,Damir Dzumhur,109,67,0.6028,0.6139,0.4434,0.0,0.8132,0.3098,0.0,False
2025-5014#295,2025-10-01,Shanghai Masters,M,R128,Hard,3,111460,Quentin Halys,111456,Mackenzie Mcdonald,75,99,0.6624,0.6672,0.4767,0.0,0.7409,0.2739,1.0,False
2025-5014#294,2025-10-01,Shanghai Masters,M,R128,Hard,3,126214,Alejandro Tabilo,106218,Marcos Giron,74,50,0.6193,0.6573,0.3173,0.0,1.148,0.4661,0.0,False
2025-5014#293,2025-10-01,Shanghai Masters,M,R128,Hard,3,207411,Jesper De Jong,212044,Yi Zhou,81,308,0.6857,0.6211,0.7866,1.0,0.24,0.0455,1.0,False
2025-5014#292,2025-10-01,Shanghai Masters,M,R128,Hard,3,207352,Bu Yunchaokete,207678,Juan Manuel Cerundolo,121,87,0.5905,0.6162,0.3702,0.0,0.9938,0.3967,0.0,False
2025-5014#291,2025-10-01,Shanghai Masters,M,R128,Hard,3,207681,Francisco Comesana,200259,Ugo Blanchet,62,151,0.641,0.6031,0.6849,1.0,0.3785,0.0993,1.0,False
2025-5014#290,2025-10-01,Shanghai Masters,M,R128,Hard,3,105676,David Goffin,124186,Alexandre Muller,83,39,0.5957,0.5871,0.5448,1.0,0.6073,0.2072,0.0,False
2025-5014#289,2025-10-01,Shanghai Masters,M,R128,Hard,3,126127,Benjamin Bonzi,124187,Reilly Opelka,48,64,0.7172,0.6628,0.7394,1.0,0.3019,0.0679,1.0,False
2025-5014#288,2025-10-01,Shanghai Masters,M,R128,Hard,3,105173,Adrian Mannarino,126610,Matteo Berrettini,60,59,0.6324,0.6828,0.2685,0.0,1.315,0.5351,0.0,False
2025-5014#287,2025-10-01,Shanghai Masters,M,R128,Hard,3,200267,Zizou Bergs,200624,Sebastian Korda,44,63,0.6183,0.6525,0.3339,0.0,1.0971,0.4438,1.0,False
2025-5014#286,2025-10-01,Shanghai Masters,M,R128,Hard,3,106415,Yoshihito Nishioka,207686,Alexander Shevchenko,173,89,0.5847,0.6273,0.2918,0.0,1.2319,0.5016,0.0,False
2025-5014#285,2025-10-01,Shanghai Masters,M,R128,Hard,3,144719,Jaume Munar,105916,Marton Fucsovics,41,53,0.5852,0.5772,0.5415,1.0,0.6134,0.2102,1.0,False
2025-5014#284,2025-10-01,Shanghai Masters,M,R128,Hard,3,105870,Yannick Hanfmann,132283,Lorenzo Sonego,150,46,0.6504,0.6643,0.4327,0.0,0.8378,0.3219,0.0,False
2025-5014#283,2025-10-01,Shanghai Masters,M,R128,Hard,3,105227,Marin Cilic,105932,Nikoloz Basilashvili,94,100,0.6237,0.6466,0.3871,0.0,0.949,0.3756,1.0,False
2025-5014#282,2025-10-01,Shanghai Masters,M,R128,Hard,3,206681,Fabian Marozsan,104527,Stan Wawrinka,52,131,0.6868,0.6409,0.7116,1.0,0.3403,0.0832,1.0,False
2025-5014#281,2025-10-01,Shanghai Masters,M,R128,Hard,3,208134,Luca Nardi,124116,Sebastian Ofner,88,138,0.5799,0.6782,0.1083,0.0,2.223,0.7952,1.0,False
2025-5014#280,2025-10-01,Shanghai Masters,M,R128,Hard,3,111442,Jordan Thompson,200416,August Holmgren,85,178,0.6801,0.6814,0.4937,0.0,0.7058,0.2563,1.0,False
2025-5014#279,2025-10-01,Shanghai Masters,M,R128,Hard,3,202104,Sebastian Baez,111190,Zhizhen Zhang,42,368,0.6516,0.6029,0.7309,1.0,0.3135,0.0724,1.0,False
2025-5014#278,2025-10-01,Shanghai Masters,M,R128,Hard,3,200473,Valentin Vacherot,111513,Laslo Djere,204,82,0.5905,0.64,0.2641,0.0,1.3316,0.5416,0.0,False
2025-5014#277,2025-10-01,Shanghai Masters,M,R128,Hard,3,208233,Mattia Bellucci,200443,Adam Walton,69,77,0.6194,0.6339,0.4272,0.0,0.8504,0.3281,1.0,False
2025-5014#276,2025-10-01,Shanghai Masters,M,R128,Hard,3,202385,Jenson Brooksby,208389,James Trotter,57,213,0.629,0.5668,0.7898,1.0,0.236,0.0442,1.0,False
2025-5014#275,2025-10-01,Shanghai Masters,M,R128,Hard,3,127157,Daniel Altmaier,209262,Tristan Schoolkate,49,96,0.6494,0.6495,0.4996,0.0,0.694,0.2504,1.0,False
2025-0429#385,2025-10-13,Stockholm,250,F,Hard,3,134770,Casper Ruud,200005,Ugo Humbert,12,25,0.6513,0.6336,0.5872,1.0,0.5324,0.1704,1.0,False
2025-0429#384,2025-10-13,Stockholm,250,SF,Hard,3,200005,Ugo Humbert,208029,Holger Rune,25,11,0.6231,0.6549,0.3456,0.0,1.0626,0.4283,0.0,True
2025-0429#383,2025-10-13,Stockholm,250,SF,Hard,3,134770,Casper Ruud,133430,Denis Shapovalov,12,23,0.6088,0.6376,0.3577,0.0,1.0281,0.4126,1.0,False
2025-0429#382,2025-10-13,Stockholm,250,QF,Hard,3,208029,Holger Rune,144869,Tomas Martin Etcheverry,11,63,0.6613,0.6083,0.7468,1.0,0.2919,0.0641,1.0,False
2025-0429#381,2025-10-13,Stockholm,250,QF,Hard,3,200005,Ugo Humbert,132283,Lorenzo Sonego,25,47,0.6823,0.6382,0.705,1.0,0.3495,0.087,1.0,False
2025-0429#380,2025-10-13,Stockholm,250,QF,Hard,3,133430,Denis Shapovalov,111200,Elias Ymer,23,243,0.6439,0.5913,0.7486,1.0,0.2895,0.0632,1.0,False
2025-0429#379,2025-10-13,Stockholm,250,QF,Hard,3,134770,Casper Ruud,200624,Sebastian Korda,12,60,0.6575,0.637,0.6004,1.0,0.5101,0.1597,1.0,False
2025-0429#378,2025-10-13,Stockholm,250,R16,Hard,3,208029,Holger Rune,105916,Marton Fucsovics,11,55,0.6022,0.6004,0.5096,1.0,0.6741,0.2405,1.0,False
2025-0429#377,2025-10-13,Stockholm,250,R16,Hard,3,144869,Tomas Martin Etcheverry,200175,Miomir Kecmanovic,63,49,0.6415,0.6392,0.5116,1.0,0.6701,0.2385,0.0,False
2025-0429#376,2025-10-13,Stockholm,250,R16,Hard,3,200005,Ugo Humbert,126610,Matteo Berrettini,25,61,0.6899,0.6827,0.534,1.0,0.6274,0.2172,1.0,False
2025-0429#375,2025-10-13,Stockholm,250,R16,Hard,3,132283,Lorenzo Sonego,206499,Aleksandar Kovacevic,47,69,0.6762,0.6562,0.5959,1.0,0.5177,0.1633,1.0,False
2025-0429#374,2025-10-13,Stockholm,250,R16,Hard,3,111200,Elias Ymer,207985,Jacob Fearnley,243,81,0.6012,0.5917,0.5489,1.0,0.5998,0.2035,0.0,False
2025-0429#373,2025-10-13,Stockholm,250,R16,Hard,3,133430,Denis Shapovalov,209863,Leo Borg,23,622,0.6491,0.5993,0.7358,1.0,0.3069,0.0698,1.0,False
2025-0429#372,2025-10-13,Stockholm,250,R16,Hard,3,200624,Sebastian Korda,111794,Kamil Majchrzak,60,75,0.6431,0.65,0.4657,0.0,0.7643,0.2855,1.0,False
2025-0429#371,2025-10-13,Stockholm,250,R16,Hard,3,134770,Casper Ruud,105227,Marin Cilic,12,92,0.6973,0.6203,0.8268,1.0,0.1902,0.03,1.0,False
2025-0429#370,2025-10-13,Stockholm,250,R32,Hard,3,105916,Marton Fucsovics,207411,Jesper De Jong,55,82,0.6413,0.5964,0.7161,1.0,0.334,0.0806,1.0,False
2025-0429#369,2025-10-13,Stockholm,250,R32,Hard,3,144869,Tomas Martin Etcheverry,210136,Mark Lajal,63,149,0.6142,0.6351,0.3954,0.0,0.928,0.3656,1.0,False
2025-0429#368,2025-10-13,Stockholm,250,R32,Hard,3,200175,Miomir Kecmanovic,124186,Alexandre Muller,49,43,0.6263,0.595,0.6558,1.0,0.4219,0.1185,0.0,False
2025-0429#367,2025-10-13,Stockholm,250,R32,Hard,3,126610,Matteo Berrettini,206748,Giulio Zeppieri,61,160,0.7207,0.6344,0.8489,1.0,0.1638,0.0228,1.0,False
2025-0429#366,2025-10-13,Stockholm,250,R32,Hard,3,132283,Lorenzo Sonego,209259,Arthur Fery,47,221,0.6361,0.6554,0.4057,0.0,0.9022,0.3532,1.0,False
2025-0429#365,2025-10-13,Stockholm,250,R32,Hard,3,206499,Aleksandar Kovacevic,200116,Camilo Ugo Carabelli,69,50,0.6409,0.6135,0.6357,1.0,0.4531,0.1327,0.0,True
2025-0429#364,2025-10-13,Stockholm,250,R32,Hard,3,207985,Jacob Fearnley,134868,Tallon Griekspoor,81,27,0.556,0.6445,0.1267,0.0,2.0659,0.7627,0.0,False
2025-0429#363,2025-10-13,Stockholm,250,R32,Hard,3,111200,Elias Ymer,144707,Mikael Ymer,243,617,0.6286,0.5968,0.6578,1.0,0.4189,0.1171,1.0,False
2025-0429#362,2025-10-13,Stockholm,250,R32,Hard,3,209863,Leo Borg,124116,Sebastian Ofner,622,140,0.6499,0.6665,0.4195,0.0,0.8688,0.337,0.0,False
2025-0429#361,2025-10-13,Stockholm,250,R32,Hard,3,200624,Sebastian Korda,200615,Alexei Popyrin,60,48,0.6917,0.625,0.7925,1.0,0.2326,0.0431,0.0,False
2025-0429#360,2025-10-13,Stockholm,250,R32,Hard,3,111794,Kamil Majchrzak,209209,Filip Misolic,75,95,0.6423,0.6055,0.6794,1.0,0.3866,0.1028,1.0,False
2025-0429#359,2025-10-13,Stockholm,250,R32,Hard,3,105227,Marin Cilic,149282,Nicolai Budkov Kjaer,92,136,0.6236,0.6444,0.3971,0.0,0.9236,0.3635,1.0,False
2025-7485#385,2025-10-13,Brussels,250,F,Hard,3,200000,Felix Auger Aliassime,208103,Jiri Lehecka,13,17,0.6623,0.6755,0.4366,0.0,0.8287,0.3174,1.0,False
2025-7485#384,2025-10-13,Brussels,250,SF,Hard,3,208103,Jiri Lehecka,208659,Giovanni Mpetshi Perricard,17,37,0.7677,0.6708,0.8648,1.0,0.1453,0.0183,1.0,False
2025-7485#383,2025-10-13,Brussels,250,SF,Hard,3,200000,Felix Auger Aliassime,209920,Raphael Collignon,13,90,0.7027,0.5167,0.991,1.0,0.0091,0.0001,1.0,False
2025-7485#382,2025-10-13,Brussels,250,QF,Hard,3,208659,Giovanni Mpetshi Perricard,207518,Lorenzo Musetti,37,8,0.6222,0.7923,0.025,0.0,3.6886,0.9506,0.0,False
2025-7485#381,2025-10-13,Brussels,250,QF,Hard,3,208103,Jiri Lehecka,126127,Benjamin Bonzi,17,53,0.663,0.6212,0.6984,1.0,0.359,0.091,1.0,True
2025-7485#380,2025-10-13,Brussels,250,QF,Hard,3,209920,Raphael Collignon,200221,Alejandro Davidovich Fokina,90,20,0.5871,0.6233,0.3207,0.0,1.1373,0.4615,0.0,False
2025-7485#379,2025-10-13,Brussels,250,QF,Hard,3,200000,Felix Auger Aliassime,208118,Eliot Spizzirri,13,111,0.6626,0.6402,0.6087,1.0,0.4965,0.1531,1.0,False
2025-7485#378,2025-10-13,Brussels,250,R16,Hard,3,207518,Lorenzo Musetti,105870,Yannick Hanfmann,8,139,0.6496,0.5561,0.8855,1.0,0.1216,0.0131,1.0,False
2025-7485#377,2025-10-13,Brussels,250,R16,Hard,3,208659,Giovanni Mpetshi Perricard,105932,Nikoloz Basilashvili,37,101,0.6527,0.6844,0.3507,0.0,1.0477,0.4215,1.0,True
2025-7485#376,2025-10-13,Brussels,250,R16,Hard,3,208103,Jiri Lehecka,211451,Gilles Arnaud Bailly,17,247,0.6722,0.6292,0.7019,1.0,0.3539,0.0888,1.0,False
2025-7485#375,2025-10-13,Brussels,250,R16,Hard,3,126127,Benjamin Bonzi,208316,Valentin Royer,53,70,0.6222,0.6534,0.3481,0.0,1.0554,0.425,1.0,False
2025-7485#374,2025-10-13,Brussels,250,R16,Hard,3,209920,Raphael Collignon,207681,Francisco Comesana,90,68,0.5619,0.6631,0.0981,0.0,2.322,0.8135,0.0,False
2025-7485#373,2025-10-13,Brussels,250,R16,Hard,3,200221,Alejandro Davidovich Fokina,106218,Marcos Giron,20,54,0.6405,0.5666,0.8292,1.0,0.1874,0.0292,1.0,False
2025-7485#372,2025-10-13,Brussels,250,R16,Hard,3,208118,Eliot Spizzirri,122298,Botic Van De Zandschulp,111,86,0.5815,0.5931,0.4398,0.0,0.8215,0.3139,0.0,False
2025-7485#371,2025-10-13,Brussels,250,R16,Hard,3,200000,Felix Auger Aliassime,106000,Damir Dzumhur,13,67,0.6529,0.5929,0.7764,1.0,0.2531,0.05,1.0,False
2025-7485#370,2025-10-13,Brussels,250,R32,Hard,3,105870,Yannick Hanfmann,208286,Matteo Arnaldi,139,74,0.6327,0.6119,0.6039,1.0,0.5043,0.1569,0.0,False
2025-7485#369,2025-10-13,Brussels,250,R32,Hard,3,105932,Nikoloz Basilashvili,111460,Quentin Halys,101,77,0.6356,0.6396,0.4805,0.0,0.7329,0.2699,0.0,False
2025-7485#368,2025-10-13,Brussels,250,R32,Hard,3,208659,Giovanni Mpetshi Perricard,200325,Emil Ruusuvuori,37,608,0.7234,0.6556,0.7883,1.0,0.2379,0.0448,1.0,False
2025-7485#367,2025-10-13,Brussels,250,R32,Hard,3,211451,Gilles Arnaud Bailly,127157,Daniel Altmaier,247,51,0.6402,0.646,0.4713,0.0,0.7523,0.2796,0.0,False
2025-7485#366,2025-10-13,Brussels,250,R32,Hard,3,126127,Benjamin Bonzi,124187,Reilly Opelka,53,62,0.7206,0.6671,0.7352,1.0,0.3076,0.0701,1.0,False
2025-7485#365,2025-10-13,Brussels,250,R32,Hard,3,208316,Valentin Royer,202104,Sebastian Baez,70,44,0.5966,0.583,0.5703,1.0,0.5617,0.1847,0.0,False
2025-7485#364,2025-10-13,Brussels,250,R32,Hard,3,209920,Raphael Collignon,200267,Zizou Bergs,90,39,0.5916,0.6546,0.2122,0.0,1.5502,0.6206,0.0,False
2025-7485#363,2025-10-13,Brussels,250,R32,Hard,3,207681,Francisco Comesana,105676,David Goffin,68,105,0.6281,0.5854,0.7084,1.0,0.3447,0.085,1.0,False
2025-7485#362,2025-10-13,Brussels,250,R32,Hard,3,106218,Marcos Giron,208233,Mattia Bellucci,54,71,0.6357,0.615,0.6032,1.0,0.5056,0.1575,1.0,False
2025-7485#361,2025-10-13,Brussels,250,R32,Hard,3,122298,Botic Van De Zandschulp,211663,Joao Fonseca,86,45,0.6056,0.588,0.59,1.0,0.5276,0.1681,0.0,False
2025-7485#360,2025-10-13,Brussels,250,R32,Hard,3,208118,Eliot Spizzirri,124079,Pedro Martinez,111,89,0.592,0.5363,0.7695,1.0,0.262,0.0531,0.0,False
2025-7485#359,2025-10-13,Brussels,250,R32,Hard,3,106000,Damir Dzumhur,210748,Federico Cina,67,226,0.5666,0.5318,0.6784,1.0,0.3881,0.1034,1.0,False
2025-9410#386,2025-10-13,Almaty,250,F,Hard,3,106421,Daniil Medvedev,144895,Corentin Moutet,14,41,0.6224,0.5695,0.7534,1.0,0.2832,0.0608,1.0,False
2025-9410#385,2025-10-13,Almaty,250,SF,Hard,3,144895,Corentin Moutet,210506,Alex Michelsen,41,36,0.5887,0.5768,0.5616,1.0,0.577,0.1922,0.0,False
2025-9410#384,2025-10-13,Almaty,250,SF,Hard,3,106421,Daniil Medvedev,105902,James Duckworth,14,138,0.6739,0.5625,0.9214,1.0,0.0819,0.0062,1.0,False
2025-9410#383,2025-10-13,Almaty,250,QF,Hard,3,144895,Corentin Moutet,105526,Jan Lennard Struff,41,98,0.6338,0.6151,0.5939,1.0,0.521,0.1649,1.0,False
2025-9410#382,2025-10-13,Almaty,250,QF,Hard,3,210506,Alex Michelsen,208278,Shintaro Mochizuki,36,102,0.5908,0.5694,0.6107,1.0,0.4931,0.1515,1.0,False
2025-9410#381,2025-10-13,Almaty,250,QF,Hard,3,105902,James Duckworth,207925,Flavio Cobolli,138,22,0.596,0.627,0.3457,0.0,1.0622,0.4281,0.0,False
2025-9410#380,2025-10-13,Almaty,250,QF,Hard,3,106421,Daniil Medvedev,206681,Fabian Marozsan,14,52,0.6405,0.5649,0.8351,1.0,0.1802,0.0272,1.0,False
2025-9410#379,2025-10-13,Almaty,250,R16,Hard,3,105526,Jan Lennard Struff,111575,Karen Khachanov,98,10,0.5903,0.7088,0.0723,0.0,2.6269,0.8606,0.0,False
2025-9410#378,2025-10-13,Almaty,250,R16,Hard,3,144895,Corentin Moutet,207686,Alexander Shevchenko,41,91,0.6113,0.5499,0.7893,1.0,0.2366,0.0444,1.0,False
2025-9410#377,2025-10-13,Almaty,250,R16,Hard,3,208278,Shintaro Mochizuki,209260,Luciano Darderi,102,26,0.5795,0.607,0.3605,0.0,1.0203,0.409,0.0,False
2025-9410#376,2025-10-13,Almaty,250,R16,Hard,3,210506,Alex Michelsen,126846,Aleksandar Vukic,36,84,0.6626,0.6412,0.604,1.0,0.5042,0.1568,1.0,False
2025-9410#375,2025-10-13,Almaty,250,R16,Hard,3,105902,James Duckworth,209113,Gabriel Diallo,138,35,0.6111,0.6823,0.1893,0.0,1.6643,0.6572,0.0,False
2025-9410#374,2025-10-13,Almaty,250,R16,Hard,3,207925,Flavio Cobolli,208014,Rinky Hijikata,22,114,0.6051,0.551,0.7612,1.0,0.2729,0.057,1.0,False
2025-9410#373,2025-10-13,Almaty,250,R16,Hard,3,206681,Fabian Marozsan,206909,Brandon Nakashima,52,34,0.6466,0.6763,0.3586,0.0,1.0255,0.4114,0.0,False
2025-9410#372,2025-10-13,Almaty,250,R16,Hard,3,106421,Daniil Medvedev,200443,Adam Walton,14,76,0.6667,0.5755,0.876,1.0,0.1323,0.0154,1.0,False
2025-9410#371,2025-10-13,Almaty,250,R32,Hard,3,105526,Jan Lennard Struff,111456,Mackenzie Mcdonald,98,99,0.66,0.6398,0.5986,1.0,0.5132,0.1612,1.0,False
2025-9410#370,2025-10-13,Almaty,250,R32,Hard,3,207686,Alexander Shevchenko,111513,Laslo Djere,91,79,0.5931,0.6756,0.1508,0.0,1.8918,0.7212,0.0,False
2025-9410#369,2025-10-13,Almaty,250,R32,Hard,3,144895,Corentin Moutet,106071,Bernard Tomic,41,181,0.624,0.6129,0.5562,1.0,0.5867,0.197,1.0,False
2025-9410#368,2025-10-13,Almaty,250,R32,Hard,3,208278,Shintaro Mochizuki,209070,Arthur Cazaux,102,58,0.604,0.6369,0.3379,0.0,1.085,0.4384,0.0,False
2025-9410#367,2025-10-13,Almaty,250,R32,Hard,3,126846,Aleksandar Vukic,209916,Marko Topo,84,277,0.631,0.6785,0.28,0.0,1.2728,0.5183,1.0,False
2025-9410#366,2025-10-13,Almaty,250,R32,Hard,3,210506,Alex Michelsen,202320,Beibit Zhukayev,36,237,0.6821,0.6759,0.5294,1.0,0.6361,0.2215,1.0,False
2025-9410#365,2025-10-13,Almaty,250,R32,Hard,3,209113,Gabriel Diallo,212788,Amir Omarkhanov,35,1137,0.6508,0.667,0.4215,0.0,0.8639,0.3347,1.0,False
2025-9410#364,2025-10-13,Almaty,250,R32,Hard,3,105902,James Duckworth,200259,Ugo Blanchet,138,150,0.6319,0.6097,0.6111,1.0,0.4925,0.1512,1.0,False
2025-9410#363,2025-10-13,Almaty,250,R32,Hard,3,208014,Rinky Hijikata,207608,Timofey Skatov,114,236,0.5651,0.6019,0.3154,0.0,1.1538,0.4686,1.0,False
2025-9410#362,2025-10-13,Almaty,250,R32,Hard,3,206909,Brandon Nakashima,209098,Hamad Medjedovic,34,64,0.6644,0.6685,0.4806,0.0,0.7327,0.2698,1.0,False
2025-9410#361,2025-10-13,Almaty,250,R32,Hard,3,206681,Fabian Marozsan,208134,Luca Nardi,52,83,0.6473,0.5611,0.8662,1.0,0.1436,0.0179,1.0,False
2025-9410#360,2025-10-13,Almaty,250,R32,Hard,3,200443,Adam Walton,209262,Tristan Schoolkate,76,96,0.6624,0.6362,0.6268,1.0,0.4671,0.1393,1.0,False
2025-0328#385,2025-10-20,Basel,500,F,Hard,3,211663,Joao Fonseca,200221,Alejandro Davidovich Fokina,46,18,0.5612,0.616,0.2378,0.0,1.4363,0.581,0.0,False
2025-0328#384,2025-10-20,Basel,500,SF,Hard,3,200221,Alejandro Davidovich Fokina,200005,Ugo Humbert,18,24,0.6372,0.5898,0.7277,1.0,0.3179,0.0742,1.0,True
2025-0328#383,2025-10-20,Basel,500,SF,Hard,3,211663,Joao Fonseca,144719,Jaume Munar,46,42,0.5814,0.6251,0.2867,0.0,1.2493,0.5088,0.0,False
2025-0328#382,2025-10-20,Basel,500,QF,Hard,3,200005,Ugo Humbert,124187,Reilly Opelka,24,62,0.7435,0.6571,0.843,1.0,0.1708,0.0246,1.0,False
2025-0328#381,2025-10-20,Basel,500,QF,Hard,3,200221,Alejandro Davidovich Fokina,134770,Casper Ruud,18,11,0.6246,0.603,0.6086,1.0,0.4965,0.1532,0.0,True
2025-0328#380,2025-10-20,Basel,500,QF,Hard,3,211663,Joao Fonseca,133430,Denis Shapovalov,46,23,0.6143,0.6471,0.3397,0.0,1.0797,0.436,0.0,True
2025-0328#379,2025-10-20,Basel,500,QF,Hard,3,144719,Jaume Munar,200000,Felix Auger Aliassime,42,12,0.6523,0.6284,0.617,1.0,0.4828,0.1467,0.0,True
2025-0328#378,2025-10-20,Basel,500,R16,Hard,3,200005,Ugo Humbert,126203,Taylor Fritz,24,4,0.6603,0.7077,0.2869,0.0,1.2486,0.5085,0.0,False
2025-0328#377,2025-10-20,Basel,500,R16,Hard,3,124187,Reilly Opelka,122298,Botic Van De Zandschulp,62,82,0.6813,0.6586,0.6078,1.0,0.4979,0.1538,1.0,False
2025-0328#376,2025-10-20,Basel,500,R16,Hard,3,134770,Casper Ruud,104527,Stan Wawrinka,11,158,0.6883,0.5763,0.9199,1.0,0.0835,0.0064,1.0,False
2025-0328#375,2025-10-20,Basel,500,R16,Hard,3,200221,Alejandro Davidovich Fokina,202385,Jenson Brooksby,18,55,0.5922,0.5584,0.6717,1.0,0.3979,0.1078,1.0,False
2025-0328#373,2025-10-20,Basel,500,R16,Hard,3,133430,Denis Shapovalov,208316,Valentin Royer,23,69,0.6293,0.6049,0.6219,1.0,0.4749,0.1429,1.0,False
2025-0328#372,2025-10-20,Basel,500,R16,Hard,3,200000,Felix Auger Aliassime,105227,Marin Cilic,12,89,0.7108,0.6048,0.9023,1.0,0.1028,0.0095,1.0,False
2025-0328#371,2025-10-20,Basel,500,R16,Hard,3,144719,Jaume Munar,210097,Ben Shelton,42,6,0.6518,0.6236,0.6381,1.0,0.4493,0.131,0.0,False
2025-0328#370,2025-10-20,Basel,500,R32,Hard,3,126203,Taylor Fritz,200473,Valentin Vacherot,4,39,0.6882,0.6769,0.5534,1.0,0.5917,0.1995,1.0,False
2025-0328#369,2025-10-20,Basel,500,R32,Hard,3,200005,Ugo Humbert,200624,Sebastian Korda,24,56,0.6576,0.6564,0.5059,1.0,0.6813,0.2441,1.0,False
2025-0328#368,2025-10-20,Basel,500,R32,Hard,3,124187,Reilly Opelka,202104,Sebastian Baez,62,43,0.7076,0.7257,0.4184,0.0,0.8714,0.3383,0.0,False
2025-0328#367,2025-10-20,Basel,500,R32,Hard,3,122298,Botic Van De Zandschulp,208103,Jiri Lehecka,82,17,0.6342,0.6356,0.4929,0.0,0.7075,0.2572,0.0,False
2025-0328#366,2025-10-20,Basel,500,R32,Hard,3,134770,Casper Ruud,111460,Quentin Halys,11,78,0.7051,0.6088,0.8805,1.0,0.1273,0.0143,1.0,False
2025-0328#365,2025-10-20,Basel,500,R32,Hard,3,104527,Stan Wawrinka,200175,Miomir Kecmanovic,158,52,0.6011,0.6663,0.2066,0.0,1.5769,0.6294,0.0,False
2025-0328#364,2025-10-20,Basel,500,R32,Hard,3,202385,Jenson Brooksby,124186,Alexandre Muller,55,44,0.602,0.5503,0.7514,1.0,0.2858,0.0618,0.0,False
2025-0328#363,2025-10-20,Basel,500,R32,Hard,3,200221,Alejandro Davidovich Fokina,132283,Lorenzo Sonego,18,45,0.6483,0.5903,0.7697,1.0,0.2617,0.053,1.0,False
2025-0328#362,2025-10-20,Basel,500,R32,Hard,3,210150,Jakub Mensik,148679,Henry Bernet,19,481,0.6763,0.675,0.5064,1.0,0.6804,0.2436,1.0,False
2025-0328#361,2025-10-20,Basel,500,R32,Hard,3,211663,Joao Fonseca,208659,Giovanni Mpetshi Perricard,46,33,0.7611,0.6989,0.7576,1.0,0.2777,0.0588,0.0,False
2025-0328#360,2025-10-20,Basel,500,R32,Hard,3,208316,Valentin Royer,209920,Raphael Collignon,69,73,0.6556,0.5806,0.8298,1.0,0.1866,0.029,1.0,False
2025-0328#359,2025-10-20,Basel,500,R32,Hard,3,133430,Denis Shapovalov,106218,Marcos Giron,23,57,0.6464,0.5754,0.8183,1.0,0.2005,0.033,1.0,False
2025-0328#358,2025-10-20,Basel,500,R32,Hard,3,200000,Felix Auger Aliassime,209113,Gabriel Diallo,12,41,0.6877,0.6515,0.669,1.0,0.402,0.1096,1.0,False
2025-0328#357,2025-10-20,Basel,500,R32,Hard,3,105227,Marin Cilic,105676,David Goffin,89,104,0.6379,0.627,0.5545,1.0,0.5896,0.1984,1.0,False
2025-0328#356,2025-10-20,Basel,500,R32,Hard,3,144719,Jaume Munar,200329,Remy Bertola,42,268,0.6292,0.5849,0.7158,1.0,0.3343,0.0808,1.0,False
2025-0328#355,2025-10-20,Basel,500,R32,Hard,3,210097,Ben Shelton,111794,Kamil Majchrzak,6,70,0.659,0.655,0.5195,1.0,0.6548,0.2308,1.0,False
2025-0337#385,2025-10-20,Vienna,500,F,Hard,3,206173,Jannik Sinner,100644,Alexander Zverev,2,3,0.6661,0.5445,0.9404,1.0,0.0614,0.0035,1.0,False
2025-0337#384,2025-10-20,Vienna,500,SF,Hard,3,206173,Jannik Sinner,200282,Alex De Minaur,2,7,0.6061,0.5712,0.6755,1.0,0.3924,0.1053,1.0,False
2025-0337#383,2025-10-20,Vienna,500,SF,Hard,3,100644,Alexander Zverev,207518,Lorenzo Musetti,3,8,0.6389,0.6482,0.4542,0.0,0.7892,0.2979,1.0,False
2025-0337#382,2025-10-20,Vienna,500,QF,Hard,3,206173,Jannik Sinner,122330,Alexander Bublik,2,16,0.7294,0.5026,0.9979,1.0,0.0021,0.0,1.0,False
2025-0337#381,2025-10-20,Vienna,500,QF,Hard,3,200282,Alex De Minaur,126610,Matteo Berrettini,7,59,0.6944,0.5629,0.9507,1.0,0.0506,0.0024,1.0,False
2025-0337#380,2025-10-20,Vienna,500,QF,Hard,3,207518,Lorenzo Musetti,144895,Corentin Moutet,8,36,0.5809,0.5516,0.6506,1.0,0.4299,0.1221,1.0,False
2025-0337#378,2025-10-20,Vienna,500,R16,Hard,3,206173,Jannik Sinner,207925,Flavio Cobolli,2,22,0.6852,0.5398,0.9679,1.0,0.0327,0.001,1.0,False
2025-0337#377,2025-10-20,Vienna,500,R16,Hard,3,122330,Alexander Bublik,202103,Francisco Cerundolo,16,21,0.6065,0.6468,0.3054,0.0,1.1862,0.4825,1.0,False
2025-0337#376,2025-10-20,Vienna,500,R16,Hard,3,200282,Alex De Minaur,209209,Filip Misolic,7,95,0.6349,0.5358,0.9018,1.0,0.1034,0.0097,1.0,False
2025-0337#375,2025-10-20,Vienna,500,R16,Hard,3,126610,Matteo Berrettini,111815,Cameron Norrie,59,35,0.6866,0.6419,0.7066,1.0,0.3472,0.0861,0.0,False
2025-0337#374,2025-10-20,Vienna,500,R16,Hard,3,144895,Corentin Moutet,106421,Daniil Medvedev,36,14,0.5721,0.6235,0.2527,0.0,1.3755,0.5585,0.0,False
2025-0337#373,2025-10-20,Vienna,500,R16,Hard,3,207518,Lorenzo Musetti,144869,Tomas Martin Etcheverry,8,60,0.6604,0.5568,0.9077,1.0,0.0969,0.0085,1.0,False
2025-0337#372,2025-10-20,Vienna,500,R16,Hard,3,134868,Tallon Griekspoor,206909,Brandon Nakashima,28,32,0.6433,0.7499,0.1064,0.0,2.2404,0.7985,1.0,False
2025-0337#371,2025-10-20,Vienna,500,R16,Hard,3,100644,Alexander Zverev,208286,Matteo Arnaldi,3,72,0.7171,0.5866,0.9454,1.0,0.0561,0.003,1.0,False
2025-0337#370,2025-10-20,Vienna,500,R32,Hard,3,206173,Jannik Sinner,127157,Daniel Altmaier,2,51,0.7655,0.5169,0.9989,1.0,0.0011,0.0,1.0,False
2025-0337#369,2025-10-20,Vienna,500,R32,Hard,3,207925,Flavio Cobolli,207830,Tomas Machac,22,31,0.5965,0.6183,0.3896,0.0,0.9427,0.3726,1.0,False
2025-0337#368,2025-10-20,Vienna,500,R32,Hard,3,202103,Francisco Cerundolo,210506,Alex Michelsen,21,34,0.6105,0.5779,0.6639,1.0,0.4096,0.1129,1.0,False
2025-0337#367,2025-10-20,Vienna,500,R32,Hard,3,122330,Alexander Bublik,126214,Alejandro Tabilo,16,75,0.7003,0.6316,0.7976,1.0,0.2261,0.041,1.0,False
2025-0337#366,2025-10-20,Vienna,500,R32,Hard,3,200282,Alex De Minaur,200514,Jurij Rodionov,7,154,0.6553,0.5583,0.8933,1.0,0.1128,0.0114,1.0,False
2025-0337#365,2025-10-20,Vienna,500,R32,Hard,3,209209,Filip Misolic,200116,Camilo Ugo Carabelli,95,50,0.618,0.5945,0.6188,1.0,0.48,0.1453,0.0,False
2025-0337#364,2025-10-20,Vienna,500,R32,Hard,3,126610,Matteo Berrettini,200615,Alexei Popyrin,59,48,0.7428,0.6337,0.901,1.0,0.1042,0.0098,0.0,False
2025-0337#363,2025-10-20,Vienna,500,R32,Hard,3,111815,Cameron Norrie,126094,Andrey Rublev,35,15,0.6098,0.6557,0.2824,0.0,1.2644,0.5149,0.0,False
2025-0337#362,2025-10-20,Vienna,500,R32,Hard,3,106421,Daniil Medvedev,132686,Nuno Borges,14,47,0.6226,0.5745,0.7334,1.0,0.3101,0.0711,1.0,False
2025-0337#361,2025-10-20,Vienna,500,R32,Hard,3,144895,Corentin Moutet,106000,Damir Dzumhur,36,63,0.5795,0.561,0.5962,1.0,0.5173,0.1631,1.0,False
2025-0337#360,2025-10-20,Vienna,500,R32,Hard,3,144869,Tomas Martin Etcheverry,149282,Nicolai Budkov Kjaer,60,137,0.622,0.6137,0.5421,1.0,0.6123,0.2097,1.0,False
2025-0337#359,2025-10-20,Vienna,500,R32,Hard,3,207518,Lorenzo Musetti,209098,Hamad Medjedovic,8,67,0.6676,0.5853,0.8507,1.0,0.1617,0.0223,1.0,False
2025-0337#358,2025-10-20,Vienna,500,R32,Hard,3,134868,Tallon Griekspoor,111575,Karen Khachanov,28,13,0.6033,0.7103,0.0953,0.0,2.3504,0.8184,0.0,False
2025-0337#357,2025-10-20,Vienna,500,R32,Hard,3,206909,Brandon Nakashima,209260,Luciano Darderi,32,26,0.6714,0.6501,0.6024,1.0,0.5069,0.1581,0.0,False
2025-0337#356,2025-10-20,Vienna,500,R32,Hard,3,208286,Matteo Arnaldi,206499,Aleksandar Kovacevic,72,65,0.6438,0.6466,0.4862,0.0,0.7211,0.264,0.0,False
2025-0337#355,2025-10-20,Vienna,500,R32,Hard,3,100644,Alexander Zverev,207985,Jacob Fearnley,3,81,0.6464,0.5506,0.8919,1.0,0.1143,0.0117,1.0,False
2025-0352#373,2025-10-27,Paris Masters,M,F,Hard,3,206173,Jannik Sinner,200000,Felix Auger Aliassime,2,10,0.7579,0.5324,0.9972,1.0,0.0028,0.0,1.0,False
2025-0352#372,2025-10-27,Paris Masters,M,SF,Hard,3,200000,Felix Auger Aliassime,122330,Alexander Bublik,10,16,0.676,0.6269,0.7273,1.0,0.3185,0.0744,1.0,False
2025-0352#371,2025-10-27,Paris Masters,M,SF,Hard,3,206173,Jannik Sinner,100644,Alexander Zverev,2,3,0.689,0.5514,0.959,1.0,0.0418,0.0017,1.0,False
2025-0352#370,2025-10-27,Paris Masters,M,QF,Hard,3,200000,Felix Auger Aliassime,200473,Valentin Vacherot,10,40,0.6513,0.6471,0.5207,1.0,0.6526,0.2297,1.0,False
2025-0352#369,2025-10-27,Paris Masters,M,QF,Hard,3,122330,Alexander Bublik,200282,Alex De Minaur,16,6,0.639,0.6995,0.2323,0.0,1.4596,0.5893,0.0,False
2025-0352#368,2025-10-27,Paris Masters,M,QF,Hard,3,100644,Alexander Zverev,106421,Daniil Medvedev,3,13,0.6529,0.6048,0.7282,1.0,0.3172,0.0739,1.0,False
2025-0352#367,2025-10-27,Paris Masters,M,QF,Hard,3,206173,Jannik Sinner,210097,Ben Shelton,2,7,0.7168,0.5314,0.99,1.0,0.01,0.0001,1.0,False
2025-0352#366,2025-10-27,Paris Masters,M,R16,Hard,3,200473,Valentin Vacherot,111815,Cameron Norrie,40,31,0.637,0.6039,0.6631,1.0,0.4108,0.1135,0.0,False
2025-0352#365,2025-10-27,Paris Masters,M,R16,Hard,3,200000,Felix Auger Aliassime,127157,Daniel Altmaier,10,50,0.7115,0.6026,0.9085,1.0,0.096,0.0084,1.0,False
2025-0352#364,2025-10-27,Paris Masters,M,R16,Hard,3,122330,Alexander Bublik,126203,Taylor Fritz,16,4,0.5496,0.6917,0.0362,0.0,3.32,0.929,0.0,False
2025-0352#363,2025-10-27,Paris Masters,M,R16,Hard,3,200282,Alex De Minaur,111575,Karen Khachanov,6,14,0.653,0.5738,0.8441,1.0,0.1695,0.0243,1.0,False
2025-0352#362,2025-10-27,Paris Masters,M,R16,Hard,3,106421,Daniil Medvedev,132283,Lorenzo Sonego,13,45,0.629,0.5755,0.7549,1.0,0.2811,0.0601,1.0,False
2025-0352#361,2025-10-27,Paris Masters,M,R16,Hard,3,100644,Alexander Zverev,200221,Alejandro Davidovich Fokina,3,15,0.6208,0.613,0.5397,1.0,0.6168,0.2119,1.0,False
2025-0352#360,2025-10-27,Paris Masters,M,R16,Hard,3,210097,Ben Shelton,126094,Andrey Rublev,7,17,0.6622,0.6661,0.481,0.0,0.7319,0.2694,1.0,False
2025-0352#359,2025-10-27,Paris Masters,M,R16,Hard,3,206173,Jannik Sinner,202103,Francisco Cerundolo,2,21,0.6244,0.5433,0.8554,1.0,0.1562,0.0209,1.0,False
2025-0352#358,2025-10-27,Paris Masters,M,R32,Hard,3,111815,Cameron Norrie,207989,Carlos Alcaraz,31,1,0.5227,0.6697,0.0291,0.0,3.5365,0.9426,0.0,False
2025-0352#357,2025-10-27,Paris Masters,M,R32,Hard,3,200473,Valentin Vacherot,126239,Arthur Rinderknech,40,29,0.7031,0.622,0.8382,1.0,0.1765,0.0262,0.0,False
2025-0352#356,2025-10-27,Paris Masters,M,R32,Hard,3,200000,Felix Auger Aliassime,124186,Alexandre Muller,10,44,0.6955,0.5884,0.9083,1.0,0.0961,0.0084,1.0,False
2025-0352#355,2025-10-27,Paris Masters,M,R32,Hard,3,127157,Daniel Altmaier,134770,Casper Ruud,50,9,0.5824,0.6972,0.0767,0.0,2.5677,0.8525,0.0,False
2025-0352#354,2025-10-27,Paris Masters,M,R32,Hard,3,126203,Taylor Fritz,126846,Aleksandar Vukic,4,103,0.7569,0.6199,0.9469,1.0,0.0546,0.0028,1.0,False
2025-0352#353,2025-10-27,Paris Masters,M,R32,Hard,3,122330,Alexander Bublik,144895,Corentin Moutet,16,32,0.6514,0.6367,0.5725,1.0,0.5578,0.1828,1.0,False
2025-0352#352,2025-10-27,Paris Masters,M,R32,Hard,3,111575,Karen Khachanov,211663,Joao Fonseca,14,28,0.6505,0.6183,0.6567,1.0,0.4205,0.1178,1.0,False
2025-0352#351,2025-10-27,Paris Masters,M,R32,Hard,3,200282,Alex De Minaur,209113,Gabriel Diallo,6,42,0.686,0.5619,0.9414,1.0,0.0604,0.0034,1.0,False
2025-0352#350,2025-10-27,Paris Masters,M,R32,Hard,3,132283,Lorenzo Sonego,207518,Lorenzo Musetti,45,8,0.5773,0.6863,0.0859,0.0,2.4546,0.8356,0.0,False
2025-0352#348,2025-10-27,Paris Masters,M,R32,Hard,3,200221,Alejandro Davidovich Fokina,209070,Arthur Cazaux,15,62,0.6541,0.5784,0.8328,1.0,0.1829,0.0279,1.0,False
2025-0352#347,2025-10-27,Paris Masters,M,R32,Hard,3,100644,Alexander Zverev,200116,Camilo Ugo Carabelli,3,49,0.6815,0.57,0.9201,1.0,0.0833,0.0064,1.0,False
2025-0352#346,2025-10-27,Paris Masters,M,R32,Hard,3,210097,Ben Shelton,207925,Flavio Cobolli,7,23,0.6596,0.6343,0.6231,1.0,0.473,0.142,1.0,False
2025-0352#345,2025-10-27,Paris Masters,M,R32,Hard,3,126094,Andrey Rublev,210530,Learner Tien,17,39,0.6354,0.5876,0.7298,1.0,0.315,0.073,1.0,False
2025-0352#344,2025-10-27,Paris Masters,M,R32,Hard,3,202103,Francisco Cerundolo,200175,Miomir Kecmanovic,21,53,0.6091,0.5619,0.7315,1.0,0.3127,0.0721,1.0,False
2025-0352#343,2025-10-27,Paris Masters,M,R32,Hard,3,206173,Jannik Sinner,200267,Zizou Bergs,2,41,0.7034,0.5468,0.9755,1.0,0.0248,0.0006,1.0,False
2025-0352#342,2025-10-27,Paris Masters,M,R64,Hard,3,111815,Cameron Norrie,202104,Sebastian Baez,31,43,0.5921,0.5794,0.5654,1.0,0.5701,0.1888,1.0,False
2025-0352#341,2025-10-27,Paris Masters,M,R64,Hard,3,126239,Arthur Rinderknech,206681,Fabian Marozsan,29,48,0.6529,0.682,0.362,0.0,1.0162,0.4071,1.0,False
2025-0352#340,2025-10-27,Paris Masters,M,R64,Hard,3,200473,Valentin Vacherot,208103,Jiri Lehecka,40,18,0.6532,0.6501,0.515,1.0,0.6636,0.2352,0.0,False
2025-0352#339,2025-10-27,Paris Masters,M,R64,Hard,3,200000,Felix Auger Aliassime,207681,Francisco Comesana,10,68,0.6796,0.6214,0.7632,1.0,0.2702,0.0561,1.0,False
2025-0352#338,2025-10-27,Paris Masters,M,R64,Hard,3,124186,Alexandre Muller,206909,Brandon Nakashima,44,33,0.6125,0.6709,0.2338,0.0,1.4533,0.5871,0.0,False
2025-0352#337,2025-10-27,Paris Masters,M,R64,Hard,3,127157,Daniel Altmaier,106218,Marcos Giron,50,65,0.6124,0.6549,0.2966,0.0,1.2154,0.4948,1.0,False
2025-0352#336,2025-10-27,Paris Masters,M,R64,Hard,3,126846,Aleksandar Vukic,209279,Terence Atmane,103,69,0.6208,0.6412,0.3988,0.0,0.9192,0.3614,0.0,False
2025-0352#335,2025-10-27,Paris Masters,M,R64,Hard,3,144895,Corentin Moutet,124187,Reilly Opelka,32,52,0.6996,0.667,0.6512,1.0,0.4289,0.1217,1.0,False
2025-0352#334,2025-10-27,Paris Masters,M,R64,Hard,3,122330,Alexander Bublik,200615,Alexei Popyrin,16,47,0.6497,0.6245,0.6233,1.0,0.4727,0.1419,1.0,False
2025-0352#333,2025-10-27,Paris Masters,M,R64,Hard,3,111575,Karen Khachanov,210319,Ethan Quinn,14,71,0.6583,0.6026,0.7583,1.0,0.2766,0.0584,1.0,False
2025-0352#332,2025-10-27,Paris Masters,M,R64,Hard,3,211663,Joao Fonseca,133430,Denis Shapovalov,28,24,0.6079,0.6432,0.3277,0.0,1.1156,0.452,0.0,False
2025-0352#331,2025-10-27,Paris Masters,M,R64,Hard,3,209113,Gabriel Diallo,134868,Tallon Griekspoor,42,25,0.6947,0.6582,0.6696,1.0,0.4011,0.1092,0.0,False
2025-0352#330,2025-10-27,Paris Masters,M,R64,Hard,3,132283,Lorenzo Sonego,200624,Sebastian Korda,45,54,0.6401,0.6731,0.3431,0.0,1.0698,0.4315,1.0,False
2025-0352#329,2025-10-27,Paris Masters,M,R64,Hard,3,105777,Grigor Dimitrov,208659,Giovanni Mpetshi Perricard,38,56,0.7373,0.6163,0.9259,1.0,0.077,0.0055,1.0,False
2025-0352#328,2025-10-27,Paris Masters,M,R64,Hard,3,106421,Daniil Medvedev,144719,Jaume Munar,13,36,0.646,0.6234,0.6118,1.0,0.4914,0.1507,1.0,False
2025-0352#327,2025-10-27,Paris Masters,M,R64,Hard,3,200221,Alejandro Davidovich Fokina,208316,Valentin Royer,15,59,0.6342,0.5857,0.7332,1.0,0.3103,0.0712,1.0,False
2025-0352#326,2025-10-27,Paris Masters,M,R64,Hard,3,209070,Arthur Cazaux,209260,Luciano Darderi,62,27,0.6454,0.6566,0.4447,0.0,0.8104,0.3084,0.0,False
2025-0352#325,2025-10-27,Paris Masters,M,R64,Hard,3,200116,Camilo Ugo Carabelli,144869,Tomas Martin Etcheverry,49,58,0.5862,0.6476,0.2172,0.0,1.527,0.6128,1.0,False
2025-0352#324,2025-10-27,Paris Masters,M,R64,Hard,3,207925,Flavio Cobolli,207830,Tomas Machac,23,34,0.6016,0.6214,0.3997,0.0,0.917,0.3604,1.0,False
2025-0352#323,2025-10-27,Paris Masters,M,R64,Hard,3,210530,Learner Tien,132686,Nuno Borges,39,46,0.5798,0.6027,0.383,0.0,0.9597,0.3807,1.0,False
2025-0352#322,2025-10-27,Paris Masters,M,R64,Hard,3,126094,Andrey Rublev,207985,Jacob Fearnley,17,78,0.6378,0.5758,0.7871,1.0,0.2394,0.0453,1.0,False
2025-0352#321,2025-10-27,Paris Masters,M,R64,Hard,3,202103,Francisco Cerundolo,106000,Damir Dzumhur,21,63,0.6068,0.5435,0.7971,1.0,0.2268,0.0412,1.0,False
2025-0352#320,2025-10-27,Paris Masters,M,R64,Hard,3,200175,Miomir Kecmanovic,206499,Aleksandar Kovacevic,53,64,0.6676,0.6277,0.6893,1.0,0.3721,0.0966,1.0,False
2025-0352#319,2025-10-27,Paris Masters,M,R64,Hard,3,200267,Zizou Bergs,210506,Alex Michelsen,41,35,0.6115,0.6074,0.5211,1.0,0.6518,0.2293,0.0,False
2025-0341#385,2025-11-02,Metz,250,F,Hard,3,210530,Learner Tien,111815,Cameron Norrie,38,27,0.5779,0.6043,0.3658,0.0,1.0055,0.4021,0.0,False
2025-0341#384,2025-11-02,Metz,250,SF,Hard,3,111815,Cameron Norrie,132283,Lorenzo Sonego,27,42,0.6494,0.6459,0.5174,1.0,0.659,0.2329,1.0,False
2025-0341#383,2025-11-02,Metz,250,SF,Hard,3,210530,Learner Tien,126964,Vitaliy Sachko,38,222,0.5643,0.5562,0.5432,1.0,0.6103,0.2087,1.0,False
2025-0341#382,2025-11-02,Metz,250,QF,Hard,3,111815,Cameron Norrie,208021,Kyrian Jacquet,27,156,0.6214,0.5896,0.6584,1.0,0.4179,0.1167,1.0,False
2025-0341#381,2025-11-02,Metz,250,QF,Hard,3,132283,Lorenzo Sonego,127157,Daniel Altmaier,42,46,0.6752,0.6426,0.6552,1.0,0.4229,0.1189,1.0,False
2025-0341#380,2025-11-02,Metz,250,QF,Hard,3,126964,Vitaliy Sachko,202127,Clement Tabur,222,243,0.5733,0.5668,0.5342,1.0,0.627,0.217,1.0,False
2025-0341#379,2025-11-02,Metz,250,QF,Hard,3,210530,Learner Tien,126610,Matteo Berrettini,38,63,0.6221,0.6551,0.3403,0.0,1.0778,0.4352,1.0,False
2025-0341#378,2025-11-02,Metz,250,R16,Hard,3,208021,Kyrian Jacquet,200385,Dan Added,156,204,0.5976,0.6242,0.3665,0.0,1.0037,0.4013,1.0,False
2025-0341#377,2025-11-02,Metz,250,R16,Hard,3,111815,Cameron Norrie,209070,Arthur Cazaux,27,69,0.6485,0.6185,0.6466,1.0,0.436,0.1249,1.0,False
2025-0341#376,2025-11-02,Metz,250,R16,Hard,3,132283,Lorenzo Sonego,207925,Flavio Cobolli,42,22,0.6237,0.6274,0.4815,0.0,0.7308,0.2688,0.0,False
2025-0341#375,2025-11-02,Metz,250,R16,Hard,3,127157,Daniel Altmaier,200384,Hugo Gaston,46,98,0.6232,0.5895,0.6679,1.0,0.4037,0.1103,1.0,True
2025-0341#374,2025-11-02,Metz,250,R16,Hard,3,202127,Clement Tabur,210696,Alexander Blockx,243,102,0.579,0.6192,0.3014,0.0,1.1994,0.4881,0.0,False
2025-0341#373,2025-11-02,Metz,250,R16,Hard,3,126964,Vitaliy Sachko,122330,Alexander Bublik,222,13,0.6015,0.6832,0.1548,0.0,1.8657,0.7144,0.0,False
2025-0341#372,2025-11-02,Metz,250,R16,Hard,3,126610,Matteo Berrettini,126846,Aleksandar Vukic,63,87,0.7385,0.6418,0.8727,1.0,0.1362,0.0162,1.0,False
2025-0341#371,2025-11-02,Metz,250,R16,Hard,3,210530,Learner Tien,121411,Moez Echargui,38,140,0.5894,0.6192,0.3506,0.0,1.0481,0.4217,1.0,False
2025-0341#370,2025-11-02,Metz,250,R32,Hard,3,208021,Kyrian Jacquet,209414,Luca Van Assche,156,172,0.6164,0.6145,0.5096,1.0,0.6742,0.2405,1.0,False
2025-0341#369,2025-11-02,Metz,250,R32,Hard,3,209070,Arthur Cazaux,105173,Adrian Mannarino,69,71,0.6191,0.6611,0.3002,0.0,1.2032,0.4897,1.0,False
2025-0341#368,2025-11-02,Metz,250,R32,Hard,3,111815,Cameron Norrie,208316,Valentin Royer,27,56,0.6316,0.6338,0.4889,0.0,0.7155,0.2612,1.0,False
2025-0341#367,2025-11-02,Metz,250,R32,Hard,3,132283,Lorenzo Sonego,123828,Jan Choinski,42,126,0.6428,0.648,0.4746,0.0,0.7453,0.276,1.0,False
2025-0341#366,2025-11-02,Metz,250,R32,Hard,3,200384,Hugo Gaston,209279,Terence Atmane,98,66,0.5658,0.6234,0.2273,0.0,1.4814,0.597,0.0,False
2025-0341#365,2025-11-02,Metz,250,R32,Hard,3,127157,Daniel Altmaier,126239,Arthur Rinderknech,46,28,0.668,0.6772,0.4557,0.0,0.7859,0.2962,0.0,False
2025-0341#364,2025-11-02,Metz,250,R32,Hard,3,202127,Clement Tabur,206499,Aleksandar Kovacevic,243,62,0.6356,0.64,0.4784,0.0,0.7373,0.2721,0.0,False
2025-0341#363,2025-11-02,Metz,250,R32,Hard,3,210696,Alexander Blockx,208859,Francesco Passaro,102,129,0.6266,0.6052,0.6081,1.0,0.4975,0.1536,1.0,False
2025-0341#362,2025-11-02,Metz,250,R32,Hard,3,126964,Vitaliy Sachko,208659,Giovanni Mpetshi Perricard,222,59,0.6449,0.6658,0.3992,0.0,0.9184,0.361,0.0,False
2025-0341#361,2025-11-02,Metz,250,R32,Hard,3,126846,Aleksandar Vukic,144895,Corentin Moutet,87,31,0.5903,0.657,0.1991,0.0,1.614,0.6415,0.0,False
2025-0341#360,2025-11-02,Metz,250,R32,Hard,3,126610,Matteo Berrettini,111460,Quentin Halys,63,84,0.7464,0.6126,0.9445,1.0,0.0571,0.0031,1.0,False
2025-0341#359,2025-11-02,Metz,250,R32,Hard,3,210530,Learner Tien,200259,Ugo Blanchet,38,143,0.6117,0.5903,0.6089,1.0,0.4961,0.1529,1.0,False
2025-5100#385,2025-11-02,Athens,250,F,Hard,3,104925,Novak Djokovic,207518,Lorenzo Musetti,5,9,0.6684,0.6375,0.6481,1.0,0.4337,0.1238,1.0,False
2025-5100#384,2025-11-02,Athens,250,SF,Hard,3,104925,Novak Djokovic,105870,Yannick Hanfmann,5,117,0.7504,0.5894,0.9735,1.0,0.0268,0.0007,1.0,False
2025-5100#383,2025-11-02,Athens,250,SF,Hard,3,207518,Lorenzo Musetti,200624,Sebastian Korda,9,52,0.6775,0.5864,0.8735,1.0,0.1353,0.016,1.0,False
2025-5100#382,2025-11-02,Athens,250,QF,Hard,3,104925,Novak Djokovic,132686,Nuno Borges,5,47,0.6967,0.5731,0.9387,1.0,0.0633,0.0038,1.0,False
2025-5100#381,2025-11-02,Athens,250,QF,Hard,3,105870,Yannick Hanfmann,106218,Marcos Giron,117,72,0.6386,0.6488,0.4498,0.0,0.7989,0.3027,0.0,False
2025-5100#380,2025-11-02,Athens,250,QF,Hard,3,200624,Sebastian Korda,200175,Miomir Kecmanovic,52,54,0.6475,0.6398,0.5378,1.0,0.6202,0.2136,1.0,False
2025-5100#379,2025-11-02,Athens,250,QF,Hard,3,207518,Lorenzo Musetti,124186,Alexandre Muller,9,43,0.6341,0.5479,0.8687,1.0,0.1408,0.0173,1.0,False
2025-5100#378,2025-11-02,Athens,250,R16,Hard,3,104925,Novak Djokovic,126214,Alejandro Tabilo,5,89,0.7646,0.5613,0.993,1.0,0.0071,0.0,1.0,False
2025-5100#377,2025-11-02,Athens,250,R16,Hard,3,132686,Nuno Borges,208118,Eliot Spizzirri,47,96,0.5919,0.6616,0.1893,0.0,1.6646,0.6573,1.0,False
2025-5100#376,2025-11-02,Athens,250,R16,Hard,3,106218,Marcos Giron,206909,Brandon Nakashima,72,33,0.6447,0.6485,0.4812,0.0,0.7315,0.2692,0.0,False
2025-5100#375,2025-11-02,Athens,250,R16,Hard,3,105870,Yannick Hanfmann,200240,Vit Kopriva,117,92,0.6078,0.5906,0.5878,1.0,0.5314,0.1699,0.0,False
2025-5100#374,2025-11-02,Athens,250,R16,Hard,3,200624,Sebastian Korda,106000,Damir Dzumhur,52,58,0.6125,0.5927,0.6007,1.0,0.5096,0.1594,1.0,False
2025-5100#373,2025-11-02,Athens,250,R16,Hard,3,200175,Miomir Kecmanovic,209260,Luciano Darderi,54,26,0.6214,0.6223,0.4956,0.0,0.702,0.2544,0.0,False
2025-5100#372,2025-11-02,Athens,250,R16,Hard,3,124186,Alexandre Muller,144869,Tomas Martin Etcheverry,43,60,0.6017,0.6439,0.2963,0.0,1.2163,0.4952,1.0,False
2025-5100#371,2025-11-02,Athens,250,R16,Hard,3,207518,Lorenzo Musetti,104527,Stan Wawrinka,9,159,0.6821,0.5528,0.9495,1.0,0.0518,0.0026,1.0,False
2025-5100#370,2025-11-02,Athens,250,R32,Hard,3,126214,Alejandro Tabilo,200443,Adam Walton,89,83,0.6338,0.65,0.42,0.0,0.8676,0.3364,0.0,False
2025-5100#369,2025-11-02,Athens,250,R32,Hard,3,208118,Eliot Spizzirri,111513,Laslo Djere,96,82,0.6594,0.6167,0.7032,1.0,0.3521,0.0881,0.0,False
2025-5100#368,2025-11-02,Athens,250,R32,Hard,3,132686,Nuno Borges,208852,Stefanos Sakellaridis,47,277,0.6197,0.6308,0.4438,0.0,0.8123,0.3093,1.0,False
2025-5100#367,2025-11-02,Athens,250,R32,Hard,3,106218,Marcos Giron,124079,Pedro Martinez,72,95,0.6084,0.5508,0.7748,1.0,0.2552,0.0507,1.0,False
2025-5100#366,2025-11-02,Athens,250,R32,Hard,3,105870,Yannick Hanfmann,129814,Ivan Ivanov,117,935,0.6162,0.6104,0.5295,1.0,0.6359,0.2214,1.0,False
2025-5100#365,2025-11-02,Athens,250,R32,Hard,3,200240,Vit Kopriva,124187,Reilly Opelka,92,50,0.6058,0.7066,0.1088,0.0,2.2184,0.7943,0.0,False
2025-5100#364,2025-11-02,Athens,250,R32,Hard,3,200624,Sebastian Korda,200615,Alexei Popyrin,52,53,0.6861,0.6295,0.7559,1.0,0.2799,0.0596,1.0,False
2025-5100#363,2025-11-02,Athens,250,R32,Hard,3,106000,Damir Dzumhur,207985,Jacob Fearnley,58,73,0.5698,0.5958,0.3668,0.0,1.0031,0.401,1.0,False
2025-5100#362,2025-11-02,Athens,250,R32,Hard,3,200175,Miomir Kecmanovic,111794,Kamil Majchrzak,54,68,0.6179,0.6379,0.4,0.0,0.9163,0.36,1.0,False
2025-5100#361,2025-11-02,Athens,250,R32,Hard,3,124186,Alexandre Muller,105526,Jan Lennard Struff,43,101,0.6188,0.6591,0.3078,0.0,1.1783,0.4791,1.0,False
2025-5100#360,2025-11-02,Athens,250,R32,Hard,3,144869,Tomas Martin Etcheverry,111456,Mackenzie Mcdonald,60,110,0.6581,0.6189,0.6879,1.0,0.3741,0.0974,1.0,False
2025-5100#359,2025-11-02,Athens,250,R32,Hard,3,104527,Stan Wawrinka,122298,Botic Van De Zandschulp,159,80,0.596,0.6054,0.4513,0.0,0.7956,0.301,0.0,False
2025-0605#385,2025-11-09,Tour Finals,F,F,Hard,3,206173,Jannik Sinner,207989,Carlos Alcaraz,2,1,0.6067,0.6118,0.4739,0.0,0.7467,0.2768,0.0,False
2025-0605#384,2025-11-09,Tour Finals,F,SF,Hard,3,207989,Carlos Alcaraz,200000,Felix Auger Aliassime,1,8,0.7204,0.5749,0.9635,1.0,0.0372,0.0013,1.0,False
2025-0605#383,2025-11-09,Tour Finals,F,SF,Hard,3,206173,Jannik Sinner,200282,Alex De Minaur,2,7,0.631,0.5987,0.6597,1.0,0.416,0.1158,1.0,False
2025-0605#382,2025-11-09,Tour Finals,F,RR,Hard,3,207989,Carlos Alcaraz,207518,Lorenzo Musetti,1,9,0.645,0.5589,0.8662,1.0,0.1436,0.0179,1.0,False
2025-0605#381,2025-11-09,Tour Finals,F,RR,Hard,3,207989,Carlos Alcaraz,126203,Taylor Fritz,1,6,0.7015,0.5407,0.9788,1.0,0.0215,0.0005,1.0,False
2025-0605#380,2025-11-09,Tour Finals,F,RR,Hard,3,207989,Carlos Alcaraz,200282,Alex De Minaur,1,7,0.6164,0.5874,0.646,1.0,0.4369,0.1253,1.0,False
2025-0605#379,2025-11-09,Tour Finals,F,RR,Hard,3,126203,Taylor Fritz,207518,Lorenzo Musetti,6,9,0.6356,0.7141,0.1729,0.0,1.7551,0.6841,1.0,False
2025-0605#378,2025-11-09,Tour Finals,F,RR,Hard,3,207518,Lorenzo Musetti,200282,Alex De Minaur,9,7,0.5682,0.6184,0.2574,0.0,1.357,0.5514,0.0,False
2025-0605#377,2025-11-09,Tour Finals,F,RR,Hard,3,200282,Alex De Minaur,126203,Taylor Fritz,7,6,0.6869,0.5868,0.8942,1.0,0.1118,0.0112,0.0,False
2025-0605#376,2025-11-09,Tour Finals,F,RR,Hard,3,206173,Jannik Sinner,100644,Alexander Zverev,2,3,0.7017,0.5535,0.9686,1.0,0.0319,0.001,1.0,False
2025-0605#375,2025-11-09,Tour Finals,F,RR,Hard,3,206173,Jannik Sinner,210097,Ben Shelton,2,5,0.7308,0.5291,0.9941,1.0,0.0059,0.0,1.0,False
2025-0605#374,2025-11-09,Tour Finals,F,RR,Hard,3,206173,Jannik Sinner,200000,Felix Auger Aliassime,2,8,0.7642,0.5411,0.9967,1.0,0.0033,0.0,1.0,False
2025-0605#373,2025-11-09,Tour Finals,F,RR,Hard,3,100644,Alexander Zverev,210097,Ben Shelton,3,5,0.6904,0.6243,0.7905,1.0,0.2351,0.0439,1.0,False
2025-0605#372,2025-11-09,Tour Finals,F,RR,Hard,3,200000,Felix Auger Aliassime,100644,Alexander Zverev,8,3,0.6294,0.6998,0.1962,0.0,1.6286,0.6461,0.0,False
2025-0605#371,2025-11-09,Tour Finals,F,RR,Hard,3,200000,Felix Auger Aliassime,210097,Ben Shelton,8,5,0.6877,0.6544,0.6558,1.0,0.4219,0.1185,0.0,False
